Jahr;Quartal;Stadtbezirk mit zugeordneten Ortschaften;Stadtraum;Insgesamt;Männer;Frauen;Deutsche;Ausländer;Anzahl unter 25 Jahre;Anzahl 25 bis 34 Jahre;Anzahl 35 bis 44 Jahre;Anzahl 45 bis 54 Jahre;Anzahl über 55 Jahre;ohne Berufsausbildung;mit Berufsausbildung;mit akademischer Ausbildung;ausschließlich geringfügig Beschäftigte
2017;3. Quartal;StB 0 Altstadt;01 StB Altstadt ohne Johannstadt;11719;6527;5192;10237;1478;1606;5002;2085;1597;1429;1420;5742;3600;1748
2017;3. Quartal;StB 0 Altstadt;02 Johannstadt;7867;3982;3885;7087;777;710;2665;1715;1520;1257;705;4110;2536;1083
2017;3. Quartal;StB 1 Neustadt;03 StB Neustadt ohne Leipziger Vorstadt;16410;8693;7717;15069;1332;1087;6499;4564;2861;1399;1211;6191;7984;1777
2017;3. Quartal;StB 1 Neustadt;04 Leipziger Vorstadt, Pieschen;5972;3232;2740;5631;339;506;2569;1743;766;388;488;2652;2459;719
2017;3. Quartal;StB 2 Pieschen;04 Leipziger Vorstadt, Pieschen;11747;6229;5518;11210;532;994;4495;3168;1887;1203;983;6721;3282;993
2017;3. Quartal;StB 2 Pieschen;05 Mickten, Kaditz, Trachau;13134;6648;6486;12745;389;921;3819;3388;2987;2019;805;8616;2847;967
2017;3. Quartal;StB 3 Klotzsche/nördliche Ortschaften;06 StB Klotzsche und nördliche OS;12536;6351;6185;12257;276;708;2149;3048;3795;2836;612;7561;3625;931
2017;3. Quartal;StB 4 Loschwitz/OS Schönfeld-Weißig;07 StB Loschwitz und OS Schönfeld-Weißig;12277;5929;6348;11898;374;630;2026;3227;3688;2706;559;6565;4365;1103
2017;3. Quartal;StB 5 Blasewitz;08 Blasewitz, Striesen;21130;10285;10845;20214;908;1315;6355;5490;4990;2980;1155;10190;8682;1701
2017;3. Quartal;StB 5 Blasewitz;09 Tolkewitz, Seidnitz, Gruna;15523;7651;7872;15044;479;1161;4328;3626;3754;2654;1011;10123;3393;1379
2017;3. Quartal;StB 6 Leuben;10 StB Leuben;15432;7667;7765;15132;299;1060;3415;3642;4315;3000;1006;10422;3038;1331
2017;3. Quartal;StB 7 Prohlis;11 Prohlis, Reick (mit Sternhäuser, Am Koitschgraben);7497;4057;3440;6934;562;801;1861;1617;1690;1528;906;5011;818;1083
2017;3. Quartal;StB 7 Prohlis;12 Niedersedlitz, Leubnitz, Strehlen (ohne Sternhäuser, Am Koitschgraben);14120;7083;7037;13706;413;999;3291;3221;3718;2891;898;8389;3930;1364
2017;3. Quartal;StB 8 Plauen;13 Südvorstadt, Zschertnitz;10282;5736;4546;8933;1342;1148;3859;2049;1721;1505;1155;4484;3902;2149
2017;3. Quartal;StB 8 Plauen;14 Mockritz, Coschütz, Plauen;10261;5208;5053;9810;449;617;2810;2523;2338;1973;578;5057;4041;992
2017;3. Quartal;StB 9 Cotta/westliche Ortschaften;15 Cotta, Löbtau, Naußlitz, Dölzschen;20160;10497;9663;19468;687;1822;7831;4583;3373;2551;1587;11555;5836;2023
2017;3. Quartal;StB 9 Cotta/westliche Ortschaften;16 Gorbitz;7391;4114;3277;6839;549;797;2001;1443;1291;1859;926;4906;764;970
2017;3. Quartal;StB 9 Cotta/westliche Ortschaften;17 Briesnitz und westliche OS;10031;4982;5049;9894;137;559;1969;2461;2768;2274;499;6620;2322;795
2017;3. Quartal;unbekannt;00 unbekannt;345;166;179;312;33;28;89;103;84;41;31;193;93;64
2017;4. Quartal;StB 0 Altstadt;01 StB Altstadt ohne Johannstadt;11851;6608;5243;10332;1513;1672;5038;2105;1587;1449;1448;5763;3677;1755
2017;4. Quartal;StB 0 Altstadt;02 Johannstadt;7873;4003;3870;7076;795;701;2637;1750;1511;1274;693;4088;2573;1090
2017;4. Quartal;StB 1 Neustadt;03 StB Neustadt ohne Leipziger Vorstadt;16492;8759;7733;15131;1352;1110;6495;4610;2863;1414;1237;6171;8100;1836
2017;4. Quartal;StB 1 Neustadt;04 Leipziger Vorstadt, Pieschen;6000;3231;2769;5661;337;519;2561;1756;775;389;517;2645;2482;753
2017;4. Quartal;StB 2 Pieschen;04 Leipziger Vorstadt, Pieschen;11826;6269;5557;11257;565;988;4516;3215;1886;1221;973;6757;3331;1010
2017;4. Quartal;StB 2 Pieschen;05 Mickten, Kaditz, Trachau;13078;6586;6492;12693;385;908;3737;3418;2969;2046;795;8594;2839;963
2017;4. Quartal;StB 3 Klotzsche/nördliche Ortschaften;06 StB Klotzsche und nördliche OS;12505;6318;6187;12229;273;701;2118;3062;3744;2880;606;7527;3647;939
2017;4. Quartal;StB 4 Loschwitz/OS Schönfeld-Weißig;07 StB Loschwitz und OS Schönfeld-Weißig;12278;5947;6331;11900;373;613;2016;3238;3686;2725;555;6545;4401;1105
2017;4. Quartal;StB 5 Blasewitz;08 Blasewitz, Striesen;21141;10284;10857;20194;939;1316;6261;5569;4964;3031;1124;10154;8808;1731
2017;4. Quartal;StB 5 Blasewitz;09 Tolkewitz, Seidnitz, Gruna;15496;7609;7887;14995;501;1145;4289;3642;3710;2710;1008;10112;3402;1404
2017;4. Quartal;StB 6 Leuben;10 StB Leuben;15365;7624;7741;15065;299;1040;3361;3669;4259;3036;1004;10388;3047;1320
2017;4. Quartal;StB 7 Prohlis;11 Prohlis, Reick (mit Sternhäuser, Am Koitschgraben);7400;4011;3389;6832;567;765;1809;1615;1692;1519;878;4955;826;1096
2017;4. Quartal;StB 7 Prohlis;12 Niedersedlitz, Leubnitz, Strehlen (ohne Sternhäuser, Am Koitschgraben);14105;7063;7042;13661;443;1002;3243;3251;3705;2904;890;8344;3971;1388
2017;4. Quartal;StB 8 Plauen;13 Südvorstadt, Zschertnitz;10309;5743;4566;8887;1418;1138;3880;2059;1711;1521;1122;4440;4011;2189
2017;4. Quartal;StB 8 Plauen;14 Mockritz, Coschütz, Plauen;10253;5192;5061;9792;459;596;2771;2565;2319;2002;577;5044;4062;1035
2017;4. Quartal;StB 9 Cotta/westliche Ortschaften;15 Cotta, Löbtau, Naußlitz, Dölzschen;20214;10495;9719;19506;703;1855;7811;4637;3316;2595;1626;11521;5922;2017
2017;4. Quartal;StB 9 Cotta/westliche Ortschaften;16 Gorbitz;7392;4122;3270;6779;610;791;1960;1484;1290;1867;915;4909;764;977
2017;4. Quartal;StB 9 Cotta/westliche Ortschaften;17 Briesnitz und westliche OS;10064;4996;5068;9923;141;554;1977;2501;2736;2296;499;6614;2365;803
2017;4. Quartal;unbekannt;00 unbekannt;359;171;188;329;30;27;88;109;89;46;30;203;100;60
2018;1. Quartal;StB 0 Altstadt;01 StB Altstadt ohne Johannstadt;12010;6740;5270;10424;1581;1669;5134;2189;1574;1444;1457;5822;3737;1689
2018;1. Quartal;StB 0 Altstadt;02 Johannstadt;7938;4015;3923;7106;830;721;2601;1783;1546;1287;684;4121;2617;1086
2018;1. Quartal;StB 1 Neustadt;03 StB Neustadt ohne Leipziger Vorstadt;16578;8803;7775;15171;1397;1072;6519;4658;2889;1440;1217;6181;8218;1789
2018;1. Quartal;StB 1 Neustadt;04 Leipziger Vorstadt, Pieschen;6015;3232;2783;5681;331;499;2563;1769;776;408;512;2653;2499;728
2018;1. Quartal;StB 2 Pieschen;04 Leipziger Vorstadt, Pieschen;11913;6306;5607;11356;555;969;4489;3319;1890;1246;957;6792;3426;983
2018;1. Quartal;StB 2 Pieschen;05 Mickten, Kaditz, Trachau;13067;6598;6469;12691;376;876;3708;3476;2942;2065;767;8611;2874;948
2018;1. Quartal;StB 3 Klotzsche/nördliche Ortschaften;06 StB Klotzsche und nördliche OS;12517;6319;6198;12222;292;683;2093;3112;3724;2905;580;7546;3677;887
2018;1. Quartal;StB 4 Loschwitz/OS Schönfeld-Weißig;07 StB Loschwitz und OS Schönfeld-Weißig;12197;5921;6276;11805;387;592;1971;3270;3643;2721;520;6504;4409;1097
2018;1. Quartal;StB 5 Blasewitz;08 Blasewitz, Striesen;21154;10311;10843;20196;949;1302;6222;5585;4963;3082;1080;10179;8855;1675
2018;1. Quartal;StB 5 Blasewitz;09 Tolkewitz, Seidnitz, Gruna;15492;7647;7845;14990;501;1132;4288;3652;3697;2723;972;10156;3420;1365
2018;1. Quartal;StB 6 Leuben;10 StB Leuben;15290;7579;7711;15001;287;1003;3270;3702;4243;3072;952;10396;3032;1262
2018;1. Quartal;StB 7 Prohlis;11 Prohlis, Reick (mit Sternhäuser, Am Koitschgraben);7297;3976;3321;6698;597;737;1792;1617;1656;1495;858;4913;814;1067
2018;1. Quartal;StB 7 Prohlis;12 Niedersedlitz, Leubnitz, Strehlen (ohne Sternhäuser, Am Koitschgraben);14066;7069;6997;13605;460;958;3227;3286;3683;2912;853;8333;4004;1391
2018;1. Quartal;StB 8 Plauen;13 Südvorstadt, Zschertnitz;10275;5750;4525;8850;1419;1103;3856;2103;1691;1522;1089;4415;4045;2160
2018;1. Quartal;StB 8 Plauen;14 Mockritz, Coschütz, Plauen;10196;5188;5008;9711;484;583;2742;2592;2304;1975;546;5011;4074;1033
2018;1. Quartal;StB 9 Cotta/westliche Ortschaften;15 Cotta, Löbtau, Naußlitz, Dölzschen;20222;10518;9704;19472;744;1873;7768;4684;3296;2601;1581;11553;5963;1985
2018;1. Quartal;StB 9 Cotta/westliche Ortschaften;16 Gorbitz;7354;4113;3241;6727;625;782;1942;1533;1253;1844;893;4922;746;947
2018;1. Quartal;StB 9 Cotta/westliche Ortschaften;17 Briesnitz und westliche OS;10035;4973;5062;9899;136;537;1924;2518;2714;2342;465;6620;2385;776
2018;1. Quartal;unbekannt;00 unbekannt;355;173;182;327;28;25;88;106;88;48;28;204;97;53
2018;2. Quartal;StB 0 Altstadt;01 StB Altstadt ohne Johannstadt;12252;6877;5375;10532;1716;1666;5219;2295;1588;1484;1458;5887;3892;1836
2018;2. Quartal;StB 0 Altstadt;02 Johannstadt;8003;4073;3930;7139;862;679;2653;1815;1568;1288;657;4166;2655;1111
2018;2. Quartal;StB 1 Neustadt;03 StB Neustadt ohne Leipziger Vorstadt;16709;8878;7831;15259;1439;1044;6531;4745;2896;1493;1221;6169;8328;1844
2018;2. Quartal;StB 1 Neustadt;04 Leipziger Vorstadt, Pieschen;6099;3287;2812;5757;339;514;2580;1804;787;414;517;2688;2542;732
2018;2. Quartal;StB 2 Pieschen;04 Leipziger Vorstadt, Pieschen;12019;6384;5635;11434;582;983;4436;3412;1888;1300;947;6853;3481;996
2018;2. Quartal;StB 2 Pieschen;05 Mickten, Kaditz, Trachau;13158;6693;6465;12758;400;866;3722;3543;2922;2105;753;8687;2905;965
2018;2. Quartal;StB 3 Klotzsche/nördliche Ortschaften;06 StB Klotzsche und nördliche OS;12508;6321;6187;12214;291;651;2051;3135;3701;2970;563;7543;3693;942
2018;2. Quartal;StB 4 Loschwitz/OS Schönfeld-Weißig;07 StB Loschwitz und OS Schönfeld-Weißig;12266;5966;6300;11882;379;568;1970;3247;3688;2793;504;6588;4419;1178
2018;2. Quartal;StB 5 Blasewitz;08 Blasewitz, Striesen;21280;10391;10889;20262;1010;1282;6229;5645;4979;3145;1085;10204;8951;1797
2018;2. Quartal;StB 5 Blasewitz;09 Tolkewitz, Seidnitz, Gruna;15531;7676;7855;15002;527;1082;4273;3692;3691;2793;952;10185;3461;1415
2018;2. Quartal;StB 6 Leuben;10 StB Leuben;15331;7620;7711;15015;313;982;3225;3754;4241;3129;942;10430;3052;1331
2018;2. Quartal;StB 7 Prohlis;11 Prohlis, Reick (mit Sternhäuser, Am Koitschgraben);7401;4066;3335;6730;670;726;1796;1705;1667;1507;853;4998;828;1117
2018;2. Quartal;StB 7 Prohlis;12 Niedersedlitz, Leubnitz, Strehlen (ohne Sternhäuser, Am Koitschgraben);14105;7146;6959;13595;508;952;3194;3360;3660;2939;863;8355;4018;1464
2018;2. Quartal;StB 8 Plauen;13 Südvorstadt, Zschertnitz;10398;5834;4564;8865;1529;1119;3884;2175;1702;1518;1126;4429;4114;2316
2018;2. Quartal;StB 8 Plauen;14 Mockritz, Coschütz, Plauen;10217;5231;4986;9727;489;576;2751;2586;2300;2004;532;5029;4099;1087
2018;2. Quartal;StB 9 Cotta/westliche Ortschaften;15 Cotta, Löbtau, Naußlitz, Dölzschen;20411;10679;9732;19604;801;1898;7772;4765;3324;2652;1580;11617;6079;2137
2018;2. Quartal;StB 9 Cotta/westliche Ortschaften;16 Gorbitz;7431;4241;3190;6685;742;787;1938;1591;1247;1868;927;4906;763;965
2018;2. Quartal;StB 9 Cotta/westliche Ortschaften;17 Briesnitz und westliche OS;10048;4987;5061;9908;140;540;1908;2528;2683;2389;467;6616;2416;772
2018;2. Quartal;unbekannt;00 unbekannt;369;181;188;336;33;22;96;109;91;51;26;206;112;57
2018;3. Quartal;StB 0 Altstadt;01 StB Altstadt ohne Johannstadt;12639;7124;5515;10819;1815;1872;5289;2371;1589;1518;1623;5943;4021;1736
2018;3. Quartal;StB 0 Altstadt;02 Johannstadt;8177;4189;3988;7265;909;773;2679;1854;1571;1300;753;4209;2679;1050
2018;3. Quartal;StB 1 Neustadt;03 StB Neustadt ohne Leipziger Vorstadt;16926;9054;7872;15410;1507;1124;6549;4804;2924;1525;1295;6184;8461;1766
2018;3. Quartal;StB 1 Neustadt;04 Leipziger Vorstadt, Pieschen;6216;3331;2885;5850;364;548;2594;1862;790;422;550;2686;2636;723
2018;3. Quartal;StB 2 Pieschen;04 Leipziger Vorstadt, Pieschen;12167;6473;5694;11560;605;1059;4382;3520;1903;1303;1033;6874;3519;996
2018;3. Quartal;StB 2 Pieschen;05 Mickten, Kaditz, Trachau;13375;6811;6564;12949;426;996;3694;3593;2922;2170;880;8759;2916;916
2018;3. Quartal;StB 3 Klotzsche/nördliche Ortschaften;06 StB Klotzsche und nördliche OS;12683;6403;6280;12371;309;742;2061;3190;3688;3002;615;7602;3750;964
2018;3. Quartal;StB 4 Loschwitz/OS Schönfeld-Weißig;07 StB Loschwitz und OS Schönfeld-Weißig;12448;6063;6385;12021;420;685;1990;3259;3689;2825;576;6636;4468;1128
2018;3. Quartal;StB 5 Blasewitz;08 Blasewitz, Striesen;21600;10528;11072;20543;1049;1386;6247;5768;5000;3199;1193;10287;9072;1745
2018;3. Quartal;StB 5 Blasewitz;09 Tolkewitz, Seidnitz, Gruna;15734;7808;7926;15171;562;1248;4268;3714;3683;2821;1095;10203;3487;1362
2018;3. Quartal;StB 6 Leuben;10 StB Leuben;15557;7727;7830;15212;342;1136;3188;3829;4212;3192;1102;10462;3088;1338
2018;3. Quartal;StB 7 Prohlis;11 Prohlis, Reick (mit Sternhäuser, Am Koitschgraben);7613;4220;3393;6837;772;868;1835;1724;1660;1526;988;5021;820;1092
2018;3. Quartal;StB 7 Prohlis;12 Niedersedlitz, Leubnitz, Strehlen (ohne Sternhäuser, Am Koitschgraben);14299;7245;7054;13757;541;1090;3180;3393;3638;2998;978;8417;4045;1413
2018;3. Quartal;StB 8 Plauen;13 Südvorstadt, Zschertnitz;10578;5959;4619;8940;1632;1227;3911;2222;1687;1531;1218;4427;4184;2122
2018;3. Quartal;StB 8 Plauen;14 Mockritz, Coschütz, Plauen;10321;5303;5018;9833;487;653;2757;2612;2280;2019;601;5058;4123;1040
2018;3. Quartal;StB 9 Cotta/westliche Ortschaften;15 Cotta, Löbtau, Naußlitz, Dölzschen;20758;10899;9859;19919;834;2084;7761;4871;3363;2679;1711;11741;6152;2039
2018;3. Quartal;StB 9 Cotta/westliche Ortschaften;16 Gorbitz;7648;4393;3255;6773;870;902;1992;1638;1255;1861;1052;4938;758;979
2018;3. Quartal;StB 9 Cotta/westliche Ortschaften;17 Briesnitz und westliche OS;10250;5095;5155;10100;149;635;1909;2583;2688;2435;543;6711;2440;781
2018;3. Quartal;unbekannt;00 unbekannt;384;190;194;353;31;27;95;120;89;53;30;215;115;52
2018;4. Quartal;StB 0 Altstadt;01 StB Altstadt ohne Johannstadt;12781;7201;5580;10896;1880;1879;5329;2439;1599;1535;1627;5983;4137;1784
2018;4. Quartal;StB 0 Altstadt;02 Johannstadt;8204;4181;4023;7267;934;774;2688;1884;1547;1311;763;4199;2712;1075
2018;4. Quartal;StB 1 Neustadt;03 StB Neustadt ohne Leipziger Vorstadt;17079;9167;7912;15480;1588;1198;6536;4880;2901;1564;1344;6185;8566;1799
2018;4. Quartal;StB 1 Neustadt;04 Leipziger Vorstadt, Pieschen;6294;3366;2928;5943;349;558;2615;1881;810;430;575;2683;2721;707
2018;4. Quartal;StB 2 Pieschen;04 Leipziger Vorstadt, Pieschen;12206;6479;5727;11604;599;1092;4342;3542;1904;1326;1051;6862;3553;994
2018;4. Quartal;StB 2 Pieschen;05 Mickten, Kaditz, Trachau;13334;6784;6550;12915;418;999;3654;3613;2886;2182;887;8712;2937;938
2018;4. Quartal;StB 3 Klotzsche/nördliche Ortschaften;06 StB Klotzsche und nördliche OS;12636;6388;6248;12307;326;723;2042;3186;3664;3021;624;7560;3744;901
2018;4. Quartal;StB 4 Loschwitz/OS Schönfeld-Weißig;07 StB Loschwitz und OS Schönfeld-Weißig;12499;6070;6429;12062;429;660;1995;3307;3656;2881;592;6621;4550;1109
2018;4. Quartal;StB 5 Blasewitz;08 Blasewitz, Striesen;21648;10559;11089;20572;1067;1381;6216;5806;4975;3270;1213;10286;9136;1740
2018;4. Quartal;StB 5 Blasewitz;09 Tolkewitz, Seidnitz, Gruna;15703;7805;7898;15116;586;1215;4225;3744;3633;2886;1096;10149;3515;1377
2018;4. Quartal;StB 6 Leuben;10 StB Leuben;15553;7737;7816;15171;380;1109;3171;3864;4195;3214;1108;10441;3124;1346
2018;4. Quartal;StB 7 Prohlis;11 Prohlis, Reick (mit Sternhäuser, Am Koitschgraben);7565;4176;3389;6723;836;859;1832;1714;1628;1532;975;4958;850;1045
2018;4. Quartal;StB 7 Prohlis;12 Niedersedlitz, Leubnitz, Strehlen (ohne Sternhäuser, Am Koitschgraben);14272;7214;7058;13742;528;1107;3124;3426;3588;3027;948;8402;4076;1398
2018;4. Quartal;StB 8 Plauen;13 Südvorstadt, Zschertnitz;10609;5956;4653;8961;1640;1255;3894;2241;1661;1558;1247;4415;4217;2124
2018;4. Quartal;StB 8 Plauen;14 Mockritz, Coschütz, Plauen;10300;5293;5007;9796;503;653;2759;2619;2240;2029;605;5011;4160;1054
2018;4. Quartal;StB 9 Cotta/westliche Ortschaften;15 Cotta, Löbtau, Naußlitz, Dölzschen;20760;10874;9886;19912;843;2142;7716;4885;3319;2698;1753;11710;6177;2042
2018;4. Quartal;StB 9 Cotta/westliche Ortschaften;16 Gorbitz;7601;4366;3235;6719;880;890;1956;1674;1235;1846;1065;4894;763;1013
2018;4. Quartal;StB 9 Cotta/westliche Ortschaften;17 Briesnitz und westliche OS;10211;5089;5122;10052;158;618;1866;2627;2653;2447;540;6665;2459;785
2018;4. Quartal;unbekannt;00 unbekannt;414;204;210;379;35;24;103;132;99;56;31;227;134;52
2019;1. Quartal;StB 0 Altstadt;01 StB Altstadt ohne Johannstadt;12765;7203;5562;10896;1861;1828;5313;2477;1594;1553;1545;6020;4188;1768
2019;1. Quartal;StB 0 Altstadt;02 Johannstadt;8140;4187;3953;7211;927;767;2608;1921;1534;1310;752;4185;2685;1072
2019;1. Quartal;StB 1 Neustadt;03 StB Neustadt ohne Leipziger Vorstadt;17040;9163;7877;15426;1604;1166;6441;4901;2945;1587;1324;6191;8570;1743
2019;1. Quartal;StB 1 Neustadt;04 Leipziger Vorstadt, Pieschen;6198;3341;2857;5840;357;541;2536;1880;808;433;546;2672;2667;689
2019;1. Quartal;StB 2 Pieschen;04 Leipziger Vorstadt, Pieschen;12164;6457;5707;11535;625;1061;4365;3515;1888;1335;998;6892;3535;924
2019;1. Quartal;StB 2 Pieschen;05 Mickten, Kaditz, Trachau;13268;6744;6524;12824;444;977;3606;3624;2874;2187;835;8714;2934;939
2019;1. Quartal;StB 3 Klotzsche/nördliche Ortschaften;06 StB Klotzsche und nördliche OS;12571;6372;6199;12249;318;690;2009;3169;3644;3059;583;7565;3733;889
2019;1. Quartal;StB 4 Loschwitz/OS Schönfeld-Weißig;07 StB Loschwitz und OS Schönfeld-Weißig;12367;6026;6341;11944;416;633;1935;3287;3623;2889;558;6600;4504;1094
2019;1. Quartal;StB 5 Blasewitz;08 Blasewitz, Striesen;21493;10509;10984;20412;1073;1376;6099;5769;4967;3282;1163;10274;9067;1725
2019;1. Quartal;StB 5 Blasewitz;09 Tolkewitz, Seidnitz, Gruna;15585;7726;7859;15004;580;1207;4108;3739;3626;2905;1057;10149;3472;1339
2019;1. Quartal;StB 6 Leuben;10 StB Leuben;15418;7704;7714;15036;378;1049;3131;3868;4164;3206;1045;10428;3092;1306
2019;1. Quartal;StB 7 Prohlis;11 Prohlis, Reick (mit Sternhäuser, Am Koitschgraben);7470;4122;3348;6653;812;828;1788;1744;1565;1545;935;4944;838;1012
2019;1. Quartal;StB 7 Prohlis;12 Niedersedlitz, Leubnitz, Strehlen (ohne Sternhäuser, Am Koitschgraben);14202;7216;6986;13673;527;1105;3094;3399;3558;3046;905;8400;4057;1345
2019;1. Quartal;StB 8 Plauen;13 Südvorstadt, Zschertnitz;10487;5953;4534;8867;1612;1236;3822;2241;1645;1543;1249;4423;4129;2104
2019;1. Quartal;StB 8 Plauen;14 Mockritz, Coschütz, Plauen;10266;5275;4991;9740;525;675;2725;2641;2204;2021;589;5016;4143;1026
2019;1. Quartal;StB 9 Cotta/westliche Ortschaften;15 Cotta, Löbtau, Naußlitz, Dölzschen;20582;10821;9761;19721;857;2100;7542;4958;3249;2733;1728;11679;6080;1964
2019;1. Quartal;StB 9 Cotta/westliche Ortschaften;16 Gorbitz;7487;4304;3183;6601;885;839;1945;1707;1199;1797;1036;4860;758;973
2019;1. Quartal;StB 9 Cotta/westliche Ortschaften;17 Briesnitz und westliche OS;10173;5096;5077;10010;162;604;1822;2637;2639;2471;496;6691;2451;774
2019;1. Quartal;unbekannt;00 unbekannt;449;225;224;410;39;28;112;147;104;58;30;239;157;50
2019;2. Quartal;StB 0 Altstadt;01 StB Altstadt ohne Johannstadt;13030;7385;5645;11015;2006;1829;5435;2568;1596;1602;1569;6111;4333;1784
2019;2. Quartal;StB 0 Altstadt;02 Johannstadt;8126;4172;3954;7191;933;744;2589;1931;1513;1349;723;4187;2695;1105
2019;2. Quartal;StB 1 Neustadt;03 StB Neustadt ohne Leipziger Vorstadt;17161;9296;7865;15470;1682;1156;6415;4961;2996;1633;1330;6257;8623;1792
2019;2. Quartal;StB 1 Neustadt;04 Leipziger Vorstadt, Pieschen;6278;3403;2875;5900;377;552;2537;1922;817;450;551;2665;2746;711
2019;2. Quartal;StB 2 Pieschen;04 Leipziger Vorstadt, Pieschen;12174;6493;5681;11528;641;1037;4308;3563;1904;1362;1016;6898;3538;972
2019;2. Quartal;StB 2 Pieschen;05 Mickten, Kaditz, Trachau;13348;6824;6524;12862;486;966;3578;3679;2891;2234;848;8727;2972;964
2019;2. Quartal;StB 3 Klotzsche/nördliche Ortschaften;06 StB Klotzsche und nördliche OS;12499;6345;6154;12176;319;650;1976;3130;3627;3116;559;7535;3732;954
2019;2. Quartal;StB 4 Loschwitz/OS Schönfeld-Weißig;07 StB Loschwitz und OS Schönfeld-Weißig;12326;6029;6297;11907;411;613;1877;3263;3634;2939;543;6590;4501;1143
2019;2. Quartal;StB 5 Blasewitz;08 Blasewitz, Striesen;21507;10595;10912;20382;1116;1369;6033;5791;4971;3343;1142;10286;9099;1831
2019;2. Quartal;StB 5 Blasewitz;09 Tolkewitz, Seidnitz, Gruna;15643;7790;7853;15032;610;1221;4047;3809;3579;2987;1049;10221;3480;1396
2019;2. Quartal;StB 6 Leuben;10 StB Leuben;15426;7751;7675;15025;397;1008;3096;3892;4143;3287;1012;10468;3095;1375
2019;2. Quartal;StB 7 Prohlis;11 Prohlis, Reick (mit Sternhäuser, Am Koitschgraben);7559;4214;3345;6674;880;815;1820;1759;1594;1571;976;4961;854;1030
2019;2. Quartal;StB 7 Prohlis;12 Niedersedlitz, Leubnitz, Strehlen (ohne Sternhäuser, Am Koitschgraben);14284;7266;7018;13710;572;1091;3105;3430;3558;3100;915;8432;4089;1435
2019;2. Quartal;StB 8 Plauen;13 Südvorstadt, Zschertnitz;10544;6011;4533;8841;1694;1275;3773;2283;1654;1559;1252;4436;4158;2230
2019;2. Quartal;StB 8 Plauen;14 Mockritz, Coschütz, Plauen;10254;5275;4979;9715;538;676;2696;2625;2217;2040;591;5023;4143;1093
2019;2. Quartal;StB 9 Cotta/westliche Ortschaften;15 Cotta, Löbtau, Naußlitz, Dölzschen;20634;10908;9726;19760;869;2086;7487;5011;3276;2774;1728;11731;6115;2032
2019;2. Quartal;StB 9 Cotta/westliche Ortschaften;16 Gorbitz;7574;4413;3161;6587;986;845;1946;1775;1197;1811;1074;4872;757;988
2019;2. Quartal;StB 9 Cotta/westliche Ortschaften;17 Briesnitz und westliche OS;10170;5114;5056;9993;176;602;1796;2638;2626;2508;488;6708;2451;791
2019;2. Quartal;unbekannt;00 unbekannt;462;230;232;421;41;28;118;155;105;56;30;250;161;52
2019;3. Quartal;StB 0 Altstadt;01 StB Altstadt ohne Johannstadt;13413;7616;5797;11181;2222;1948;5519;2711;1594;1641;1758;6176;4421;1703
2019;3. Quartal;StB 0 Altstadt;02 Johannstadt;8230;4228;4002;7261;967;806;2597;1954;1514;1359;778;4217;2715;1076
2019;3. Quartal;StB 1 Neustadt;03 StB Neustadt ohne Leipziger Vorstadt;17412;9424;7988;15681;1722;1209;6444;5079;3008;1672;1383;6293;8771;1718
2019;3. Quartal;StB 1 Neustadt;04 Leipziger Vorstadt, Pieschen;6365;3448;2917;5978;386;577;2543;1971;811;463;590;2684;2768;676
2019;3. Quartal;StB 2 Pieschen;04 Leipziger Vorstadt, Pieschen;12305;6558;5747;11650;650;1134;4263;3592;1930;1386;1106;6899;3576;937
2019;3. Quartal;StB 2 Pieschen;05 Mickten, Kaditz, Trachau;13533;6888;6645;13063;469;1069;3575;3733;2889;2267;952;8806;2994;902
2019;3. Quartal;StB 3 Klotzsche/nördliche Ortschaften;06 StB Klotzsche und nördliche OS;12674;6421;6253;12323;347;810;1963;3174;3560;3167;683;7577;3748;911
2019;3. Quartal;StB 4 Loschwitz/OS Schönfeld-Weißig;07 StB Loschwitz und OS Schönfeld-Weißig;12499;6144;6355;12075;417;712;1862;3294;3636;2995;613;6635;4573;1128
2019;3. Quartal;StB 5 Blasewitz;08 Blasewitz, Striesen;21853;10784;11069;20695;1150;1485;6085;5865;4988;3430;1269;10380;9233;1713
2019;3. Quartal;StB 5 Blasewitz;09 Tolkewitz, Seidnitz, Gruna;15860;7887;7973;15230;629;1377;4042;3826;3579;3036;1161;10321;3487;1362
2019;3. Quartal;StB 6 Leuben;10 StB Leuben;15650;7864;7786;15220;426;1124;3111;3915;4132;3368;1110;10544;3126;1309
2019;3. Quartal;StB 7 Prohlis;11 Prohlis, Reick (mit Sternhäuser, Am Koitschgraben);7838;4401;3437;6832;1002;939;1895;1792;1612;1600;1088;5063;868;972
2019;3. Quartal;StB 7 Prohlis;12 Niedersedlitz, Leubnitz, Strehlen (ohne Sternhäuser, Am Koitschgraben);14445;7366;7079;13839;605;1201;3077;3480;3547;3140;982;8469;4142;1411
2019;3. Quartal;StB 8 Plauen;13 Südvorstadt, Zschertnitz;10731;6129;4602;8928;1797;1399;3790;2313;1652;1577;1395;4448;4168;2126
2019;3. Quartal;StB 8 Plauen;14 Mockritz, Coschütz, Plauen;10367;5338;5029;9822;544;752;2665;2669;2213;2068;658;5083;4148;1022
2019;3. Quartal;StB 9 Cotta/westliche Ortschaften;15 Cotta, Löbtau, Naußlitz, Dölzschen;20929;11093;9836;20025;900;2237;7474;5120;3286;2812;1852;11871;6145;1974
2019;3. Quartal;StB 9 Cotta/westliche Ortschaften;16 Gorbitz;7744;4508;3236;6663;1081;971;1973;1786;1194;1820;1191;4867;739;939
2019;3. Quartal;StB 9 Cotta/westliche Ortschaften;17 Briesnitz und westliche OS;10255;5137;5118;10085;169;685;1762;2666;2616;2526;557;6718;2465;795
2019;3. Quartal;unbekannt;00 unbekannt;513;256;257;458;55;37;146;168;103;59;36;268;189;60
2019;4. Quartal;StB 0 Altstadt;01 StB Altstadt ohne Johannstadt;13533;7708;5825;11244;2278;1981;5589;2739;1574;1650;1797;6158;4520;1768
2019;4. Quartal;StB 0 Altstadt;02 Johannstadt;8275;4242;4033;7264;1008;813;2607;1964;1519;1372;783;4209;2755;1057
2019;4. Quartal;StB 1 Neustadt;03 StB Neustadt ohne Leipziger Vorstadt;17453;9428;8025;15694;1749;1179;6442;5108;3031;1693;1373;6259;8889;1721
2019;4. Quartal;StB 1 Neustadt;04 Leipziger Vorstadt, Pieschen;6363;3427;2936;5976;386;587;2507;1994;801;474;564;2653;2837;710
2019;4. Quartal;StB 2 Pieschen;04 Leipziger Vorstadt, Pieschen;12375;6591;5784;11686;685;1160;4232;3647;1935;1401;1113;6920;3630;911
2019;4. Quartal;StB 2 Pieschen;05 Mickten, Kaditz, Trachau;13421;6835;6586;12974;446;1044;3495;3743;2870;2269;943;8743;2981;916
2019;4. Quartal;StB 3 Klotzsche/nördliche Ortschaften;06 StB Klotzsche und nördliche OS;12645;6392;6253;12285;357;790;1952;3187;3541;3175;659;7572;3761;922
2019;4. Quartal;StB 4 Loschwitz/OS Schönfeld-Weißig;07 StB Loschwitz und OS Schönfeld-Weißig;12492;6098;6394;12077;408;716;1838;3275;3627;3036;606;6623;4607;1106
2019;4. Quartal;StB 5 Blasewitz;08 Blasewitz, Striesen;21885;10784;11101;20710;1167;1527;6036;5901;4961;3460;1334;10351;9256;1747
2019;4. Quartal;StB 5 Blasewitz;09 Tolkewitz, Seidnitz, Gruna;15823;7859;7964;15180;642;1370;3971;3878;3529;3075;1180;10281;3476;1394
2019;4. Quartal;StB 6 Leuben;10 StB Leuben;15597;7830;7767;15164;429;1128;3014;3914;4124;3417;1096;10526;3134;1310
2019;4. Quartal;StB 7 Prohlis;11 Prohlis, Reick (mit Sternhäuser, Am Koitschgraben);7808;4355;3453;6785;1017;926;1824;1842;1595;1621;1112;5030;868;969
2019;4. Quartal;StB 7 Prohlis;12 Niedersedlitz, Leubnitz, Strehlen (ohne Sternhäuser, Am Koitschgraben);14474;7368;7106;13864;609;1165;3083;3517;3532;3177;979;8460;4181;1392
2019;4. Quartal;StB 8 Plauen;13 Südvorstadt, Zschertnitz;10758;6167;4591;8913;1838;1428;3777;2336;1631;1586;1407;4436;4204;2127
2019;4. Quartal;StB 8 Plauen;14 Mockritz, Coschütz, Plauen;10360;5333;5027;9809;550;732;2643;2667;2211;2107;654;5081;4156;1043
2019;4. Quartal;StB 9 Cotta/westliche Ortschaften;15 Cotta, Löbtau, Naußlitz, Dölzschen;20902;11052;9850;19989;908;2263;7378;5155;3259;2847;1868;11789;6196;2026
2019;4. Quartal;StB 9 Cotta/westliche Ortschaften;16 Gorbitz;7739;4457;3282;6625;1112;983;1920;1836;1194;1806;1221;4816;761;947
2019;4. Quartal;StB 9 Cotta/westliche Ortschaften;17 Briesnitz und westliche OS;10192;5120;5072;10019;172;663;1741;2683;2592;2513;540;6674;2479;791
2019;4. Quartal;unbekannt;00 unbekannt;591;305;286;512;79;64;177;188;102;60;52;294;223;71
2020;1. Quartal;StB 0 Altstadt;01 StB Altstadt ohne Johannstadt;13618;7783;5835;11259;2348;1985;5561;2833;1575;1664;1751;6232;4586;1649
2020;1. Quartal;StB 0 Altstadt;02 Johannstadt;8282;4285;3997;7265;1015;814;2611;1971;1502;1384;763;4192;2809;970
2020;1. Quartal;StB 1 Neustadt;03 StB Neustadt ohne Leipziger Vorstadt;17423;9432;7991;15648;1767;1164;6347;5148;3045;1719;1345;6220;8913;1614
2020;1. Quartal;StB 1 Neustadt;04 Leipziger Vorstadt, Pieschen;6429;3479;2950;6032;396;571;2551;2010;819;478;552;2701;2866;633
2020;1. Quartal;StB 2 Pieschen;04 Leipziger Vorstadt, Pieschen;12315;6586;5729;11636;676;1130;4145;3687;1933;1420;1101;6877;3637;849
2020;1. Quartal;StB 2 Pieschen;05 Mickten, Kaditz, Trachau;13480;6888;6592;12992;486;1044;3433;3844;2866;2293;912;8789;3009;847
2020;1. Quartal;StB 3 Klotzsche/nördliche Ortschaften;06 StB Klotzsche und nördliche OS;12575;6359;6216;12210;362;777;1859;3234;3519;3186;635;7538;3750;875
2020;1. Quartal;StB 4 Loschwitz/OS Schönfeld-Weißig;07 StB Loschwitz und OS Schönfeld-Weißig;12482;6110;6372;12062;415;700;1803;3278;3636;3065;584;6624;4631;1037
2020;1. Quartal;StB 5 Blasewitz;08 Blasewitz, Striesen;21869;10803;11066;20672;1190;1508;5931;5979;4922;3529;1266;10370;9284;1632
2020;1. Quartal;StB 5 Blasewitz;09 Tolkewitz, Seidnitz, Gruna;15720;7824;7896;15059;657;1327;3888;3902;3540;3063;1129;10252;3469;1323
2020;1. Quartal;StB 6 Leuben;10 StB Leuben;15520;7785;7735;15078;437;1122;2962;3945;4069;3422;1053;10510;3125;1232
2020;1. Quartal;StB 7 Prohlis;11 Prohlis, Reick (mit Sternhäuser, Am Koitschgraben);7665;4286;3379;6659;999;878;1781;1822;1590;1594;1074;4982;852;917
2020;1. Quartal;StB 7 Prohlis;12 Niedersedlitz, Leubnitz, Strehlen (ohne Sternhäuser, Am Koitschgraben);14433;7381;7052;13829;602;1134;3065;3547;3465;3222;940;8493;4169;1267
2020;1. Quartal;StB 8 Plauen;13 Südvorstadt, Zschertnitz;10710;6143;4567;8854;1849;1392;3756;2350;1635;1577;1388;4424;4184;2017
2020;1. Quartal;StB 8 Plauen;14 Mockritz, Coschütz, Plauen;10282;5296;4986;9741;540;704;2584;2690;2205;2099;625;5038;4155;995
2020;1. Quartal;StB 9 Cotta/westliche Ortschaften;15 Cotta, Löbtau, Naußlitz, Dölzschen;20932;11055;9877;19990;937;2238;7364;5241;3236;2853;1833;11848;6234;1923
2020;1. Quartal;StB 9 Cotta/westliche Ortschaften;16 Gorbitz;7669;4443;3226;6557;1111;933;1868;1871;1228;1769;1182;4816;746;863
2020;1. Quartal;StB 9 Cotta/westliche Ortschaften;17 Briesnitz und westliche OS;10179;5135;5044;10007;171;638;1734;2703;2577;2527;517;6691;2482;744
2020;1. Quartal;unbekannt;00 unbekannt;635;328;307;556;79;69;191;197;116;62;45;331;231;62
2020;2. Quartal;StB 0 Altstadt;01 StB Altstadt ohne Johannstadt;13577;7769;5808;11222;2342;1944;5530;2873;1565;1665;1721;6202;4653;1564
2020;2. Quartal;StB 0 Altstadt;02 Johannstadt;8239;4259;3980;7239;997;781;2592;1992;1505;1369;720;4204;2806;923
2020;2. Quartal;StB 1 Neustadt;03 StB Neustadt ohne Leipziger Vorstadt;17328;9396;7932;15585;1736;1128;6242;5154;3046;1758;1316;6167;8929;1524
2020;2. Quartal;StB 1 Neustadt;04 Leipziger Vorstadt, Pieschen;6397;3459;2938;5999;397;547;2532;2019;824;475;535;2660;2904;627
2020;2. Quartal;StB 2 Pieschen;04 Leipziger Vorstadt, Pieschen;12148;6521;5627;11480;665;1106;3973;3706;1925;1438;1067;6781;3640;817
2020;2. Quartal;StB 2 Pieschen;05 Mickten, Kaditz, Trachau;13389;6835;6554;12893;494;1027;3345;3821;2869;2327;901;8715;3026;804
2020;2. Quartal;StB 3 Klotzsche/nördliche Ortschaften;06 StB Klotzsche und nördliche OS;12524;6349;6175;12165;356;742;1858;3214;3502;3208;605;7506;3776;870
2020;2. Quartal;StB 4 Loschwitz/OS Schönfeld-Weißig;07 StB Loschwitz und OS Schönfeld-Weißig;12367;6051;6316;11962;400;649;1761;3277;3588;3092;553;6556;4626;1039
2020;2. Quartal;StB 5 Blasewitz;08 Blasewitz, Striesen;21711;10761;10950;20515;1189;1468;5771;5979;4915;3578;1218;10329;9243;1565
2020;2. Quartal;StB 5 Blasewitz;09 Tolkewitz, Seidnitz, Gruna;15595;7792;7803;14921;673;1261;3832;3894;3477;3131;1078;10214;3449;1253
2020;2. Quartal;StB 6 Leuben;10 StB Leuben;15394;7727;7667;14961;428;1092;2877;3935;4035;3455;1018;10461;3093;1191
2020;2. Quartal;StB 7 Prohlis;11 Prohlis, Reick (mit Sternhäuser, Am Koitschgraben);7580;4251;3329;6580;993;822;1775;1779;1591;1613;1033;4964;855;859
2020;2. Quartal;StB 7 Prohlis;12 Niedersedlitz, Leubnitz, Strehlen (ohne Sternhäuser, Am Koitschgraben);14320;7320;7000;13745;573;1076;3022;3556;3431;3235;904;8448;4184;1251
2020;2. Quartal;StB 8 Plauen;13 Südvorstadt, Zschertnitz;10631;6102;4529;8799;1827;1362;3677;2371;1620;1601;1370;4376;4173;1866
2020;2. Quartal;StB 8 Plauen;14 Mockritz, Coschütz, Plauen;10221;5287;4934;9686;535;684;2522;2714;2189;2112;615;4982;4162;938
2020;2. Quartal;StB 9 Cotta/westliche Ortschaften;15 Cotta, Löbtau, Naußlitz, Dölzschen;20756;10962;9794;19818;934;2200;7180;5289;3205;2882;1798;11776;6204;1812
2020;2. Quartal;StB 9 Cotta/westliche Ortschaften;16 Gorbitz;7562;4407;3155;6430;1131;874;1850;1896;1197;1745;1138;4772;743;808
2020;2. Quartal;StB 9 Cotta/westliche Ortschaften;17 Briesnitz und westliche OS;10095;5072;5023;9927;167;612;1688;2713;2531;2551;488;6657;2489;728
2020;2. Quartal;unbekannt;00 unbekannt;695;363;332;614;81;65;232;208;123;67;51;359;260;65
2020;3. Quartal;StB 0 Altstadt;01 StB Altstadt ohne Johannstadt;13912;7975;5937;11412;2486;2080;5604;2955;1592;1681;1850;6290;4726;1646
2020;3. Quartal;StB 0 Altstadt;02 Johannstadt;8412;4364;4048;7340;1067;890;2604;2035;1498;1385;810;4215;2873;960
2020;3. Quartal;StB 1 Neustadt;03 StB Neustadt ohne Leipziger Vorstadt;17365;9386;7979;15608;1750;1151;6198;5181;3063;1772;1364;6134;8960;1525
2020;3. Quartal;StB 1 Neustadt;04 Leipziger Vorstadt, Pieschen;6460;3498;2962;6055;404;589;2527;2030;842;472;596;2659;2916;630
2020;3. Quartal;StB 2 Pieschen;04 Leipziger Vorstadt, Pieschen;12302;6557;5745;11619;682;1198;3949;3763;1938;1454;1110;6846;3686;821
2020;3. Quartal;StB 2 Pieschen;05 Mickten, Kaditz, Trachau;13531;6908;6623;13019;509;1108;3331;3869;2860;2363;948;8749;3074;801
2020;3. Quartal;StB 3 Klotzsche/nördliche Ortschaften;06 StB Klotzsche und nördliche OS;12639;6409;6230;12276;361;853;1832;3216;3507;3231;689;7493;3817;879
2020;3. Quartal;StB 4 Loschwitz/OS Schönfeld-Weißig;07 StB Loschwitz und OS Schönfeld-Weißig;12466;6133;6333;12052;409;750;1734;3314;3552;3116;639;6542;4643;1055
2020;3. Quartal;StB 5 Blasewitz;08 Blasewitz, Striesen;21822;10772;11050;20606;1210;1571;5719;6000;4930;3602;1294;10313;9276;1608
2020;3. Quartal;StB 5 Blasewitz;09 Tolkewitz, Seidnitz, Gruna;15737;7896;7841;15053;679;1359;3808;3930;3483;3157;1169;10234;3473;1284
2020;3. Quartal;StB 6 Leuben;10 StB Leuben;15570;7824;7746;15106;460;1246;2848;3979;4036;3461;1158;10467;3097;1202
2020;3. Quartal;StB 7 Prohlis;11 Prohlis, Reick (mit Sternhäuser, Am Koitschgraben);7699;4337;3362;6665;1028;911;1771;1814;1570;1633;1105;4994;849;844
2020;3. Quartal;StB 7 Prohlis;12 Niedersedlitz, Leubnitz, Strehlen (ohne Sternhäuser, Am Koitschgraben);14386;7352;7034;13818;565;1179;2940;3621;3410;3236;975;8409;4214;1233
2020;3. Quartal;StB 8 Plauen;13 Südvorstadt, Zschertnitz;10785;6219;4566;8820;1959;1468;3721;2402;1621;1573;1469;4374;4191;1886
2020;3. Quartal;StB 8 Plauen;14 Mockritz, Coschütz, Plauen;10283;5320;4963;9726;556;742;2487;2726;2194;2134;677;4978;4167;946
2020;3. Quartal;StB 9 Cotta/westliche Ortschaften;15 Cotta, Löbtau, Naußlitz, Dölzschen;20903;11064;9839;19958;944;2295;7136;5362;3197;2913;1925;11734;6241;1822
2020;3. Quartal;StB 9 Cotta/westliche Ortschaften;16 Gorbitz;7747;4527;3220;6501;1243;982;1855;1962;1190;1758;1243;4776;761;827
2020;3. Quartal;StB 9 Cotta/westliche Ortschaften;17 Briesnitz und westliche OS;10151;5117;5034;9979;172;682;1657;2742;2509;2561;548;6648;2487;764
2020;3. Quartal;unbekannt;00 unbekannt;843;442;401;720;123;95;308;240;128;72;71;411;328;77
2020;4. Quartal;StB 0 Altstadt;01 StB Altstadt ohne Johannstadt;14010;8026;5984;11501;2497;2119;5613;3009;1576;1693;1890;6253;4843;1533
2020;4. Quartal;StB 0 Altstadt;02 Johannstadt;8437;4366;4071;7334;1098;897;2607;2041;1492;1400;837;4201;2903;900
2020;4. Quartal;StB 1 Neustadt;03 StB Neustadt ohne Leipziger Vorstadt;17399;9364;8035;15640;1750;1163;6147;5202;3083;1804;1361;6112;9047;1465
2020;4. Quartal;StB 1 Neustadt;04 Leipziger Vorstadt, Pieschen;6541;3524;3017;6140;400;591;2544;2055;867;484;613;2664;2979;590
2020;4. Quartal;StB 2 Pieschen;04 Leipziger Vorstadt, Pieschen;12361;6598;5763;11663;696;1180;3979;3802;1922;1478;1113;6851;3736;795
2020;4. Quartal;StB 2 Pieschen;05 Mickten, Kaditz, Trachau;13495;6891;6604;13000;492;1064;3259;3933;2855;2384;930;8708;3114;778
2020;4. Quartal;StB 3 Klotzsche/nördliche Ortschaften;06 StB Klotzsche und nördliche OS;12585;6368;6217;12215;368;838;1803;3197;3476;3271;684;7436;3848;825
2020;4. Quartal;StB 4 Loschwitz/OS Schönfeld-Weißig;07 StB Loschwitz und OS Schönfeld-Weißig;12503;6137;6366;12084;414;750;1715;3308;3533;3197;648;6530;4695;1015
2020;4. Quartal;StB 5 Blasewitz;08 Blasewitz, Striesen;21850;10788;11062;20604;1240;1558;5685;6089;4855;3663;1313;10262;9349;1548
2020;4. Quartal;StB 5 Blasewitz;09 Tolkewitz, Seidnitz, Gruna;15724;7875;7849;15024;694;1378;3715;3966;3462;3203;1195;10190;3497;1220
2020;4. Quartal;StB 6 Leuben;10 StB Leuben;15575;7809;7766;15115;456;1237;2765;4041;4023;3509;1135;10473;3126;1137
2020;4. Quartal;StB 7 Prohlis;11 Prohlis, Reick (mit Sternhäuser, Am Koitschgraben);7614;4286;3328;6585;1025;905;1697;1828;1549;1635;1102;4942;828;800
2020;4. Quartal;StB 7 Prohlis;12 Niedersedlitz, Leubnitz, Strehlen (ohne Sternhäuser, Am Koitschgraben);14358;7343;7015;13750;605;1174;2901;3594;3413;3276;968;8389;4225;1172
2020;4. Quartal;StB 8 Plauen;13 Südvorstadt, Zschertnitz;10861;6219;4642;8871;1983;1489;3746;2426;1615;1585;1515;4365;4254;1819
2020;4. Quartal;StB 8 Plauen;14 Mockritz, Coschütz, Plauen;10263;5314;4949;9693;569;754;2430;2737;2184;2158;699;4953;4158;938
2020;4. Quartal;StB 9 Cotta/westliche Ortschaften;15 Cotta, Löbtau, Naußlitz, Dölzschen;20969;11112;9857;20005;962;2303;7113;5433;3158;2962;1960;11713;6335;1812
2020;4. Quartal;StB 9 Cotta/westliche Ortschaften;16 Gorbitz;7670;4492;3178;6412;1255;987;1795;1961;1181;1746;1253;4716;758;807
2020;4. Quartal;StB 9 Cotta/westliche Ortschaften;17 Briesnitz und westliche OS;10186;5119;5067;10010;176;700;1667;2744;2491;2584;558;6628;2531;732
2020;4. Quartal;unbekannt;00 unbekannt;928;486;442;784;144;105;346;266;137;74;79;428;387;75
2021;1. Quartal;StB 0 Altstadt;01 StB Altstadt ohne Johannstadt;14014;8027;5987;11535;2476;2066;5636;3067;1567;1678;1836;6283;4913;1503
2021;1. Quartal;StB 0 Altstadt;02 Johannstadt;8434;4379;4055;7334;1100;858;2619;2073;1481;1403;806;4223;2913;864
2021;1. Quartal;StB 1 Neustadt;03 StB Neustadt ohne Leipziger Vorstadt;17376;9353;8023;15632;1743;1103;6151;5222;3080;1820;1328;6092;9109;1388
2021;1. Quartal;StB 1 Neustadt;04 Leipziger Vorstadt, Pieschen;6538;3516;3022;6133;405;569;2526;2076;885;482;600;2675;2987;582
2021;1. Quartal;StB 2 Pieschen;04 Leipziger Vorstadt, Pieschen;12320;6594;5726;11624;696;1119;3948;3827;1922;1504;1066;6844;3762;749
2021;1. Quartal;StB 2 Pieschen;05 Mickten, Kaditz, Trachau;13431;6851;6580;12927;504;1049;3199;3967;2834;2382;884;8707;3124;776
2021;1. Quartal;StB 3 Klotzsche/nördliche Ortschaften;06 StB Klotzsche und nördliche OS;12455;6303;6152;12090;364;823;1754;3178;3419;3281;654;7396;3813;812
2021;1. Quartal;StB 4 Loschwitz/OS Schönfeld-Weißig;07 StB Loschwitz und OS Schönfeld-Weißig;12427;6099;6328;12014;413;735;1682;3255;3528;3227;620;6508;4686;1020
2021;1. Quartal;StB 5 Blasewitz;08 Blasewitz, Striesen;21812;10786;11026;20560;1252;1526;5578;6154;4836;3718;1257;10268;9368;1491
2021;1. Quartal;StB 5 Blasewitz;09 Tolkewitz, Seidnitz, Gruna;15638;7827;7811;14941;697;1342;3691;3979;3452;3174;1130;10174;3511;1174
2021;1. Quartal;StB 6 Leuben;10 StB Leuben;15457;7783;7674;14998;459;1200;2714;4016;4021;3506;1083;10461;3107;1130
2021;1. Quartal;StB 7 Prohlis;11 Prohlis, Reick (mit Sternhäuser, Am Koitschgraben);7510;4248;3262;6498;1012;844;1697;1828;1524;1617;1034;4932;840;776
2021;1. Quartal;StB 7 Prohlis;12 Niedersedlitz, Leubnitz, Strehlen (ohne Sternhäuser, Am Koitschgraben);14269;7329;6940;13674;595;1131;2852;3608;3373;3305;903;8376;4240;1139
2021;1. Quartal;StB 8 Plauen;13 Südvorstadt, Zschertnitz;10897;6269;4628;8868;2029;1470;3792;2470;1601;1564;1506;4358;4334;1750
2021;1. Quartal;StB 8 Plauen;14 Mockritz, Coschütz, Plauen;10212;5300;4912;9643;568;733;2427;2744;2159;2149;669;4925;4176;888
2021;1. Quartal;StB 9 Cotta/westliche Ortschaften;15 Cotta, Löbtau, Naußlitz, Dölzschen;20911;11103;9808;19954;957;2207;7066;5518;3156;2964;1834;11728;6408;1722
2021;1. Quartal;StB 9 Cotta/westliche Ortschaften;16 Gorbitz;7541;4418;3123;6320;1221;925;1765;1981;1171;1699;1198;4692;749;761
2021;1. Quartal;StB 9 Cotta/westliche Ortschaften;17 Briesnitz und westliche OS;10104;5074;5030;9930;174;672;1615;2761;2477;2579;532;6608;2510;700
2021;1. Quartal;unbekannt;00 unbekannt;946;496;450;796;150;116;342;269;142;77;81;433;397;91
2021;2. Quartal;StB 0 Altstadt;01 StB Altstadt ohne Johannstadt;14259;8197;6062;11647;2609;2037;5744;3161;1596;1721;1808;6380;5095;1547
2021;2. Quartal;StB 0 Altstadt;02 Johannstadt;8448;4396;4052;7315;1133;838;2610;2098;1484;1418;787;4241;2936;884
2021;2. Quartal;StB 1 Neustadt;03 StB Neustadt ohne Leipziger Vorstadt;17456;9411;8045;15678;1777;1075;6099;5305;3114;1863;1339;6069;9224;1455
2021;2. Quartal;StB 1 Neustadt;04 Leipziger Vorstadt, Pieschen;6577;3568;3009;6154;423;553;2533;2088;902;501;595;2664;3044;618
2021;2. Quartal;StB 2 Pieschen;04 Leipziger Vorstadt, Pieschen;12367;6601;5766;11622;745;1094;3942;3884;1940;1507;1041;6833;3853;809
2021;2. Quartal;StB 2 Pieschen;05 Mickten, Kaditz, Trachau;13446;6874;6572;12924;522;1019;3171;3987;2853;2416;869;8709;3159;783
2021;2. Quartal;StB 3 Klotzsche/nördliche Ortschaften;06 StB Klotzsche und nördliche OS;12456;6328;6128;12087;368;799;1727;3179;3407;3344;647;7375;3837;814
2021;2. Quartal;StB 4 Loschwitz/OS Schönfeld-Weißig;07 StB Loschwitz und OS Schönfeld-Weißig;12421;6107;6314;12009;412;715;1660;3233;3557;3256;595;6505;4702;1089
2021;2. Quartal;StB 5 Blasewitz;08 Blasewitz, Striesen;21908;10844;11064;20608;1300;1526;5558;6183;4849;3792;1239;10285;9463;1555
2021;2. Quartal;StB 5 Blasewitz;09 Tolkewitz, Seidnitz, Gruna;15596;7813;7783;14884;712;1318;3621;4005;3415;3237;1127;10130;3528;1207
2021;2. Quartal;StB 6 Leuben;10 StB Leuben;15405;7791;7614;14920;485;1172;2649;4006;4025;3553;1063;10426;3117;1180
2021;2. Quartal;StB 7 Prohlis;11 Prohlis, Reick (mit Sternhäuser, Am Koitschgraben);7563;4299;3264;6453;1110;865;1703;1841;1537;1617;1052;4936;854;787
2021;2. Quartal;StB 7 Prohlis;12 Niedersedlitz, Leubnitz, Strehlen (ohne Sternhäuser, Am Koitschgraben);14266;7315;6951;13652;614;1096;2830;3614;3367;3359;895;8378;4253;1176
2021;2. Quartal;StB 8 Plauen;13 Südvorstadt, Zschertnitz;11002;6352;4650;8860;2142;1445;3863;2505;1609;1580;1522;4341;4428;1825
2021;2. Quartal;StB 8 Plauen;14 Mockritz, Coschütz, Plauen;10212;5312;4900;9621;590;711;2445;2750;2150;2156;643;4931;4201;943
2021;2. Quartal;StB 9 Cotta/westliche Ortschaften;15 Cotta, Löbtau, Naußlitz, Dölzschen;20951;11141;9810;19952;999;2239;6995;5573;3135;3009;1834;11723;6460;1783
2021;2. Quartal;StB 9 Cotta/westliche Ortschaften;16 Gorbitz;7564;4464;3100;6247;1317;899;1781;2012;1191;1681;1225;4670;775;763
2021;2. Quartal;StB 9 Cotta/westliche Ortschaften;17 Briesnitz und westliche OS;10042;5041;5001;9876;166;645;1553;2777;2470;2597;507;6594;2492;723
2021;2. Quartal;unbekannt;00 unbekannt;1044;558;486;874;170;125;396;293;144;86;85;468;453;89
2021;3. Quartal;StB 0 Altstadt;01 StB Altstadt ohne Johannstadt;14528;8386;6142;11754;2773;2101;5820;3244;1618;1745;1953;6375;5194;1598
2021;3. Quartal;StB 0 Altstadt;02 Johannstadt;8547;4469;4078;7360;1187;894;2581;2151;1494;1427;846;4244;2959;870
2021;3. Quartal;StB 1 Neustadt;03 StB Neustadt ohne Leipziger Vorstadt;17489;9479;8010;15643;1845;1131;5989;5320;3155;1894;1413;6068;9168;1465
2021;3. Quartal;StB 1 Neustadt;04 Leipziger Vorstadt, Pieschen;6624;3603;3021;6195;429;567;2501;2140;907;509;603;2665;3079;618
2021;3. Quartal;StB 2 Pieschen;04 Leipziger Vorstadt, Pieschen;12492;6654;5838;11757;735;1169;3862;3962;1971;1528;1114;6866;3883;817
2021;3. Quartal;StB 2 Pieschen;05 Mickten, Kaditz, Trachau;13599;6964;6635;13077;522;1109;3153;4023;2846;2468;972;8721;3211;811
2021;3. Quartal;StB 3 Klotzsche/nördliche Ortschaften;06 StB Klotzsche und nördliche OS;12566;6391;6175;12156;409;885;1725;3215;3384;3357;735;7397;3841;834
2021;3. Quartal;StB 4 Loschwitz/OS Schönfeld-Weißig;07 StB Loschwitz und OS Schönfeld-Weißig;12540;6173;6367;12118;422;797;1661;3247;3565;3270;648;6527;4743;1106
2021;3. Quartal;StB 5 Blasewitz;08 Blasewitz, Striesen;22056;10939;11117;20709;1346;1623;5484;6258;4851;3840;1310;10302;9514;1602
2021;3. Quartal;StB 5 Blasewitz;09 Tolkewitz, Seidnitz, Gruna;15803;7916;7887;15054;749;1449;3625;4047;3406;3276;1243;10197;3539;1193
2021;3. Quartal;StB 6 Leuben;10 StB Leuben;15623;7888;7735;15117;506;1339;2592;4055;4063;3574;1204;10462;3133;1195
2021;3. Quartal;StB 7 Prohlis;11 Prohlis, Reick (mit Sternhäuser, Am Koitschgraben);7767;4437;3330;6541;1226;976;1738;1879;1546;1628;1173;4930;878;800
2021;3. Quartal;StB 7 Prohlis;12 Niedersedlitz, Leubnitz, Strehlen (ohne Sternhäuser, Am Koitschgraben);14538;7478;7060;13883;655;1221;2869;3667;3367;3414;1007;8476;4299;1183
2021;3. Quartal;StB 8 Plauen;13 Südvorstadt, Zschertnitz;11170;6477;4693;8897;2273;1491;3907;2552;1615;1605;1601;4363;4470;1769
2021;3. Quartal;StB 8 Plauen;14 Mockritz, Coschütz, Plauen;10292;5349;4943;9683;608;796;2423;2749;2169;2155;696;4953;4206;899
2021;3. Quartal;StB 9 Cotta/westliche Ortschaften;15 Cotta, Löbtau, Naußlitz, Dölzschen;21098;11213;9885;20048;1050;2311;6926;5689;3144;3028;1866;11765;6520;1783
2021;3. Quartal;StB 9 Cotta/westliche Ortschaften;16 Gorbitz;7768;4586;3182;6348;1420;1028;1783;2059;1218;1680;1348;4679;787;800
2021;3. Quartal;StB 9 Cotta/westliche Ortschaften;17 Briesnitz und westliche OS;10143;5108;5035;9966;177;706;1565;2794;2448;2630;558;6644;2500;750
2021;3. Quartal;unbekannt;00 unbekannt;1163;615;548;976;187;133;465;323;148;94;93;517;522;91
2021;4. Quartal;StB 0 Altstadt;01 StB Altstadt ohne Johannstadt;14705;8442;6263;11821;2883;2158;5862;3314;1620;1751;1996;6365;5331;1573
2021;4. Quartal;StB 0 Altstadt;02 Johannstadt;8635;4517;4118;7376;1259;906;2588;2215;1482;1444;868;4269;2981;855
2021;4. Quartal;StB 1 Neustadt;03 StB Neustadt ohne Leipziger Vorstadt;17614;9567;8047;15727;1886;1165;5978;5349;3208;1914;1466;6086;9224;1391
2021;4. Quartal;StB 1 Neustadt;04 Leipziger Vorstadt, Pieschen;6686;3629;3057;6247;439;576;2508;2155;928;519;627;2649;3130;620
2021;4. Quartal;StB 2 Pieschen;04 Leipziger Vorstadt, Pieschen;12465;6646;5819;11728;737;1169;3777;3999;1964;1556;1114;6820;3918;793
2021;4. Quartal;StB 2 Pieschen;05 Mickten, Kaditz, Trachau;13560;6935;6625;13055;505;1121;3060;4065;2830;2484;963;8687;3230;794
2021;4. Quartal;StB 3 Klotzsche/nördliche Ortschaften;06 StB Klotzsche und nördliche OS;12549;6377;6172;12119;429;896;1699;3227;3364;3363;756;7359;3850;811
2021;4. Quartal;StB 4 Loschwitz/OS Schönfeld-Weißig;07 StB Loschwitz und OS Schönfeld-Weißig;12540;6176;6364;12122;418;790;1644;3247;3558;3301;652;6508;4771;1091
2021;4. Quartal;StB 5 Blasewitz;08 Blasewitz, Striesen;22081;10938;11143;20688;1392;1657;5424;6242;4834;3924;1342;10245;9571;1542
2021;4. Quartal;StB 5 Blasewitz;09 Tolkewitz, Seidnitz, Gruna;15802;7899;7903;15012;790;1473;3576;4050;3403;3300;1263;10149;3568;1156
2021;4. Quartal;StB 6 Leuben;10 StB Leuben;15610;7861;7749;15093;517;1357;2528;4037;4043;3645;1226;10430;3153;1145
2021;4. Quartal;StB 7 Prohlis;11 Prohlis, Reick (mit Sternhäuser, Am Koitschgraben);7757;4424;3333;6524;1233;965;1724;1883;1536;1649;1186;4923;887;790
2021;4. Quartal;StB 7 Prohlis;12 Niedersedlitz, Leubnitz, Strehlen (ohne Sternhäuser, Am Koitschgraben);14541;7453;7088;13855;686;1216;2857;3675;3343;3450;1003;8464;4327;1125
2021;4. Quartal;StB 8 Plauen;13 Südvorstadt, Zschertnitz;11307;6555;4752;8964;2343;1550;3938;2551;1643;1625;1632;4342;4572;1724
2021;4. Quartal;StB 8 Plauen;14 Mockritz, Coschütz, Plauen;10310;5343;4967;9694;615;788;2423;2766;2169;2164;698;4946;4231;887
2021;4. Quartal;StB 9 Cotta/westliche Ortschaften;15 Cotta, Löbtau, Naußlitz, Dölzschen;21125;11216;9909;20043;1082;2331;6817;5732;3169;3076;1932;11710;6544;1693
2021;4. Quartal;StB 9 Cotta/westliche Ortschaften;16 Gorbitz;7766;4591;3175;6297;1469;1036;1775;2087;1202;1666;1370;4646;793;770
2021;4. Quartal;StB 9 Cotta/westliche Ortschaften;17 Briesnitz und westliche OS;10062;5080;4982;9875;187;681;1549;2770;2429;2633;555;6588;2487;744
2021;4. Quartal;unbekannt;00 unbekannt;1313;695;618;1105;208;138;539;377;159;100;87;596;589;97
2022;1. Quartal;StB 0 Altstadt;01 StB Altstadt ohne Johannstadt;14922;8584;6338;11937;2985;2175;5930;3409;1627;1781;1988;6465;5459;1555
2022;1. Quartal;StB 0 Altstadt;02 Johannstadt;8687;4519;4168;7377;1310;920;2608;2216;1504;1439;866;4290;3022;823
2022;1. Quartal;StB 1 Neustadt;03 StB Neustadt ohne Leipziger Vorstadt;17569;9562;8007;15685;1884;1128;5896;5340;3248;1957;1400;6084;9255;1410
2022;1. Quartal;StB 1 Neustadt;04 Leipziger Vorstadt, Pieschen;6672;3638;3034;6228;444;551;2473;2174;947;527;593;2644;3162;619
2022;1. Quartal;StB 2 Pieschen;04 Leipziger Vorstadt, Pieschen;12421;6634;5787;11659;762;1127;3707;4034;2014;1539;1081;6810;3922;798
2022;1. Quartal;StB 2 Pieschen;05 Mickten, Kaditz, Trachau;13520;6907;6613;12986;534;1103;3003;4099;2811;2504;915;8705;3234;768
2022;1. Quartal;StB 3 Klotzsche/nördliche Ortschaften;06 StB Klotzsche und nördliche OS;12492;6357;6135;12049;443;869;1665;3240;3335;3383;713;7343;3857;814
2022;1. Quartal;StB 4 Loschwitz/OS Schönfeld-Weißig;07 StB Loschwitz und OS Schönfeld-Weißig;12458;6133;6325;12036;422;756;1612;3241;3527;3322;620;6459;4780;1071
2022;1. Quartal;StB 5 Blasewitz;08 Blasewitz, Striesen;22115;10994;11121;20690;1424;1631;5377;6261;4870;3976;1315;10261;9612;1547
2022;1. Quartal;StB 5 Blasewitz;09 Tolkewitz, Seidnitz, Gruna;15720;7850;7870;14922;798;1453;3488;4073;3385;3321;1227;10107;3578;1130
2022;1. Quartal;StB 6 Leuben;10 StB Leuben;15572;7853;7719;15042;530;1322;2492;4065;4027;3666;1181;10425;3178;1132
2022;1. Quartal;StB 7 Prohlis;11 Prohlis, Reick (mit Sternhäuser, Am Koitschgraben);7830;4445;3385;6533;1297;944;1766;1908;1579;1633;1153;4985;926;780
2022;1. Quartal;StB 7 Prohlis;12 Niedersedlitz, Leubnitz, Strehlen (ohne Sternhäuser, Am Koitschgraben);14583;7459;7124;13862;721;1239;2826;3699;3373;3446;995;8475;4357;1175
2022;1. Quartal;StB 8 Plauen;13 Südvorstadt, Zschertnitz;11277;6540;4737;8898;2379;1483;3921;2576;1654;1643;1569;4390;4581;1756
2022;1. Quartal;StB 8 Plauen;14 Mockritz, Coschütz, Plauen;10210;5299;4911;9597;611;776;2326;2771;2188;2149;676;4906;4205;873
2022;1. Quartal;StB 9 Cotta/westliche Ortschaften;15 Cotta, Löbtau, Naußlitz, Dölzschen;21077;11206;9871;19983;1094;2267;6747;5796;3170;3097;1873;11704;6571;1711
2022;1. Quartal;StB 9 Cotta/westliche Ortschaften;16 Gorbitz;7710;4570;3140;6250;1460;983;1760;2115;1213;1639;1321;4649;799;756
2022;1. Quartal;StB 9 Cotta/westliche Ortschaften;17 Briesnitz und westliche OS;9981;5042;4939;9786;195;643;1537;2760;2418;2623;518;6570;2474;716
2022;1. Quartal;unbekannt;00 unbekannt;1414;744;670;1189;225;166;584;395;168;101;102;631;638;98
2022;2. Quartal;StB 0 Altstadt;01 StB Altstadt ohne Johannstadt;15158;8728;6430;12007;3151;2201;5953;3547;1645;1812;2010;6515;5583;1669
2022;2. Quartal;StB 0 Altstadt;02 Johannstadt;8767;4588;4179;7385;1382;921;2605;2242;1516;1483;872;4307;3080;865
2022;2. Quartal;StB 1 Neustadt;03 StB Neustadt ohne Leipziger Vorstadt;17608;9571;8037;15644;1964;1085;5842;5384;3305;1992;1365;6042;9347;1537
2022;2. Quartal;StB 1 Neustadt;04 Leipziger Vorstadt, Pieschen;6692;3656;3036;6230;462;560;2428;2204;948;552;607;2637;3165;681
2022;2. Quartal;StB 2 Pieschen;04 Leipziger Vorstadt, Pieschen;12481;6668;5813;11683;798;1091;3692;4057;2053;1588;1079;6861;3932;842
2022;2. Quartal;StB 2 Pieschen;05 Mickten, Kaditz, Trachau;13531;6924;6607;12965;566;1071;2951;4145;2844;2520;886;8726;3243;840
2022;2. Quartal;StB 3 Klotzsche/nördliche Ortschaften;06 StB Klotzsche und nördliche OS;12468;6361;6107;11987;481;847;1621;3238;3328;3434;699;7308;3872;857
2022;2. Quartal;StB 4 Loschwitz/OS Schönfeld-Weißig;07 StB Loschwitz und OS Schönfeld-Weißig;12423;6123;6300;11978;445;736;1575;3196;3561;3355;635;6439;4766;1162
2022;2. Quartal;StB 5 Blasewitz;08 Blasewitz, Striesen;22141;11014;11127;20646;1494;1594;5267;6333;4892;4055;1278;10279;9657;1657
2022;2. Quartal;StB 5 Blasewitz;09 Tolkewitz, Seidnitz, Gruna;15722;7851;7871;14874;848;1450;3439;4095;3389;3349;1228;10065;3629;1166
2022;2. Quartal;StB 6 Leuben;10 StB Leuben;15596;7878;7718;15019;577;1277;2471;4083;4018;3747;1170;10430;3199;1202
2022;2. Quartal;StB 7 Prohlis;11 Prohlis, Reick (mit Sternhäuser, Am Koitschgraben);7895;4458;3437;6499;1396;949;1752;1959;1595;1640;1143;5007;967;795
2022;2. Quartal;StB 7 Prohlis;12 Niedersedlitz, Leubnitz, Strehlen (ohne Sternhäuser, Am Koitschgraben);14644;7503;7141;13876;768;1234;2801;3731;3367;3511;1014;8470;4425;1258
2022;2. Quartal;StB 8 Plauen;13 Südvorstadt, Zschertnitz;11438;6668;4770;8886;2552;1486;3978;2635;1680;1659;1583;4356;4682;1873
2022;2. Quartal;StB 8 Plauen;14 Mockritz, Coschütz, Plauen;10193;5301;4892;9547;644;756;2309;2766;2214;2148;679;4842;4246;941
2022;2. Quartal;StB 9 Cotta/westliche Ortschaften;15 Cotta, Löbtau, Naußlitz, Dölzschen;21190;11299;9891;20025;1165;2238;6707;5907;3209;3129;1856;11737;6653;1769
2022;2. Quartal;StB 9 Cotta/westliche Ortschaften;16 Gorbitz;7673;4554;3119;6159;1514;920;1748;2130;1256;1619;1299;4639;783;802
2022;2. Quartal;StB 9 Cotta/westliche Ortschaften;17 Briesnitz und westliche OS;9962;5035;4927;9749;213;630;1455;2772;2443;2662;507;6547;2487;774
2022;2. Quartal;unbekannt;00 unbekannt;1518;791;727;1252;266;168;642;428;177;103;108;657;700;106
2022;3. Quartal;StB 0 Altstadt;01 StB Altstadt ohne Johannstadt;15426;8890;6536;12142;3284;2243;6048;3630;1670;1835;2085;6546;5710;1661
2022;3. Quartal;StB 0 Altstadt;02 Johannstadt;8795;4607;4188;7372;1423;929;2580;2248;1532;1506;902;4292;3077;870
2022;3. Quartal;StB 1 Neustadt;03 StB Neustadt ohne Leipziger Vorstadt;17678;9611;8067;15660;2018;1134;5736;5428;3331;2049;1407;6025;9372;1473
2022;3. Quartal;StB 1 Neustadt;04 Leipziger Vorstadt, Pieschen;6753;3690;3063;6264;489;575;2427;2212;983;556;605;2643;3227;623
2022;3. Quartal;StB 2 Pieschen;04 Leipziger Vorstadt, Pieschen;12471;6662;5809;11676;795;1136;3573;4101;2071;1590;1104;6814;3944;813
2022;3. Quartal;StB 2 Pieschen;05 Mickten, Kaditz, Trachau;13695;7027;6668;13119;576;1204;2879;4188;2848;2576;1006;8749;3247;863
2022;3. Quartal;StB 3 Klotzsche/nördliche Ortschaften;06 StB Klotzsche und nördliche OS;12557;6420;6137;12071;486;929;1595;3252;3325;3456;771;7301;3883;866
2022;3. Quartal;StB 4 Loschwitz/OS Schönfeld-Weißig;07 StB Loschwitz und OS Schönfeld-Weißig;12472;6146;6326;12022;450;832;1550;3157;3545;3388;708;6404;4774;1208
2022;3. Quartal;StB 5 Blasewitz;08 Blasewitz, Striesen;22199;11036;11163;20654;1545;1668;5168;6353;4901;4109;1383;10253;9621;1662
2022;3. Quartal;StB 5 Blasewitz;09 Tolkewitz, Seidnitz, Gruna;15923;7975;7948;15014;909;1578;3407;4157;3438;3343;1334;10129;3644;1205
2022;3. Quartal;StB 6 Leuben;10 StB Leuben;15778;7980;7798;15142;636;1422;2482;4111;3975;3788;1302;10427;3237;1218
2022;3. Quartal;StB 7 Prohlis;11 Prohlis, Reick (mit Sternhäuser, Am Koitschgraben);8020;4517;3503;6550;1470;1029;1733;1995;1618;1645;1244;5014;973;813
2022;3. Quartal;StB 7 Prohlis;12 Niedersedlitz, Leubnitz, Strehlen (ohne Sternhäuser, Am Koitschgraben);14784;7586;7198;13967;817;1320;2756;3763;3395;3550;1113;8483;4437;1286
2022;3. Quartal;StB 8 Plauen;13 Südvorstadt, Zschertnitz;11506;6698;4808;8898;2608;1571;3916;2668;1700;1651;1657;4314;4683;1874
2022;3. Quartal;StB 8 Plauen;14 Mockritz, Coschütz, Plauen;10208;5332;4876;9546;662;805;2267;2774;2206;2156;735;4820;4225;909
2022;3. Quartal;StB 9 Cotta/westliche Ortschaften;15 Cotta, Löbtau, Naußlitz, Dölzschen;21391;11454;9937;20156;1235;2342;6670;5936;3261;3182;1957;11796;6680;1753
2022;3. Quartal;StB 9 Cotta/westliche Ortschaften;16 Gorbitz;7717;4559;3158;6153;1564;1002;1719;2147;1238;1611;1367;4622;784;792
2022;3. Quartal;StB 9 Cotta/westliche Ortschaften;17 Briesnitz und westliche OS;10011;5046;4965;9801;210;706;1400;2770;2465;2670;563;6530;2491;771
2022;3. Quartal;unbekannt;00 unbekannt;1625;854;771;1343;282;186;678;466;186;109;118;691;759;115
2022;4. Quartal;StB 0 Altstadt;01 StB Altstadt ohne Johannstadt;15731;9052;6679;12304;3427;2305;6170;3729;1685;1842;2151;6602;5879;1714
2022;4. Quartal;StB 0 Altstadt;02 Johannstadt;8868;4638;4230;7423;1445;992;2515;2299;1536;1526;931;4294;3105;901
2022;4. Quartal;StB 1 Neustadt;03 StB Neustadt ohne Leipziger Vorstadt;17612;9555;8057;15559;2053;1145;5596;5459;3318;2094;1404;5979;9362;1494
2022;4. Quartal;StB 1 Neustadt;04 Leipziger Vorstadt, Pieschen;6769;3675;3094;6277;492;592;2364;2248;993;572;596;2652;3249;662
2022;4. Quartal;StB 2 Pieschen;04 Leipziger Vorstadt, Pieschen;12545;6703;5842;11737;808;1154;3510;4169;2097;1615;1119;6823;4014;845
2022;4. Quartal;StB 2 Pieschen;05 Mickten, Kaditz, Trachau;13690;6988;6702;13142;548;1199;2855;4167;2860;2609;1001;8730;3297;855
2022;4. Quartal;StB 3 Klotzsche/nördliche Ortschaften;06 StB Klotzsche und nördliche OS;12528;6429;6099;12043;485;924;1557;3236;3330;3481;764;7280;3888;872
2022;4. Quartal;StB 4 Loschwitz/OS Schönfeld-Weißig;07 StB Loschwitz und OS Schönfeld-Weißig;12437;6117;6320;11977;460;829;1522;3137;3545;3404;723;6364;4786;1217
2022;4. Quartal;StB 5 Blasewitz;08 Blasewitz, Striesen;22274;11055;11219;20689;1585;1706;5137;6359;4917;4155;1426;10245;9686;1679
2022;4. Quartal;StB 5 Blasewitz;09 Tolkewitz, Seidnitz, Gruna;15849;7933;7916;14915;934;1569;3349;4122;3389;3420;1333;10069;3649;1253
2022;4. Quartal;StB 6 Leuben;10 StB Leuben;15771;7994;7777;15121;650;1413;2421;4136;3946;3855;1300;10400;3263;1239
2022;4. Quartal;StB 7 Prohlis;11 Prohlis, Reick (mit Sternhäuser, Am Koitschgraben);8020;4532;3488;6504;1516;1043;1708;2010;1607;1652;1267;4995;969;819
2022;4. Quartal;StB 7 Prohlis;12 Niedersedlitz, Leubnitz, Strehlen (ohne Sternhäuser, Am Koitschgraben);14755;7543;7212;13934;821;1342;2720;3741;3392;3560;1138;8442;4437;1290
2022;4. Quartal;StB 8 Plauen;13 Südvorstadt, Zschertnitz;11551;6691;4860;8913;2638;1606;3867;2684;1713;1681;1730;4309;4682;1860
2022;4. Quartal;StB 8 Plauen;14 Mockritz, Coschütz, Plauen;10226;5347;4879;9557;669;791;2260;2749;2247;2179;746;4806;4256;944
2022;4. Quartal;StB 9 Cotta/westliche Ortschaften;15 Cotta, Löbtau, Naußlitz, Dölzschen;21354;11423;9931;20114;1240;2340;6596;5961;3286;3171;1994;11709;6717;1770
2022;4. Quartal;StB 9 Cotta/westliche Ortschaften;16 Gorbitz;7632;4514;3118;6050;1582;1002;1687;2121;1239;1583;1378;4550;775;810
2022;4. Quartal;StB 9 Cotta/westliche Ortschaften;17 Briesnitz und westliche OS;9980;5008;4972;9766;214;714;1368;2779;2458;2661;578;6484;2492;785
2022;4. Quartal;unbekannt;00 unbekannt;1698;889;809;1411;287;195;707;485;195;116;125;730;783;121
2023;1. Quartal;StB 0 Altstadt;01 StB Altstadt ohne Johannstadt;15778;9078;6700;12299;3479;2289;6166;3788;1707;1828;2156;6593;5942;1699
2023;1. Quartal;StB 0 Altstadt;02 Johannstadt;8833;4641;4192;7383;1450;1001;2450;2341;1533;1508;957;4269;3085;889
2023;1. Quartal;StB 1 Neustadt;03 StB Neustadt ohne Leipziger Vorstadt;17610;9565;8045;15525;2085;1163;5510;5472;3340;2125;1397;5953;9395;1495
2023;1. Quartal;StB 1 Neustadt;04 Leipziger Vorstadt, Pieschen;6863;3744;3119;6360;503;605;2367;2284;1027;580;609;2696;3279;654
2023;1. Quartal;StB 2 Pieschen;04 Leipziger Vorstadt, Pieschen;12416;6586;5830;11603;813;1123;3433;4132;2108;1620;1070;6737;4025;828
2023;1. Quartal;StB 2 Pieschen;05 Mickten, Kaditz, Trachau;13672;6992;6680;13086;586;1150;2820;4172;2895;2635;975;8699;3331;821
2023;1. Quartal;StB 3 Klotzsche/nördliche Ortschaften;06 StB Klotzsche und nördliche OS;12517;6432;6085;11990;527;928;1547;3244;3306;3492;738;7264;3927;848
2023;1. Quartal;StB 4 Loschwitz/OS Schönfeld-Weißig;07 StB Loschwitz und OS Schönfeld-Weißig;12389;6092;6297;11913;476;798;1481;3124;3569;3417;651;6363;4812;1169
2023;1. Quartal;StB 5 Blasewitz;08 Blasewitz, Striesen;22270;11101;11169;20623;1647;1693;5079;6401;4899;4198;1413;10236;9716;1638
2023;1. Quartal;StB 5 Blasewitz;09 Tolkewitz, Seidnitz, Gruna;15842;7927;7915;14872;970;1527;3307;4158;3419;3431;1301;10105;3666;1224
2023;1. Quartal;StB 6 Leuben;10 StB Leuben;15653;7936;7717;14975;678;1372;2364;4113;3900;3904;1253;10336;3261;1243
2023;1. Quartal;StB 7 Prohlis;11 Prohlis, Reick (mit Sternhäuser, Am Koitschgraben);7898;4459;3439;6397;1501;983;1684;1999;1611;1621;1205;4960;979;780
2023;1. Quartal;StB 7 Prohlis;12 Niedersedlitz, Leubnitz, Strehlen (ohne Sternhäuser, Am Koitschgraben);14681;7532;7149;13847;834;1286;2716;3732;3386;3561;1083;8431;4449;1254
2023;1. Quartal;StB 8 Plauen;13 Südvorstadt, Zschertnitz;11510;6662;4848;8806;2704;1552;3854;2714;1713;1677;1705;4280;4698;1884
2023;1. Quartal;StB 8 Plauen;14 Mockritz, Coschütz, Plauen;10170;5332;4838;9495;675;764;2219;2759;2242;2186;710;4791;4248;910
2023;1. Quartal;StB 9 Cotta/westliche Ortschaften;15 Cotta, Löbtau, Naußlitz, Dölzschen;21326;11395;9931;20045;1281;2362;6497;5994;3287;3186;1954;11724;6737;1748
2023;1. Quartal;StB 9 Cotta/westliche Ortschaften;16 Gorbitz;7492;4439;3053;5928;1564;952;1663;2111;1216;1550;1328;4502;786;826
2023;1. Quartal;StB 9 Cotta/westliche Ortschaften;17 Briesnitz und westliche OS;9903;4990;4913;9689;214;691;1332;2752;2466;2662;537;6450;2506;783
2023;1. Quartal;unbekannt;00 unbekannt;1776;936;840;1466;310;195;738;513;209;121;126;752;835;113
2023;2. Quartal;StB 0 Altstadt;01 StB Altstadt ohne Johannstadt;15974;9254;6720;12336;3638;2305;6260;3829;1738;1842;2186;6638;6037;1832
2023;2. Quartal;StB 0 Altstadt;02 Johannstadt;8841;4642;4199;7369;1472;989;2472;2319;1541;1520;907;4303;3099;931
2023;2. Quartal;StB 1 Neustadt;03 StB Neustadt ohne Leipziger Vorstadt;17623;9565;8058;15533;2090;1212;5500;5394;3367;2150;1428;5919;9404;1672
2023;2. Quartal;StB 1 Neustadt;04 Leipziger Vorstadt, Pieschen;6833;3761;3072;6307;526;590;2349;2254;1049;591;593;2668;3299;713
2023;2. Quartal;StB 2 Pieschen;04 Leipziger Vorstadt, Pieschen;12363;6601;5762;11515;848;1091;3334;4156;2148;1634;1054;6681;4026;853
2023;2. Quartal;StB 2 Pieschen;05 Mickten, Kaditz, Trachau;13679;7016;6663;13056;623;1127;2768;4185;2910;2689;970;8668;3367;922
2023;2. Quartal;StB 3 Klotzsche/nördliche Ortschaften;06 StB Klotzsche und nördliche OS;12471;6434;6037;11926;545;893;1525;3247;3272;3534;713;7218;3967;965
2023;2. Quartal;StB 4 Loschwitz/OS Schönfeld-Weißig;07 StB Loschwitz und OS Schönfeld-Weißig;12501;6150;6351;12022;479;767;1499;3175;3593;3467;654;6375;4921;1215
2023;2. Quartal;StB 5 Blasewitz;08 Blasewitz, Striesen;22226;11094;11132;20495;1731;1629;5033;6392;4887;4285;1372;10201;9766;1729
2023;2. Quartal;StB 5 Blasewitz;09 Tolkewitz, Seidnitz, Gruna;15890;7988;7902;14850;1040;1501;3279;4187;3454;3469;1268;10198;3682;1274
2023;2. Quartal;StB 6 Leuben;10 StB Leuben;15802;8026;7776;15062;740;1386;2392;4128;3914;3982;1256;10422;3315;1335
2023;2. Quartal;StB 7 Prohlis;11 Prohlis, Reick (mit Sternhäuser, Am Koitschgraben);7845;4472;3373;6300;1545;928;1669;1988;1610;1650;1200;4889;970;851
2023;2. Quartal;StB 7 Prohlis;12 Niedersedlitz, Leubnitz, Strehlen (ohne Sternhäuser, Am Koitschgraben);14691;7534;7157;13836;855;1266;2705;3756;3370;3594;1091;8389;4511;1322
2023;2. Quartal;StB 8 Plauen;13 Südvorstadt, Zschertnitz;11593;6725;4868;8762;2830;1674;3788;2689;1740;1702;1753;4292;4677;2029
2023;2. Quartal;StB 8 Plauen;14 Mockritz, Coschütz, Plauen;10239;5379;4860;9498;740;778;2232;2768;2242;2219;723;4814;4296;949
2023;2. Quartal;StB 9 Cotta/westliche Ortschaften;15 Cotta, Löbtau, Naußlitz, Dölzschen;21398;11467;9931;20025;1373;2402;6431;5980;3355;3230;1991;11725;6781;1853
2023;2. Quartal;StB 9 Cotta/westliche Ortschaften;16 Gorbitz;7435;4425;3010;5806;1629;927;1637;2107;1243;1521;1351;4431;773;850
2023;2. Quartal;StB 9 Cotta/westliche Ortschaften;17 Briesnitz und westliche OS;9940;5014;4926;9702;238;681;1315;2763;2495;2686;537;6445;2554;806
2023;2. Quartal;unbekannt;00 unbekannt;2100;1112;988;1754;346;218;840;627;272;143;144;892;990;152
2023;3. Quartal;StB 0 Altstadt;01 StB Altstadt ohne Johannstadt;16096;9317;6779;12351;3745;2353;6226;3922;1757;1838;2297;6599;6075;1743
2023;3. Quartal;StB 0 Altstadt;02 Johannstadt;8919;4680;4239;7417;1502;1041;2461;2343;1543;1531;955;4341;3095;908
2023;3. Quartal;StB 1 Neustadt;03 StB Neustadt ohne Leipziger Vorstadt;17765;9635;8130;15564;2201;1278;5464;5452;3378;2193;1510;5912;9443;1567
2023;3. Quartal;StB 1 Neustadt;04 Leipziger Vorstadt, Pieschen;6830;3773;3057;6291;539;589;2322;2243;1077;599;611;2623;3318;717
2023;3. Quartal;StB 2 Pieschen;04 Leipziger Vorstadt, Pieschen;12436;6671;5765;11576;860;1161;3272;4175;2169;1659;1134;6664;4043;863
2023;3. Quartal;StB 2 Pieschen;05 Mickten, Kaditz, Trachau;13864;7112;6752;13219;645;1244;2754;4216;2942;2708;1095;8698;3385;884
2023;3. Quartal;StB 3 Klotzsche/nördliche Ortschaften;06 StB Klotzsche und nördliche OS;12584;6501;6083;12022;562;981;1522;3245;3295;3541;779;7243;3998;927
2023;3. Quartal;StB 4 Loschwitz/OS Schönfeld-Weißig;07 StB Loschwitz und OS Schönfeld-Weißig;12580;6216;6364;12106;474;817;1506;3171;3578;3508;737;6354;4951;1199
2023;3. Quartal;StB 5 Blasewitz;08 Blasewitz, Striesen;22422;11183;11239;20601;1821;1735;5032;6405;4920;4330;1535;10172;9820;1687
2023;3. Quartal;StB 5 Blasewitz;09 Tolkewitz, Seidnitz, Gruna;15995;8019;7976;14907;1088;1635;3238;4182;3433;3507;1385;10150;3680;1249
2023;3. Quartal;StB 6 Leuben;10 StB Leuben;15925;8076;7849;15166;759;1539;2387;4083;3914;4002;1385;10395;3338;1317
2023;3. Quartal;StB 7 Prohlis;11 Prohlis, Reick (mit Sternhäuser, Am Koitschgraben);8016;4560;3456;6354;1661;1037;1701;2009;1627;1642;1310;4907;976;878
2023;3. Quartal;StB 7 Prohlis;12 Niedersedlitz, Leubnitz, Strehlen (ohne Sternhäuser, Am Koitschgraben);14818;7596;7222;13944;874;1362;2701;3787;3382;3586;1200;8401;4515;1290
2023;3. Quartal;StB 8 Plauen;13 Südvorstadt, Zschertnitz;11672;6813;4859;8791;2881;1681;3836;2705;1743;1707;1779;4260;4735;1956
2023;3. Quartal;StB 8 Plauen;14 Mockritz, Coschütz, Plauen;10237;5372;4865;9484;752;804;2156;2812;2239;2226;765;4790;4268;916
2023;3. Quartal;StB 9 Cotta/westliche Ortschaften;15 Cotta, Löbtau, Naußlitz, Dölzschen;21407;11486;9921;20015;1392;2476;6288;6043;3371;3229;2107;11651;6749;1801
2023;3. Quartal;StB 9 Cotta/westliche Ortschaften;16 Gorbitz;7569;4524;3045;5845;1724;1025;1661;2122;1256;1505;1459;4399;786;835
2023;3. Quartal;StB 9 Cotta/westliche Ortschaften;17 Briesnitz und westliche OS;10080;5085;4995;9831;249;746;1333;2810;2493;2698;598;6470;2595;799
2023;3. Quartal;unbekannt;00 unbekannt;2330;1225;1105;1947;383;234;951;692;302;151;160;974;1116;156
2023;4. Quartal;StB 0 Altstadt;01 StB Altstadt ohne Johannstadt;16202;9365;6837;12330;3872;2363;6217;3996;1771;1855;2314;6551;6204;1798
2023;4. Quartal;StB 0 Altstadt;02 Johannstadt;8981;4681;4300;7430;1551;1053;2453;2371;1573;1531;980;4331;3153;940
2023;4. Quartal;StB 1 Neustadt;03 StB Neustadt ohne Leipziger Vorstadt;17809;9653;8156;15596;2213;1294;5418;5456;3425;2216;1522;5892;9503;1664
2023;4. Quartal;StB 1 Neustadt;04 Leipziger Vorstadt, Pieschen;6858;3793;3065;6302;556;595;2311;2236;1098;618;635;2606;3343;695
2023;4. Quartal;StB 2 Pieschen;04 Leipziger Vorstadt, Pieschen;12492;6696;5796;11613;879;1161;3287;4208;2183;1653;1162;6649;4073;899
2023;4. Quartal;StB 2 Pieschen;05 Mickten, Kaditz, Trachau;13825;7069;6756;13158;667;1243;2700;4205;2965;2712;1092;8662;3398;904
2023;4. Quartal;StB 3 Klotzsche/nördliche Ortschaften;06 StB Klotzsche und nördliche OS;12566;6473;6093;12021;545;957;1529;3247;3272;3561;787;7218;4012;944
2023;4. Quartal;StB 4 Loschwitz/OS Schönfeld-Weißig;07 StB Loschwitz und OS Schönfeld-Weißig;12543;6183;6360;12064;479;810;1468;3164;3597;3504;712;6334;4962;1217
2023;4. Quartal;StB 5 Blasewitz;08 Blasewitz, Striesen;22406;11159;11247;20554;1852;1735;5002;6347;4967;4355;1532;10104;9884;1721
2023;4. Quartal;StB 5 Blasewitz;09 Tolkewitz, Seidnitz, Gruna;15979;8013;7966;14829;1150;1635;3175;4226;3426;3517;1374;10115;3704;1304
2023;4. Quartal;StB 6 Leuben;10 StB Leuben;15829;8009;7820;15083;746;1490;2374;4032;3897;4036;1352;10321;3374;1317
2023;4. Quartal;StB 7 Prohlis;11 Prohlis, Reick (mit Sternhäuser, Am Koitschgraben);7914;4481;3433;6256;1657;996;1636;2003;1636;1643;1287;4838;977;865
2023;4. Quartal;StB 7 Prohlis;12 Niedersedlitz, Leubnitz, Strehlen (ohne Sternhäuser, Am Koitschgraben);14860;7648;7212;13975;885;1370;2697;3801;3370;3622;1211;8413;4549;1299
2023;4. Quartal;StB 8 Plauen;13 Südvorstadt, Zschertnitz;11673;6782;4891;8793;2880;1698;3796;2708;1751;1720;1780;4270;4742;2007
2023;4. Quartal;StB 8 Plauen;14 Mockritz, Coschütz, Plauen;10230;5356;4874;9502;728;811;2132;2837;2218;2232;752;4762;4315;949
2023;4. Quartal;StB 9 Cotta/westliche Ortschaften;15 Cotta, Löbtau, Naußlitz, Dölzschen;21436;11510;9926;20013;1423;2469;6249;6051;3399;3268;2094;11586;6875;1824
2023;4. Quartal;StB 9 Cotta/westliche Ortschaften;16 Gorbitz;7420;4405;3015;5736;1684;982;1610;2110;1241;1477;1408;4349;794;845
2023;4. Quartal;StB 9 Cotta/westliche Ortschaften;17 Briesnitz und westliche OS;10018;5048;4970;9762;256;735;1300;2822;2465;2696;594;6412;2598;806
2023;4. Quartal;unbekannt;00 unbekannt;2395;1263;1132;1997;398;233;962;725;317;158;175;986;1145;156
2024;1. Quartal;StB 0 Altstadt;01 StB Altstadt ohne Johannstadt;16235;9401;6834;12311;3924;2345;6198;4039;1807;1846;2252;6579;6279;1748
2024;1. Quartal;StB 0 Altstadt;02 Johannstadt;8955;4678;4277;7395;1560;1012;2440;2395;1594;1514;956;4338;3148;922
2024;1. Quartal;StB 1 Neustadt;03 StB Neustadt ohne Leipziger Vorstadt;17950;9713;8237;15680;2270;1266;5475;5491;3443;2275;1486;5949;9625;1615
2024;1. Quartal;StB 1 Neustadt;04 Leipziger Vorstadt, Pieschen;6845;3761;3084;6276;569;586;2272;2248;1123;616;645;2581;3353;693
2024;1. Quartal;StB 2 Pieschen;04 Leipziger Vorstadt, Pieschen;12387;6626;5761;11498;889;1121;3220;4183;2209;1654;1139;6590;4074;848
2024;1. Quartal;StB 2 Pieschen;05 Mickten, Kaditz, Trachau;13796;7062;6734;13097;699;1222;2685;4209;2967;2713;1065;8643;3398;892
2024;1. Quartal;StB 3 Klotzsche/nördliche Ortschaften;06 StB Klotzsche und nördliche OS;12452;6410;6042;11888;564;910;1506;3232;3263;3541;735;7172;4011;934
2024;1. Quartal;StB 4 Loschwitz/OS Schönfeld-Weißig;07 StB Loschwitz und OS Schönfeld-Weißig;12516;6148;6368;12019;497;799;1420;3168;3610;3519;680;6310;4996;1196
2024;1. Quartal;StB 5 Blasewitz;08 Blasewitz, Striesen;22351;11133;11218;20503;1848;1669;4927;6374;4976;4405;1459;10130;9899;1687
2024;1. Quartal;StB 5 Blasewitz;09 Tolkewitz, Seidnitz, Gruna;15813;7986;7827;14664;1149;1575;3130;4188;3418;3502;1324;10022;3704;1253
2024;1. Quartal;StB 6 Leuben;10 StB Leuben;15772;8009;7763;14969;803;1449;2323;4076;3865;4059;1323;10293;3382;1269
2024;1. Quartal;StB 7 Prohlis;11 Prohlis, Reick (mit Sternhäuser, Am Koitschgraben);7852;4466;3386;6180;1671;963;1621;1983;1654;1631;1256;4813;983;854
2024;1. Quartal;StB 7 Prohlis;12 Niedersedlitz, Leubnitz, Strehlen (ohne Sternhäuser, Am Koitschgraben);14740;7564;7176;13840;900;1369;2646;3759;3349;3617;1186;8352;4523;1259
2024;1. Quartal;StB 8 Plauen;13 Südvorstadt, Zschertnitz;11649;6722;4927;8765;2884;1681;3767;2735;1753;1713;1727;4277;4794;1971
2024;1. Quartal;StB 8 Plauen;14 Mockritz, Coschütz, Plauen;10158;5348;4810;9409;749;790;2085;2839;2217;2227;711;4734;4328;919
2024;1. Quartal;StB 9 Cotta/westliche Ortschaften;15 Cotta, Löbtau, Naußlitz, Dölzschen;21264;11393;9871;19845;1419;2422;6121;6054;3416;3251;1996;11528;6879;1829
2024;1. Quartal;StB 9 Cotta/westliche Ortschaften;16 Gorbitz;7293;4337;2956;5580;1713;910;1579;2115;1247;1442;1368;4273;796;859
2024;1. Quartal;StB 9 Cotta/westliche Ortschaften;17 Briesnitz und westliche OS;9969;5012;4957;9699;270;716;1249;2817;2497;2690;574;6376;2620;810
2024;1. Quartal;unbekannt;00 unbekannt;2505;1325;1180;2066;439;245;995;778;324;163;195;1019;1191;158
2024;2. Quartal;StB 0 Altstadt;01 StB Altstadt ohne Johannstadt;16436;9506;6930;12372;4064;2328;6299;4153;1808;1848;2240;6549;6514;1786
2024;2. Quartal;StB 0 Altstadt;02 Johannstadt;9072;4752;4320;7425;1647;989;2499;2429;1605;1550;932;4372;3242;980
2024;2. Quartal;StB 1 Neustadt;03 StB Neustadt ohne Leipziger Vorstadt;18064;9752;8312;15759;2305;1237;5507;5526;3463;2331;1493;5949;9754;1747
2024;2. Quartal;StB 1 Neustadt;04 Leipziger Vorstadt, Pieschen;6899;3773;3126;6329;570;584;2267;2271;1161;616;656;2589;3398;728
2024;2. Quartal;StB 2 Pieschen;04 Leipziger Vorstadt, Pieschen;12402;6636;5766;11476;926;1084;3225;4196;2243;1654;1133;6571;4114;916
2024;2. Quartal;StB 2 Pieschen;05 Mickten, Kaditz, Trachau;13809;7079;6730;13089;720;1196;2637;4241;2990;2745;1027;8673;3439;959
2024;2. Quartal;StB 3 Klotzsche/nördliche Ortschaften;06 StB Klotzsche und nördliche OS;12395;6388;6007;11821;574;855;1481;3208;3272;3579;701;7144;4020;975
2024;2. Quartal;StB 4 Loschwitz/OS Schönfeld-Weißig;07 StB Loschwitz und OS Schönfeld-Weißig;12458;6132;6326;11957;501;771;1388;3137;3600;3562;671;6265;5002;1294
2024;2. Quartal;StB 5 Blasewitz;08 Blasewitz, Striesen;22405;11174;11231;20514;1891;1677;4891;6375;5008;4454;1460;10150;9936;1847
2024;2. Quartal;StB 5 Blasewitz;09 Tolkewitz, Seidnitz, Gruna;15845;8011;7834;14634;1211;1545;3064;4258;3419;3559;1291;10027;3739;1307
2024;2. Quartal;StB 6 Leuben;10 StB Leuben;15770;8006;7764;14942;828;1428;2335;4033;3879;4095;1310;10271;3410;1383
2024;2. Quartal;StB 7 Prohlis;11 Prohlis, Reick (mit Sternhäuser, Am Koitschgraben);7855;4471;3384;6102;1753;909;1638;2032;1656;1620;1235;4815;1001;899
2024;2. Quartal;StB 7 Prohlis;12 Niedersedlitz, Leubnitz, Strehlen (ohne Sternhäuser, Am Koitschgraben);14747;7569;7178;13809;938;1293;2667;3778;3348;3661;1168;8335;4562;1334
2024;2. Quartal;StB 8 Plauen;13 Südvorstadt, Zschertnitz;11789;6854;4935;8819;2970;1703;3825;2764;1774;1723;1737;4288;4913;2031
2024;2. Quartal;StB 8 Plauen;14 Mockritz, Coschütz, Plauen;10204;5383;4821;9413;791;799;2083;2839;2246;2237;749;4705;4353;987
2024;2. Quartal;StB 9 Cotta/westliche Ortschaften;15 Cotta, Löbtau, Naußlitz, Dölzschen;21312;11425;9887;19823;1489;2381;6106;6045;3500;3280;1994;11520;6942;1895
2024;2. Quartal;StB 9 Cotta/westliche Ortschaften;16 Gorbitz;7365;4386;2979;5564;1801;921;1598;2147;1263;1436;1377;4294;814;908
2024;2. Quartal;StB 9 Cotta/westliche Ortschaften;17 Briesnitz und westliche OS;9975;5031;4944;9705;270;710;1208;2842;2500;2715;551;6389;2643;871
2024;2. Quartal;unbekannt;00 unbekannt;2552;1362;1190;2095;457;241;1007;799;333;172;190;1033;1216;170
2024;3. Quartal;StB 0 Altstadt;01 StB Altstadt ohne Johannstadt;16678;9643;7035;12412;4266;2395;6341;4233;1850;1859;2380;6508;6603;1761
2024;3. Quartal;StB 0 Altstadt;02 Johannstadt;9238;4891;4347;7476;1762;1040;2541;2487;1610;1560;1001;4378;3319;949
2024;3. Quartal;StB 1 Neustadt;03 StB Neustadt ohne Leipziger Vorstadt;18241;9864;8377;15869;2372;1306;5494;5552;3527;2362;1574;5962;9802;1687
2024;3. Quartal;StB 1 Neustadt;04 Leipziger Vorstadt, Pieschen;6985;3813;3172;6403;582;600;2247;2326;1190;622;679;2592;3447;688
2024;3. Quartal;StB 2 Pieschen;04 Leipziger Vorstadt, Pieschen;12487;6647;5840;11557;930;1135;3202;4195;2276;1679;1182;6574;4146;890
2024;3. Quartal;StB 2 Pieschen;05 Mickten, Kaditz, Trachau;13970;7161;6809;13222;748;1307;2609;4257;3009;2788;1139;8686;3462;920
2024;3. Quartal;StB 3 Klotzsche/nördliche Ortschaften;06 StB Klotzsche und nördliche OS;12452;6423;6029;11874;578;966;1442;3230;3240;3574;784;7115;4023;957
2024;3. Quartal;StB 4 Loschwitz/OS Schönfeld-Weißig;07 StB Loschwitz und OS Schönfeld-Weißig;12618;6226;6392;12104;514;894;1393;3140;3621;3570;791;6284;5025;1241
2024;3. Quartal;StB 5 Blasewitz;08 Blasewitz, Striesen;22535;11230;11305;20580;1955;1776;4788;6454;5003;4514;1549;10106;9985;1783
2024;3. Quartal;StB 5 Blasewitz;09 Tolkewitz, Seidnitz, Gruna;16109;8135;7974;14823;1286;1691;3091;4324;3398;3605;1421;10086;3786;1267
2024;3. Quartal;StB 6 Leuben;10 StB Leuben;15922;8062;7860;15032;890;1606;2319;4011;3869;4117;1459;10217;3427;1343
2024;3. Quartal;StB 7 Prohlis;11 Prohlis, Reick (mit Sternhäuser, Am Koitschgraben);8030;4578;3452;6133;1897;1011;1675;2054;1693;1597;1334;4814;1030;852
2024;3. Quartal;StB 7 Prohlis;12 Niedersedlitz, Leubnitz, Strehlen (ohne Sternhäuser, Am Koitschgraben);14811;7627;7184;13819;992;1403;2641;3766;3356;3645;1278;8263;4580;1266
2024;3. Quartal;StB 8 Plauen;13 Südvorstadt, Zschertnitz;11918;6925;4993;8875;3043;1773;3861;2795;1794;1695;1782;4310;4957;1889
2024;3. Quartal;StB 8 Plauen;14 Mockritz, Coschütz, Plauen;10267;5430;4837;9472;795;857;2081;2811;2283;2235;777;4734;4352;962
2024;3. Quartal;StB 9 Cotta/westliche Ortschaften;15 Cotta, Löbtau, Naußlitz, Dölzschen;21474;11505;9969;19905;1569;2455;6124;6072;3552;3271;2112;11516;6951;1827
2024;3. Quartal;StB 9 Cotta/westliche Ortschaften;16 Gorbitz;7485;4449;3036;5563;1922;1047;1598;2137;1294;1409;1527;4229;812;883
2024;3. Quartal;StB 9 Cotta/westliche Ortschaften;17 Briesnitz und westliche OS;10056;5091;4965;9770;286;802;1210;2826;2494;2724;619;6393;2645;841
2024;3. Quartal;unbekannt;00 unbekannt;2607;1409;1198;2129;478;246;1020;825;329;187;199;1038;1247;170
2024;4. Quartal;StB 0 Altstadt;01 StB Altstadt ohne Johannstadt;16793;9652;7141;12455;4338;2460;6300;4289;1864;1880;2426;6520;6662;1794
2024;4. Quartal;StB 0 Altstadt;02 Johannstadt;9218;4859;4359;7462;1756;1035;2512;2500;1613;1558;1001;4339;3344;983
2024;4. Quartal;StB 1 Neustadt;03 StB Neustadt ohne Leipziger Vorstadt;18284;9809;8475;15877;2407;1331;5451;5564;3570;2368;1609;5920;9882;1694
2024;4. Quartal;StB 1 Neustadt;04 Leipziger Vorstadt, Pieschen;7002;3798;3204;6415;587;605;2213;2331;1232;621;686;2572;3471;716
2024;4. Quartal;StB 2 Pieschen;04 Leipziger Vorstadt, Pieschen;12418;6587;5831;11479;939;1128;3122;4175;2309;1684;1188;6490;4151;921
2024;4. Quartal;StB 2 Pieschen;05 Mickten, Kaditz, Trachau;13878;7103;6775;13152;726;1257;2579;4224;3011;2807;1119;8603;3483;903
2024;4. Quartal;StB 3 Klotzsche/nördliche Ortschaften;06 StB Klotzsche und nördliche OS;12330;6371;5959;11751;579;934;1399;3193;3232;3572;771;7019;4029;982
2024;4. Quartal;StB 4 Loschwitz/OS Schönfeld-Weißig;07 StB Loschwitz und OS Schönfeld-Weißig;12623;6233;6390;12120;503;906;1373;3103;3628;3613;791;6276;5047;1268
2024;4. Quartal;StB 5 Blasewitz;08 Blasewitz, Striesen;22618;11256;11362;20594;2024;1804;4737;6481;5024;4572;1571;10074;10065;1784
2024;4. Quartal;StB 5 Blasewitz;09 Tolkewitz, Seidnitz, Gruna;16139;8139;8000;14797;1342;1666;3106;4339;3394;3634;1434;10040;3849;1294
2024;4. Quartal;StB 6 Leuben;10 StB Leuben;15812;8006;7806;14904;908;1558;2264;4013;3846;4131;1407;10167;3419;1314
2024;4. Quartal;StB 7 Prohlis;11 Prohlis, Reick (mit Sternhäuser, Am Koitschgraben);7992;4537;3455;6051;1941;1010;1668;2045;1686;1583;1345;4747;1052;867
2024;4. Quartal;StB 7 Prohlis;12 Niedersedlitz, Leubnitz, Strehlen (ohne Sternhäuser, Am Koitschgraben);14807;7622;7185;13780;1027;1402;2635;3747;3364;3659;1269;8215;4632;1365
2024;4. Quartal;StB 8 Plauen;13 Südvorstadt, Zschertnitz;11887;6882;5005;8867;3020;1759;3820;2795;1820;1693;1772;4302;4983;1944
2024;4. Quartal;StB 8 Plauen;14 Mockritz, Coschütz, Plauen;10226;5413;4813;9450;776;855;2033;2801;2273;2264;757;4695;4373;993
2024;4. Quartal;StB 9 Cotta/westliche Ortschaften;15 Cotta, Löbtau, Naußlitz, Dölzschen;21414;11436;9978;19824;1590;2412;6065;6096;3579;3262;2133;11398;6994;1833
2024;4. Quartal;StB 9 Cotta/westliche Ortschaften;16 Gorbitz;7492;4468;3024;5538;1954;1054;1617;2119;1306;1396;1501;4207;842;893
2024;4. Quartal;StB 9 Cotta/westliche Ortschaften;17 Briesnitz und westliche OS;10028;5055;4973;9741;287;776;1186;2817;2497;2752;614;6354;2663;878
2024;4. Quartal;unbekannt;00 unbekannt;2629;1417;1212;2144;485;236;1004;869;338;182;191;1035;1275;173
2025;1. Quartal;StB 0 Altstadt;01 StB Altstadt ohne Johannstadt;16805;9665;7140;12361;4444;2339;6360;4368;1872;1866;2365;6536;6709;1728
2025;1. Quartal;StB 0 Altstadt;02 Johannstadt;9145;4830;4315;7376;1769;981;2502;2493;1609;1560;978;4323;3325;944
2025;1. Quartal;StB 1 Neustadt;03 StB Neustadt ohne Leipziger Vorstadt;18133;9732;8401;15727;2406;1246;5336;5567;3583;2401;1539;5885;9849;1641
2025;1. Quartal;StB 1 Neustadt;04 Leipziger Vorstadt, Pieschen;6982;3782;3200;6383;599;603;2181;2329;1247;622;662;2570;3496;665
2025;1. Quartal;StB 2 Pieschen;04 Leipziger Vorstadt, Pieschen;12383;6567;5816;11411;972;1122;3074;4168;2358;1661;1151;6501;4142;838
2025;1. Quartal;StB 2 Pieschen;05 Mickten, Kaditz, Trachau;13781;7072;6709;13039;742;1200;2514;4227;3024;2816;1045;8587;3490;869
2025;1. Quartal;StB 3 Klotzsche/nördliche Ortschaften;06 StB Klotzsche und nördliche OS;12188;6293;5895;11612;576;894;1350;3173;3209;3562;715;6972;3991;958
2025;1. Quartal;StB 4 Loschwitz/OS Schönfeld-Weißig;07 StB Loschwitz und OS Schönfeld-Weißig;12521;6192;6329;12014;507;874;1318;3070;3651;3608;750;6228;5042;1197
2025;1. Quartal;StB 5 Blasewitz;08 Blasewitz, Striesen;22479;11193;11286;20435;2044;1720;4640;6462;5049;4608;1507;10027;10057;1712
2025;1. Quartal;StB 5 Blasewitz;09 Tolkewitz, Seidnitz, Gruna;16100;8115;7985;14751;1349;1617;3131;4314;3382;3656;1400;10048;3846;1192
2025;1. Quartal;StB 6 Leuben;10 StB Leuben;15749;7966;7783;14813;936;1540;2201;4025;3839;4144;1357;10176;3417;1266
2025;1. Quartal;StB 7 Prohlis;11 Prohlis, Reick (mit Sternhäuser, Am Koitschgraben);7894;4497;3397;5953;1941;972;1637;2051;1665;1569;1313;4707;1058;848
2025;1. Quartal;StB 7 Prohlis;12 Niedersedlitz, Leubnitz, Strehlen (ohne Sternhäuser, Am Koitschgraben);14684;7578;7106;13632;1052;1342;2606;3738;3351;3647;1204;8174;4628;1273
2025;1. Quartal;StB 8 Plauen;13 Südvorstadt, Zschertnitz;11764;6809;4955;8767;2997;1651;3801;2818;1815;1679;1677;4280;4980;1863
2025;1. Quartal;StB 8 Plauen;14 Mockritz, Coschütz, Plauen;10167;5370;4797;9382;785;815;2011;2784;2292;2265;722;4674;4369;954
2025;1. Quartal;StB 9 Cotta/westliche Ortschaften;15 Cotta, Löbtau, Naußlitz, Dölzschen;21229;11343;9886;19577;1652;2332;5957;6116;3601;3223;2080;11293;6962;1779
2025;1. Quartal;StB 9 Cotta/westliche Ortschaften;16 Gorbitz;7414;4438;2976;5435;1979;1017;1630;2097;1314;1356;1475;4177;842;858
2025;1. Quartal;StB 9 Cotta/westliche Ortschaften;17 Briesnitz und westliche OS;9963;5026;4937;9679;284;738;1166;2770;2564;2725;586;6327;2670;822
2025;1. Quartal;unbekannt;00 unbekannt;2674;1443;1231;2181;493;231;1004;895;349;195;196;1051;1302;169
2025;2. Quartal;StB 0 Altstadt;01 StB Altstadt ohne Johannstadt;17050;9842;7208;12459;4591;2361;6496;4365;1974;1854;2402;6566;6823;1778
2025;2. Quartal;StB 0 Altstadt;02 Johannstadt;9158;4862;4296;7349;1809;971;2483;2504;1622;1578;964;4310;3362;1008
2025;2. Quartal;StB 1 Neustadt;03 StB Neustadt ohne Leipziger Vorstadt;18173;9761;8412;15773;2400;1226;5306;5560;3631;2450;1558;5904;9888;1710
2025;2. Quartal;StB 1 Neustadt;04 Leipziger Vorstadt, Pieschen;7002;3779;3223;6380;622;580;2151;2353;1286;632;650;2582;3513;706
2025;2. Quartal;StB 2 Pieschen;04 Leipziger Vorstadt, Pieschen;12400;6586;5814;11400;1000;1093;3040;4192;2394;1681;1161;6482;4175;870
2025;2. Quartal;StB 2 Pieschen;05 Mickten, Kaditz, Trachau;13783;7083;6700;12993;790;1161;2484;4266;3042;2830;1023;8563;3511;914
2025;2. Quartal;StB 3 Klotzsche/nördliche Ortschaften;06 StB Klotzsche und nördliche OS;12153;6282;5871;11553;600;853;1318;3148;3223;3611;701;6937;4000;1013
2025;2. Quartal;StB 4 Loschwitz/OS Schönfeld-Weißig;07 StB Loschwitz und OS Schönfeld-Weißig;12497;6176;6321;11989;508;861;1309;3044;3603;3680;742;6221;5046;1266
2025;2. Quartal;StB 5 Blasewitz;08 Blasewitz, Striesen;22424;11192;11232;20371;2053;1661;4603;6456;5045;4659;1480;9985;10080;1792
2025;2. Quartal;StB 5 Blasewitz;09 Tolkewitz, Seidnitz, Gruna;16013;8091;7922;14628;1385;1535;3071;4322;3415;3670;1378;9995;3845;1240
2025;2. Quartal;StB 6 Leuben;10 StB Leuben;15808;7999;7809;14833;975;1510;2215;4005;3865;4213;1355;10198;3459;1325
2025;2. Quartal;StB 7 Prohlis;11 Prohlis, Reick (mit Sternhäuser, Am Koitschgraben);7962;4550;3412;5934;2028;944;1679;2061;1680;1598;1348;4708;1067;861
2025;2. Quartal;StB 7 Prohlis;12 Niedersedlitz, Leubnitz, Strehlen (ohne Sternhäuser, Am Koitschgraben);14647;7529;7118;13560;1087;1299;2580;3746;3321;3701;1195;8131;4650;1361
2025;2. Quartal;StB 8 Plauen;13 Südvorstadt, Zschertnitz;11906;6936;4970;8793;3113;1686;3856;2826;1841;1697;1714;4292;5043;1920
2025;2. Quartal;StB 8 Plauen;14 Mockritz, Coschütz, Plauen;10209;5423;4786;9379;830;825;2019;2757;2297;2311;740;4683;4383;1015
2025;2. Quartal;StB 9 Cotta/westliche Ortschaften;15 Cotta, Löbtau, Naußlitz, Dölzschen;21279;11379;9900;19599;1680;2307;5929;6139;3647;3257;2060;11290;7056;1820
2025;2. Quartal;StB 9 Cotta/westliche Ortschaften;16 Gorbitz;7420;4473;2947;5332;2088;996;1619;2107;1354;1344;1489;4159;831;891
2025;2. Quartal;StB 9 Cotta/westliche Ortschaften;17 Briesnitz und westliche OS;9975;5027;4948;9659;316;726;1167;2757;2570;2755;613;6315;2671;875
2025;2. Quartal;unbekannt;00 unbekannt;2761;1495;1266;2236;525;232;1018;946;366;199;200;1074;1358;191
2025;3. Quartal;StB 0 Altstadt;01 StB Altstadt ohne Johannstadt;17270;9985;7285;12575;4695;2419;6534;4439;2019;1859;2534;6581;6847;1739
2025;3. Quartal;StB 0 Altstadt;02 Johannstadt;9292;4898;4394;7407;1885;1015;2507;2539;1624;1607;1030;4310;3409;977
2025;3. Quartal;StB 1 Neustadt;03 StB Neustadt ohne Leipziger Vorstadt;18188;9830;8358;15753;2435;1302;5187;5582;3641;2476;1656;5829;9868;1650
2025;3. Quartal;StB 1 Neustadt;04 Leipziger Vorstadt, Pieschen;7037;3782;3255;6407;630;619;2115;2354;1314;635;695;2554;3530;662
2025;3. Quartal;StB 2 Pieschen;04 Leipziger Vorstadt, Pieschen;12430;6618;5812;11440;990;1161;2976;4173;2434;1686;1208;6424;4221;832
2025;3. Quartal;StB 2 Pieschen;05 Mickten, Kaditz, Trachau;13915;7185;6730;13096;819;1268;2486;4256;3073;2832;1113;8580;3541;870
2025;3. Quartal;StB 3 Klotzsche/nördliche Ortschaften;06 StB Klotzsche und nördliche OS;12213;6314;5899;11594;619;967;1283;3134;3225;3604;803;6892;3987;955
2025;3. Quartal;StB 4 Loschwitz/OS Schönfeld-Weißig;07 StB Loschwitz und OS Schönfeld-Weißig;12574;6235;6339;12052;522;906;1320;3031;3607;3710;796;6226;5054;1243
2025;3. Quartal;StB 5 Blasewitz;08 Blasewitz, Striesen;22584;11295;11289;20503;2081;1797;4578;6437;5079;4693;1645;9965;10089;1742
2025;3. Quartal;StB 5 Blasewitz;09 Tolkewitz, Seidnitz, Gruna;16208;8225;7983;14765;1443;1651;3089;4357;3402;3709;1522;9991;3880;1231
2025;3. Quartal;StB 6 Leuben;10 StB Leuben;15973;8119;7854;14946;1027;1646;2192;4040;3859;4236;1475;10201;3496;1279
2025;3. Quartal;StB 7 Prohlis;11 Prohlis, Reick (mit Sternhäuser, Am Koitschgraben);8207;4711;3496;6013;2194;1113;1696;2118;1666;1614;1512;4723;1080;834
2025;3. Quartal;StB 7 Prohlis;12 Niedersedlitz, Leubnitz, Strehlen (ohne Sternhäuser, Am Koitschgraben);14823;7626;7197;13682;1141;1415;2570;3799;3353;3686;1305;8157;4665;1355
2025;3. Quartal;StB 8 Plauen;13 Südvorstadt, Zschertnitz;12084;7060;5024;8854;3230;1771;3873;2855;1882;1703;1819;4309;5071;1788
2025;3. Quartal;StB 8 Plauen;14 Mockritz, Coschütz, Plauen;10242;5440;4802;9390;852;852;2023;2737;2289;2341;798;4667;4375;988
2025;3. Quartal;StB 9 Cotta/westliche Ortschaften;15 Cotta, Löbtau, Naußlitz, Dölzschen;21380;11449;9931;19676;1704;2404;5876;6211;3645;3244;2188;11220;7087;1794
2025;3. Quartal;StB 9 Cotta/westliche Ortschaften;16 Gorbitz;7600;4617;2983;5368;2232;1099;1698;2069;1414;1320;1629;4129;841;863
2025;3. Quartal;StB 9 Cotta/westliche Ortschaften;17 Briesnitz und westliche OS;10052;5083;4969;9726;326;801;1163;2755;2577;2756;687;6305;2679;870
2025;3. Quartal;unbekannt;00 unbekannt;2809;1526;1283;2272;537;259;1011;966;370;203;226;1069;1397;176
2025;4. Quartal;StB 0 Altstadt;01 StB Altstadt ohne Johannstadt;17288;9924;7364;12527;4761;2355;6546;4468;2074;1845;2508;6567;6929;1772
2025;4. Quartal;StB 0 Altstadt;02 Johannstadt;9264;4912;4352;7375;1889;991;2483;2558;1597;1635;1028;4278;3422;993
2025;4. Quartal;StB 1 Neustadt;03 StB Neustadt ohne Leipziger Vorstadt;18074;9765;8309;15630;2444;1261;5119;5555;3633;2506;1640;5784;9838;1673
2025;4. Quartal;StB 1 Neustadt;04 Leipziger Vorstadt, Pieschen;7069;3769;3300;6435;634;651;2098;2354;1319;647;700;2542;3564;662
2025;4. Quartal;StB 2 Pieschen;04 Leipziger Vorstadt, Pieschen;12412;6597;5815;11414;998;1122;2951;4185;2476;1678;1182;6414;4252;875
2025;4. Quartal;StB 2 Pieschen;05 Mickten, Kaditz, Trachau;13826;7092;6734;13030;796;1232;2422;4197;3129;2846;1111;8536;3508;894
2025;4. Quartal;StB 3 Klotzsche/nördliche Ortschaften;06 StB Klotzsche und nördliche OS;12144;6301;5843;11523;621;942;1292;3088;3186;3636;785;6846;3986;974
2025;4. Quartal;StB 4 Loschwitz/OS Schönfeld-Weißig;07 StB Loschwitz und OS Schönfeld-Weißig;12538;6216;6322;12018;520;906;1292;3025;3577;3738;796;6202;5043;1216
2025;4. Quartal;StB 5 Blasewitz;08 Blasewitz, Striesen;22563;11275;11288;20446;2117;1765;4562;6443;5057;4736;1638;9904;10130;1763
2025;4. Quartal;StB 5 Blasewitz;09 Tolkewitz, Seidnitz, Gruna;16204;8214;7990;14724;1480;1620;3080;4341;3411;3752;1504;9928;3933;1273
2025;4. Quartal;StB 6 Leuben;10 StB Leuben;15932;8080;7852;14886;1046;1613;2173;4033;3839;4274;1462;10155;3514;1275
2025;4. Quartal;StB 7 Prohlis;11 Prohlis, Reick (mit Sternhäuser, Am Koitschgraben);8084;4599;3485;5926;2158;1075;1649;2097;1658;1605;1488;4655;1097;867
2025;4. Quartal;StB 7 Prohlis;12 Niedersedlitz, Leubnitz, Strehlen (ohne Sternhäuser, Am Koitschgraben);14805;7595;7210;13656;1149;1383;2575;3769;3359;3719;1294;8115;4699;1327
2025;4. Quartal;StB 8 Plauen;13 Südvorstadt, Zschertnitz;11931;6927;5004;8797;3134;1728;3754;2884;1875;1690;1776;4275;5022;1818
2025;4. Quartal;StB 8 Plauen;14 Mockritz, Coschütz, Plauen;10214;5405;4809;9380;834;835;1995;2748;2289;2347;779;4629;4420;981
2025;4. Quartal;StB 9 Cotta/westliche Ortschaften;15 Cotta, Löbtau, Naußlitz, Dölzschen;21295;11382;9913;19570;1725;2367;5776;6237;3683;3232;2163;11142;7120;1813
2025;4. Quartal;StB 9 Cotta/westliche Ortschaften;16 Gorbitz;7535;4570;2965;5282;2253;1075;1686;2064;1422;1288;1620;4069;863;869
2025;4. Quartal;StB 9 Cotta/westliche Ortschaften;17 Briesnitz und westliche OS;9982;5046;4936;9661;321;808;1155;2709;2568;2742;687;6236;2687;867
2025;4. Quartal;unbekannt;00 unbekannt;2830;1529;1301;2284;546;267;1002;966;381;214;228;1077;1416;167
