Jahr;Stadtbezirk mit zugeordneten Ortschaften;Stadtraum;Kinderanzahl im Haushalt in Klassen (4);Anzahl Einwohner;Kinderanzahl im Haushalt (sum);Anzahl Haushalte
2025;StB 0 Altstadt;01 StB Altstadt ohne Johannstadt;1 Kind;920;460;460
2025;StB 0 Altstadt;01 StB Altstadt ohne Johannstadt;2 Kinder;513;342;171
2025;StB 0 Altstadt;01 StB Altstadt ohne Johannstadt;3 u.m. Kinder;248;191;57
2025;StB 0 Altstadt;02 Johannstadt;1 Kind;738;369;369
2025;StB 0 Altstadt;02 Johannstadt;2 Kinder;420;280;140
2025;StB 0 Altstadt;02 Johannstadt;3 u.m. Kinder;127;97;30
2025;StB 1 Neustadt;03 StB Neustadt ohne Leipziger Vorstadt;1 Kind;1500;750;750
2025;StB 1 Neustadt;03 StB Neustadt ohne Leipziger Vorstadt;2 Kinder;924;616;308
2025;StB 1 Neustadt;03 StB Neustadt ohne Leipziger Vorstadt;3 u.m. Kinder;206;157;49
2025;StB 1 Neustadt;04 Leipziger Vorstadt, Pieschen;1 Kind;566;283;283
2025;StB 1 Neustadt;04 Leipziger Vorstadt, Pieschen;2 Kinder;276;184;92
2025;StB 1 Neustadt;04 Leipziger Vorstadt, Pieschen;3 u.m. Kinder;49;37;12
2025;StB 2 Pieschen;04 Leipziger Vorstadt, Pieschen;1 Kind;1172;586;586
2025;StB 2 Pieschen;04 Leipziger Vorstadt, Pieschen;2 Kinder;666;444;222
2025;StB 2 Pieschen;04 Leipziger Vorstadt, Pieschen;3 u.m. Kinder;174;131;43
2025;StB 2 Pieschen;05 Mickten, Kaditz, Trachau;1 Kind;1194;597;597
2025;StB 2 Pieschen;05 Mickten, Kaditz, Trachau;2 Kinder;579;386;193
2025;StB 2 Pieschen;05 Mickten, Kaditz, Trachau;3 u.m. Kinder;212;161;51
2025;StB 3 Klotzsche/nördliche Ortschaften;06 StB Klotzsche und nördliche OS;1 Kind;784;392;392
2025;StB 3 Klotzsche/nördliche Ortschaften;06 StB Klotzsche und nördliche OS;2 Kinder;579;386;193
2025;StB 3 Klotzsche/nördliche Ortschaften;06 StB Klotzsche und nördliche OS;3 u.m. Kinder;161;123;38
2025;StB 4 Loschwitz/OS Schönfeld-Weißig;07 StB Loschwitz und OS Schönfeld-Weißig;1 Kind;844;422;422
2025;StB 4 Loschwitz/OS Schönfeld-Weißig;07 StB Loschwitz und OS Schönfeld-Weißig;2 Kinder;612;408;204
2025;StB 4 Loschwitz/OS Schönfeld-Weißig;07 StB Loschwitz und OS Schönfeld-Weißig;3 u.m. Kinder;144;109;35
2025;StB 5 Blasewitz;08 Blasewitz, Striesen;1 Kind;1582;791;791
2025;StB 5 Blasewitz;08 Blasewitz, Striesen;2 Kinder;891;594;297
2025;StB 5 Blasewitz;08 Blasewitz, Striesen;3 u.m. Kinder;142;107;35
2025;StB 5 Blasewitz;09 Tolkewitz, Seidnitz, Gruna;1 Kind;1428;714;714
2025;StB 5 Blasewitz;09 Tolkewitz, Seidnitz, Gruna;2 Kinder;873;582;291
2025;StB 5 Blasewitz;09 Tolkewitz, Seidnitz, Gruna;3 u.m. Kinder;171;130;41
2025;StB 6 Leuben;10 StB Leuben;1 Kind;1484;742;742
2025;StB 6 Leuben;10 StB Leuben;2 Kinder;951;634;317
2025;StB 6 Leuben;10 StB Leuben;3 u.m. Kinder;288;220;68
2025;StB 7 Prohlis;11 Prohlis, Reick (mit Sternhäuser, Am Koitschgraben);1 Kind;1034;517;517
2025;StB 7 Prohlis;11 Prohlis, Reick (mit Sternhäuser, Am Koitschgraben);2 Kinder;795;530;265
2025;StB 7 Prohlis;11 Prohlis, Reick (mit Sternhäuser, Am Koitschgraben);3 u.m. Kinder;466;359;107
2025;StB 7 Prohlis;12 Niedersedlitz, Leubnitz, Strehlen (ohne Sternhäuser, Am Koitschgraben);1 Kind;970;485;485
2025;StB 7 Prohlis;12 Niedersedlitz, Leubnitz, Strehlen (ohne Sternhäuser, Am Koitschgraben);2 Kinder;537;358;179
2025;StB 7 Prohlis;12 Niedersedlitz, Leubnitz, Strehlen (ohne Sternhäuser, Am Koitschgraben);3 u.m. Kinder;190;145;45
2025;StB 8 Plauen;13 Südvorstadt, Zschertnitz;1 Kind;680;340;340
2025;StB 8 Plauen;13 Südvorstadt, Zschertnitz;2 Kinder;534;356;178
2025;StB 8 Plauen;13 Südvorstadt, Zschertnitz;3 u.m. Kinder;224;171;53
2025;StB 8 Plauen;14 Mockritz, Coschütz, Plauen;1 Kind;646;323;323
2025;StB 8 Plauen;14 Mockritz, Coschütz, Plauen;2 Kinder;366;244;122
2025;StB 8 Plauen;14 Mockritz, Coschütz, Plauen;3 u.m. Kinder;96;73;23
2025;StB 9 Cotta/westliche Ortschaften;15 Cotta, Löbtau, Naußlitz, Dölzschen;1 Kind;1422;711;711
2025;StB 9 Cotta/westliche Ortschaften;15 Cotta, Löbtau, Naußlitz, Dölzschen;2 Kinder;813;542;271
2025;StB 9 Cotta/westliche Ortschaften;15 Cotta, Löbtau, Naußlitz, Dölzschen;3 u.m. Kinder;150;114;36
2025;StB 9 Cotta/westliche Ortschaften;16 Gorbitz;1 Kind;854;427;427
2025;StB 9 Cotta/westliche Ortschaften;16 Gorbitz;2 Kinder;645;430;215
2025;StB 9 Cotta/westliche Ortschaften;16 Gorbitz;3 u.m. Kinder;492;384;108
2025;StB 9 Cotta/westliche Ortschaften;17 Briesnitz und westliche OS;1 Kind;610;305;305
2025;StB 9 Cotta/westliche Ortschaften;17 Briesnitz und westliche OS;2 Kinder;432;288;144
2025;StB 9 Cotta/westliche Ortschaften;17 Briesnitz und westliche OS;3 u.m. Kinder;106;80;26
