Jahr-Prognose;Alter in Jahren bis 85 (über 85-Jährige werden Jahrgang 85 zugeordnet);Anzahl
2025;0 Jahre;3928
2025;1 Jahre;4032
2025;2 Jahre;4368
2025;3 Jahre;4788
2025;4 Jahre;5226
2025;5 Jahre;5129
2025;6 Jahre;5373
2025;7 Jahre;5702
2025;8 Jahre;5717
2025;9 Jahre;5827
2025;10 Jahre;5734
2025;11 Jahre;5725
2025;12 Jahre;5689
2025;13 Jahre;5670
2025;14 Jahre;5535
2025;15 Jahre;5497
2025;16 Jahre;5476
2025;17 Jahre;5497
2025;18 Jahre;5490
2025;19 Jahre;6072
2025;20 Jahre;6948
2025;21 Jahre;7297
2025;22 Jahre;7627
2025;23 Jahre;7688
2025;24 Jahre;8486
2025;25 Jahre;8640
2025;26 Jahre;8664
2025;27 Jahre;8401
2025;28 Jahre;8044
2025;29 Jahre;7653
2025;30 Jahre;6999
2025;31 Jahre;6825
2025;32 Jahre;6726
2025;33 Jahre;6964
2025;34 Jahre;8403
2025;35 Jahre;9580
2025;36 Jahre;9525
2025;37 Jahre;9450
2025;38 Jahre;9201
2025;39 Jahre;8775
2025;40 Jahre;8707
2025;41 Jahre;8335
2025;42 Jahre;8577
2025;43 Jahre;8116
2025;44 Jahre;7904
2025;45 Jahre;8079
2025;46 Jahre;7795
2025;47 Jahre;7729
2025;48 Jahre;7049
2025;49 Jahre;6418
2025;50 Jahre;6030
2025;51 Jahre;5781
2025;52 Jahre;5689
2025;53 Jahre;6718
2025;54 Jahre;6694
2025;55 Jahre;6857
2025;56 Jahre;6715
2025;57 Jahre;6696
2025;58 Jahre;6885
2025;59 Jahre;7135
2025;60 Jahre;6979
2025;61 Jahre;7208
2025;62 Jahre;6966
2025;63 Jahre;6637
2025;64 Jahre;6486
2025;65 Jahre;6306
2025;66 Jahre;5725
2025;67 Jahre;5396
2025;68 Jahre;5306
2025;69 Jahre;5382
2025;70 Jahre;5557
2025;71 Jahre;5602
2025;72 Jahre;5366
2025;73 Jahre;5574
2025;74 Jahre;5350
2025;75 Jahre;5341
2025;76 Jahre;4345
2025;77 Jahre;3664
2025;78 Jahre;3821
2025;79 Jahre;2812
2025;80 Jahre;4380
2025;81 Jahre;5164
2025;82 Jahre;4615
2025;83 Jahre;4966
2025;84 Jahre;4823
2025;85 Jahre u.älter;25425
2026;0 Jahre;4020
2026;1 Jahre;3880
2026;2 Jahre;4010
2026;3 Jahre;4330
2026;4 Jahre;4760
2026;5 Jahre;5190
2026;6 Jahre;5100
2026;7 Jahre;5360
2026;8 Jahre;5680
2026;9 Jahre;5740
2026;10 Jahre;5820
2026;11 Jahre;5750
2026;12 Jahre;5760
2026;13 Jahre;5700
2026;14 Jahre;5690
2026;15 Jahre;5570
2026;16 Jahre;5630
2026;17 Jahre;5650
2026;18 Jahre;5940
2026;19 Jahre;6450
2026;20 Jahre;6780
2026;21 Jahre;7360
2026;22 Jahre;7780
2026;23 Jahre;8030
2026;24 Jahre;8020
2026;25 Jahre;8660
2026;26 Jahre;8700
2026;27 Jahre;8620
2026;28 Jahre;8310
2026;29 Jahre;7950
2026;30 Jahre;7520
2026;31 Jahre;6920
2026;32 Jahre;6760
2026;33 Jahre;6750
2026;34 Jahre;6990
2026;35 Jahre;8370
2026;36 Jahre;9520
2026;37 Jahre;9460
2026;38 Jahre;9380
2026;39 Jahre;9140
2026;40 Jahre;8740
2026;41 Jahre;8670
2026;42 Jahre;8280
2026;43 Jahre;8540
2026;44 Jahre;8080
2026;45 Jahre;7890
2026;46 Jahre;8060
2026;47 Jahre;7790
2026;48 Jahre;7690
2026;49 Jahre;7020
2026;50 Jahre;6390
2026;51 Jahre;6020
2026;52 Jahre;5780
2026;53 Jahre;5700
2026;54 Jahre;6690
2026;55 Jahre;6670
2026;56 Jahre;6850
2026;57 Jahre;6690
2026;58 Jahre;6670
2026;59 Jahre;6840
2026;60 Jahre;7110
2026;61 Jahre;6950
2026;62 Jahre;7150
2026;63 Jahre;6910
2026;64 Jahre;6600
2026;65 Jahre;6430
2026;66 Jahre;6250
2026;67 Jahre;5660
2026;68 Jahre;5340
2026;69 Jahre;5250
2026;70 Jahre;5310
2026;71 Jahre;5470
2026;72 Jahre;5520
2026;73 Jahre;5280
2026;74 Jahre;5470
2026;75 Jahre;5240
2026;76 Jahre;5220
2026;77 Jahre;4240
2026;78 Jahre;3550
2026;79 Jahre;3680
2026;80 Jahre;2720
2026;81 Jahre;4200
2026;82 Jahre;4930
2026;83 Jahre;4400
2026;84 Jahre;4700
2026;85 Jahre u.älter;27000
2027;0 Jahre;4070
2027;1 Jahre;3970
2027;2 Jahre;3860
2027;3 Jahre;3990
2027;4 Jahre;4310
2027;5 Jahre;4730
2027;6 Jahre;5150
2027;7 Jahre;5100
2027;8 Jahre;5350
2027;9 Jahre;5700
2027;10 Jahre;5730
2027;11 Jahre;5830
2027;12 Jahre;5780
2027;13 Jahre;5780
2027;14 Jahre;5730
2027;15 Jahre;5730
2027;16 Jahre;5700
2027;17 Jahre;5800
2027;18 Jahre;6110
2027;19 Jahre;6840
2027;20 Jahre;7180
2027;21 Jahre;7280
2027;22 Jahre;7880
2027;23 Jahre;8210
2027;24 Jahre;8390
2027;25 Jahre;8300
2027;26 Jahre;8760
2027;27 Jahre;8690
2027;28 Jahre;8530
2027;29 Jahre;8210
2027;30 Jahre;7800
2027;31 Jahre;7410
2027;32 Jahre;6860
2027;33 Jahre;6790
2027;34 Jahre;6800
2027;35 Jahre;7050
2027;36 Jahre;8380
2027;37 Jahre;9460
2027;38 Jahre;9390
2027;39 Jahre;9330
2027;40 Jahre;9080
2027;41 Jahre;8710
2027;42 Jahre;8620
2027;43 Jahre;8260
2027;44 Jahre;8500
2027;45 Jahre;8070
2027;46 Jahre;7880
2027;47 Jahre;8050
2027;48 Jahre;7750
2027;49 Jahre;7650
2027;50 Jahre;6980
2027;51 Jahre;6380
2027;52 Jahre;6020
2027;53 Jahre;5790
2027;54 Jahre;5690
2027;55 Jahre;6670
2027;56 Jahre;6670
2027;57 Jahre;6820
2027;58 Jahre;6670
2027;59 Jahre;6630
2027;60 Jahre;6820
2027;61 Jahre;7080
2027;62 Jahre;6900
2027;63 Jahre;7090
2027;64 Jahre;6860
2027;65 Jahre;6540
2027;66 Jahre;6370
2027;67 Jahre;6170
2027;68 Jahre;5600
2027;69 Jahre;5280
2027;70 Jahre;5180
2027;71 Jahre;5230
2027;72 Jahre;5390
2027;73 Jahre;5430
2027;74 Jahre;5190
2027;75 Jahre;5360
2027;76 Jahre;5130
2027;77 Jahre;5090
2027;78 Jahre;4110
2027;79 Jahre;3420
2027;80 Jahre;3540
2027;81 Jahre;2620
2027;82 Jahre;4010
2027;83 Jahre;4690
2027;84 Jahre;4170
2027;85 Jahre u.älter;28230
2028;0 Jahre;4140
2028;1 Jahre;4000
2028;2 Jahre;3940
2028;3 Jahre;3840
2028;4 Jahre;3980
2028;5 Jahre;4300
2028;6 Jahre;4710
2028;7 Jahre;5140
2028;8 Jahre;5080
2028;9 Jahre;5370
2028;10 Jahre;5680
2028;11 Jahre;5730
2028;12 Jahre;5860
2028;13 Jahre;5790
2028;14 Jahre;5790
2028;15 Jahre;5760
2028;16 Jahre;5840
2028;17 Jahre;5850
2028;18 Jahre;6230
2028;19 Jahre;6960
2028;20 Jahre;7490
2028;21 Jahre;7620
2028;22 Jahre;7800
2028;23 Jahre;8280
2028;24 Jahre;8530
2028;25 Jahre;8610
2028;26 Jahre;8430
2028;27 Jahre;8720
2028;28 Jahre;8580
2028;29 Jahre;8390
2028;30 Jahre;8030
2028;31 Jahre;7650
2028;32 Jahre;7300
2028;33 Jahre;6860
2028;34 Jahre;6820
2028;35 Jahre;6840
2028;36 Jahre;7110
2028;37 Jahre;8370
2028;38 Jahre;9370
2028;39 Jahre;9310
2028;40 Jahre;9260
2028;41 Jahre;9030
2028;42 Jahre;8650
2028;43 Jahre;8580
2028;44 Jahre;8220
2028;45 Jahre;8470
2028;46 Jahre;8050
2028;47 Jahre;7870
2028;48 Jahre;8000
2028;49 Jahre;7700
2028;50 Jahre;7590
2028;51 Jahre;6950
2028;52 Jahre;6360
2028;53 Jahre;6020
2028;54 Jahre;5780
2028;55 Jahre;5690
2028;56 Jahre;6660
2028;57 Jahre;6640
2028;58 Jahre;6800
2028;59 Jahre;6620
2028;60 Jahre;6610
2028;61 Jahre;6790
2028;62 Jahre;7020
2028;63 Jahre;6840
2028;64 Jahre;7040
2028;65 Jahre;6800
2028;66 Jahre;6480
2028;67 Jahre;6290
2028;68 Jahre;6100
2028;69 Jahre;5540
2028;70 Jahre;5210
2028;71 Jahre;5110
2028;72 Jahre;5160
2028;73 Jahre;5300
2028;74 Jahre;5330
2028;75 Jahre;5080
2028;76 Jahre;5240
2028;77 Jahre;4990
2028;78 Jahre;4930
2028;79 Jahre;3950
2028;80 Jahre;3290
2028;81 Jahre;3400
2028;82 Jahre;2520
2028;83 Jahre;3820
2028;84 Jahre;4440
2028;85 Jahre u.älter;28750
2029;0 Jahre;4210
2029;1 Jahre;4050
2029;2 Jahre;3960
2029;3 Jahre;3900
2029;4 Jahre;3820
2029;5 Jahre;3970
2029;6 Jahre;4280
2029;7 Jahre;4700
2029;8 Jahre;5120
2029;9 Jahre;5110
2029;10 Jahre;5360
2029;11 Jahre;5690
2029;12 Jahre;5760
2029;13 Jahre;5860
2029;14 Jahre;5800
2029;15 Jahre;5820
2029;16 Jahre;5860
2029;17 Jahre;5980
2029;18 Jahre;6260
2029;19 Jahre;7040
2029;20 Jahre;7580
2029;21 Jahre;7870
2029;22 Jahre;8070
2029;23 Jahre;8180
2029;24 Jahre;8560
2029;25 Jahre;8700
2029;26 Jahre;8670
2029;27 Jahre;8390
2029;28 Jahre;8580
2029;29 Jahre;8400
2029;30 Jahre;8160
2029;31 Jahre;7830
2029;32 Jahre;7490
2029;33 Jahre;7240
2029;34 Jahre;6860
2029;35 Jahre;6840
2029;36 Jahre;6900
2029;37 Jahre;7140
2029;38 Jahre;8310
2029;39 Jahre;9280
2029;40 Jahre;9230
2029;41 Jahre;9190
2029;42 Jahre;8950
2029;43 Jahre;8600
2029;44 Jahre;8520
2029;45 Jahre;8190
2029;46 Jahre;8430
2029;47 Jahre;8020
2029;48 Jahre;7810
2029;49 Jahre;7930
2029;50 Jahre;7630
2029;51 Jahre;7530
2029;52 Jahre;6920
2029;53 Jahre;6350
2029;54 Jahre;6000
2029;55 Jahre;5770
2029;56 Jahre;5700
2029;57 Jahre;6630
2029;58 Jahre;6610
2029;59 Jahre;6750
2029;60 Jahre;6600
2029;61 Jahre;6580
2029;62 Jahre;6740
2029;63 Jahre;6960
2029;64 Jahre;6800
2029;65 Jahre;6970
2029;66 Jahre;6720
2029;67 Jahre;6390
2029;68 Jahre;6200
2029;69 Jahre;6020
2029;70 Jahre;5460
2029;71 Jahre;5130
2029;72 Jahre;5030
2029;73 Jahre;5070
2029;74 Jahre;5210
2029;75 Jahre;5220
2029;76 Jahre;4970
2029;77 Jahre;5110
2029;78 Jahre;4830
2029;79 Jahre;4730
2029;80 Jahre;3800
2029;81 Jahre;3170
2029;82 Jahre;3260
2029;83 Jahre;2410
2029;84 Jahre;3620
2029;85 Jahre u.älter;29370
2030;0 Jahre;4300
2030;1 Jahre;4130
2030;2 Jahre;4010
2030;3 Jahre;3920
2030;4 Jahre;3880
2030;5 Jahre;3820
2030;6 Jahre;3960
2030;7 Jahre;4290
2030;8 Jahre;4690
2030;9 Jahre;5140
2030;10 Jahre;5100
2030;11 Jahre;5370
2030;12 Jahre;5720
2030;13 Jahre;5770
2030;14 Jahre;5870
2030;15 Jahre;5830
2030;16 Jahre;5920
2030;17 Jahre;6010
2030;18 Jahre;6380
2030;19 Jahre;7070
2030;20 Jahre;7660
2030;21 Jahre;7950
2030;22 Jahre;8300
2030;23 Jahre;8430
2030;24 Jahre;8480
2030;25 Jahre;8730
2030;26 Jahre;8760
2030;27 Jahre;8620
2030;28 Jahre;8300
2030;29 Jahre;8410
2030;30 Jahre;8180
2030;31 Jahre;7970
2030;32 Jahre;7670
2030;33 Jahre;7430
2030;34 Jahre;7230
2030;35 Jahre;6890
2030;36 Jahre;6910
2030;37 Jahre;6950
2030;38 Jahre;7140
2030;39 Jahre;8280
2030;40 Jahre;9210
2030;41 Jahre;9170
2030;42 Jahre;9110
2030;43 Jahre;8890
2030;44 Jahre;8540
2030;45 Jahre;8490
2030;46 Jahre;8160
2030;47 Jahre;8410
2030;48 Jahre;7970
2030;49 Jahre;7760
2030;50 Jahre;7860
2030;51 Jahre;7580
2030;52 Jahre;7490
2030;53 Jahre;6900
2030;54 Jahre;6330
2030;55 Jahre;5990
2030;56 Jahre;5780
2030;57 Jahre;5690
2030;58 Jahre;6610
2030;59 Jahre;6570
2030;60 Jahre;6720
2030;61 Jahre;6570
2030;62 Jahre;6540
2030;63 Jahre;6680
2030;64 Jahre;6910
2030;65 Jahre;6730
2030;66 Jahre;6900
2030;67 Jahre;6630
2030;68 Jahre;6310
2030;69 Jahre;6130
2030;70 Jahre;5940
2030;71 Jahre;5380
2030;72 Jahre;5050
2030;73 Jahre;4950
2030;74 Jahre;4980
2030;75 Jahre;5100
2030;76 Jahre;5110
2030;77 Jahre;4850
2030;78 Jahre;4940
2030;79 Jahre;4640
2030;80 Jahre;4550
2030;81 Jahre;3660
2030;82 Jahre;3040
2030;83 Jahre;3110
2030;84 Jahre;2300
2030;85 Jahre u.älter;29130
2031;0 Jahre;4390
2031;1 Jahre;4210
2031;2 Jahre;4090
2031;3 Jahre;3970
2031;4 Jahre;3910
2031;5 Jahre;3890
2031;6 Jahre;3830
2031;7 Jahre;3980
2031;8 Jahre;4300
2031;9 Jahre;4730
2031;10 Jahre;5140
2031;11 Jahre;5120
2031;12 Jahre;5410
2031;13 Jahre;5730
2031;14 Jahre;5780
2031;15 Jahre;5900
2031;16 Jahre;5940
2031;17 Jahre;6080
2031;18 Jahre;6430
2031;19 Jahre;7210
2031;20 Jahre;7710
2031;21 Jahre;8040
2031;22 Jahre;8400
2031;23 Jahre;8650
2031;24 Jahre;8720
2031;25 Jahre;8690
2031;26 Jahre;8810
2031;27 Jahre;8720
2031;28 Jahre;8520
2031;29 Jahre;8180
2031;30 Jahre;8210
2031;31 Jahre;8000
2031;32 Jahre;7810
2031;33 Jahre;7610
2031;34 Jahre;7420
2031;35 Jahre;7250
2031;36 Jahre;6970
2031;37 Jahre;6960
2031;38 Jahre;6970
2031;39 Jahre;7170
2031;40 Jahre;8250
2031;41 Jahre;9160
2031;42 Jahre;9090
2031;43 Jahre;9060
2031;44 Jahre;8830
2031;45 Jahre;8520
2031;46 Jahre;8460
2031;47 Jahre;8150
2031;48 Jahre;8350
2031;49 Jahre;7920
2031;50 Jahre;7700
2031;51 Jahre;7810
2031;52 Jahre;7540
2031;53 Jahre;7460
2031;54 Jahre;6870
2031;55 Jahre;6310
2031;56 Jahre;6000
2031;57 Jahre;5770
2031;58 Jahre;5680
2031;59 Jahre;6560
2031;60 Jahre;6550
2031;61 Jahre;6700
2031;62 Jahre;6530
2031;63 Jahre;6490
2031;64 Jahre;6640
2031;65 Jahre;6840
2031;66 Jahre;6660
2031;67 Jahre;6810
2031;68 Jahre;6550
2031;69 Jahre;6230
2031;70 Jahre;6040
2031;71 Jahre;5840
2031;72 Jahre;5300
2031;73 Jahre;4980
2031;74 Jahre;4860
2031;75 Jahre;4880
2031;76 Jahre;4990
2031;77 Jahre;4980
2031;78 Jahre;4690
2031;79 Jahre;4750
2031;80 Jahre;4460
2031;81 Jahre;4370
2031;82 Jahre;3500
2031;83 Jahre;2910
2031;84 Jahre;2970
2031;85 Jahre u.älter;27640
2032;0 Jahre;4510
2032;1 Jahre;4300
2032;2 Jahre;4170
2032;3 Jahre;4050
2032;4 Jahre;3970
2032;5 Jahre;3920
2032;6 Jahre;3900
2032;7 Jahre;3860
2032;8 Jahre;4000
2032;9 Jahre;4340
2032;10 Jahre;4740
2032;11 Jahre;5160
2032;12 Jahre;5170
2032;13 Jahre;5430
2032;14 Jahre;5750
2032;15 Jahre;5820
2032;16 Jahre;6020
2032;17 Jahre;6100
2032;18 Jahre;6500
2032;19 Jahre;7260
2032;20 Jahre;7850
2032;21 Jahre;8100
2032;22 Jahre;8490
2032;23 Jahre;8750
2032;24 Jahre;8940
2032;25 Jahre;8910
2032;26 Jahre;8790
2032;27 Jahre;8780
2032;28 Jahre;8620
2032;29 Jahre;8390
2032;30 Jahre;8010
2032;31 Jahre;8030
2032;32 Jahre;7840
2032;33 Jahre;7750
2032;34 Jahre;7600
2032;35 Jahre;7440
2032;36 Jahre;7310
2032;37 Jahre;7030
2032;38 Jahre;6990
2032;39 Jahre;7000
2032;40 Jahre;7190
2032;41 Jahre;8240
2032;42 Jahre;9090
2032;43 Jahre;9040
2032;44 Jahre;9000
2032;45 Jahre;8800
2032;46 Jahre;8490
2032;47 Jahre;8440
2032;48 Jahre;8100
2032;49 Jahre;8290
2032;50 Jahre;7850
2032;51 Jahre;7650
2032;52 Jahre;7770
2032;53 Jahre;7520
2032;54 Jahre;7420
2032;55 Jahre;6840
2032;56 Jahre;6320
2032;57 Jahre;5990
2032;58 Jahre;5770
2032;59 Jahre;5660
2032;60 Jahre;6550
2032;61 Jahre;6530
2032;62 Jahre;6660
2032;63 Jahre;6480
2032;64 Jahre;6450
2032;65 Jahre;6570
2032;66 Jahre;6770
2032;67 Jahre;6580
2032;68 Jahre;6720
2032;69 Jahre;6470
2032;70 Jahre;6150
2032;71 Jahre;5940
2032;72 Jahre;5750
2032;73 Jahre;5210
2032;74 Jahre;4890
2032;75 Jahre;4770
2032;76 Jahre;4780
2032;77 Jahre;4870
2032;78 Jahre;4820
2032;79 Jahre;4510
2032;80 Jahre;4570
2032;81 Jahre;4290
2032;82 Jahre;4180
2032;83 Jahre;3350
2032;84 Jahre;2770
2032;85 Jahre u.älter;26830
2033;0 Jahre;4640
2033;1 Jahre;4420
2033;2 Jahre;4260
2033;3 Jahre;4130
2033;4 Jahre;4050
2033;5 Jahre;3970
2033;6 Jahre;3930
2033;7 Jahre;3920
2033;8 Jahre;3880
2033;9 Jahre;4060
2033;10 Jahre;4370
2033;11 Jahre;4770
2033;12 Jahre;5210
2033;13 Jahre;5200
2033;14 Jahre;5460
2033;15 Jahre;5780
2033;16 Jahre;5940
2033;17 Jahre;6180
2033;18 Jahre;6530
2033;19 Jahre;7340
2033;20 Jahre;7910
2033;21 Jahre;8230
2033;22 Jahre;8550
2033;23 Jahre;8840
2033;24 Jahre;9030
2033;25 Jahre;9110
2033;26 Jahre;8990
2033;27 Jahre;8760
2033;28 Jahre;8670
2033;29 Jahre;8480
2033;30 Jahre;8200
2033;31 Jahre;7850
2033;32 Jahre;7880
2033;33 Jahre;7780
2033;34 Jahre;7730
2033;35 Jahre;7610
2033;36 Jahre;7490
2033;37 Jahre;7360
2033;38 Jahre;7050
2033;39 Jahre;7030
2033;40 Jahre;7040
2033;41 Jahre;7220
2033;42 Jahre;8210
2033;43 Jahre;9040
2033;44 Jahre;8980
2033;45 Jahre;8970
2033;46 Jahre;8760
2033;47 Jahre;8470
2033;48 Jahre;8390
2033;49 Jahre;8050
2033;50 Jahre;8220
2033;51 Jahre;7810
2033;52 Jahre;7610
2033;53 Jahre;7740
2033;54 Jahre;7480
2033;55 Jahre;7380
2033;56 Jahre;6840
2033;57 Jahre;6300
2033;58 Jahre;5980
2033;59 Jahre;5740
2033;60 Jahre;5660
2033;61 Jahre;6530
2033;62 Jahre;6490
2033;63 Jahre;6610
2033;64 Jahre;6450
2033;65 Jahre;6400
2033;66 Jahre;6510
2033;67 Jahre;6690
2033;68 Jahre;6500
2033;69 Jahre;6640
2033;70 Jahre;6380
2033;71 Jahre;6050
2033;72 Jahre;5850
2033;73 Jahre;5660
2033;74 Jahre;5120
2033;75 Jahre;4790
2033;76 Jahre;4670
2033;77 Jahre;4660
2033;78 Jahre;4710
2033;79 Jahre;4640
2033;80 Jahre;4340
2033;81 Jahre;4390
2033;82 Jahre;4100
2033;83 Jahre;3990
2033;84 Jahre;3190
2033;85 Jahre u.älter;25900
2034;0 Jahre;4760
2034;1 Jahre;4540
2034;2 Jahre;4370
2034;3 Jahre;4220
2034;4 Jahre;4120
2034;5 Jahre;4050
2034;6 Jahre;3980
2034;7 Jahre;3950
2034;8 Jahre;3940
2034;9 Jahre;3940
2034;10 Jahre;4080
2034;11 Jahre;4400
2034;12 Jahre;4820
2034;13 Jahre;5230
2034;14 Jahre;5230
2034;15 Jahre;5500
2034;16 Jahre;5900
2034;17 Jahre;6100
2034;18 Jahre;6610
2034;19 Jahre;7370
2034;20 Jahre;7980
2034;21 Jahre;8280
2034;22 Jahre;8670
2034;23 Jahre;8900
2034;24 Jahre;9110
2034;25 Jahre;9190
2034;26 Jahre;9160
2034;27 Jahre;8940
2034;28 Jahre;8660
2034;29 Jahre;8530
2034;30 Jahre;8290
2034;31 Jahre;8030
2034;32 Jahre;7710
2034;33 Jahre;7810
2034;34 Jahre;7760
2034;35 Jahre;7730
2034;36 Jahre;7650
2034;37 Jahre;7530
2034;38 Jahre;7370
2034;39 Jahre;7090
2034;40 Jahre;7060
2034;41 Jahre;7070
2034;42 Jahre;7220
2034;43 Jahre;8190
2034;44 Jahre;8980
2034;45 Jahre;8950
2034;46 Jahre;8930
2034;47 Jahre;8740
2034;48 Jahre;8420
2034;49 Jahre;8330
2034;50 Jahre;7980
2034;51 Jahre;8170
2034;52 Jahre;7760
2034;53 Jahre;7580
2034;54 Jahre;7690
2034;55 Jahre;7440
2034;56 Jahre;7370
2034;57 Jahre;6810
2034;58 Jahre;6290
2034;59 Jahre;5950
2034;60 Jahre;5740
2034;61 Jahre;5660
2034;62 Jahre;6490
2034;63 Jahre;6440
2034;64 Jahre;6570
2034;65 Jahre;6390
2034;66 Jahre;6340
2034;67 Jahre;6430
2034;68 Jahre;6610
2034;69 Jahre;6420
2034;70 Jahre;6540
2034;71 Jahre;6280
2034;72 Jahre;5960
2034;73 Jahre;5750
2034;74 Jahre;5560
2034;75 Jahre;5020
2034;76 Jahre;4690
2034;77 Jahre;4560
2034;78 Jahre;4520
2034;79 Jahre;4540
2034;80 Jahre;4460
2034;81 Jahre;4180
2034;82 Jahre;4210
2034;83 Jahre;3920
2034;84 Jahre;3800
2034;85 Jahre u.älter;25440
2035;0 Jahre;4900
2035;1 Jahre;4660
2035;2 Jahre;4490
2035;3 Jahre;4330
2035;4 Jahre;4210
2035;5 Jahre;4120
2035;6 Jahre;4050
2035;7 Jahre;4000
2035;8 Jahre;3970
2035;9 Jahre;4000
2035;10 Jahre;3970
2035;11 Jahre;4130
2035;12 Jahre;4460
2035;13 Jahre;4850
2035;14 Jahre;5260
2035;15 Jahre;5280
2035;16 Jahre;5630
2035;17 Jahre;6070
2035;18 Jahre;6550
2035;19 Jahre;7460
2035;20 Jahre;8030
2035;21 Jahre;8370
2035;22 Jahre;8730
2035;23 Jahre;9020
2035;24 Jahre;9180
2035;25 Jahre;9280
2035;26 Jahre;9250
2035;27 Jahre;9110
2035;28 Jahre;8840
2035;29 Jahre;8530
2035;30 Jahre;8340
2035;31 Jahre;8120
2035;32 Jahre;7890
2035;33 Jahre;7670
2035;34 Jahre;7800
2035;35 Jahre;7770
2035;36 Jahre;7780
2035;37 Jahre;7690
2035;38 Jahre;7540
2035;39 Jahre;7400
2035;40 Jahre;7120
2035;41 Jahre;7100
2035;42 Jahre;7080
2035;43 Jahre;7240
2035;44 Jahre;8160
2035;45 Jahre;8950
2035;46 Jahre;8920
2035;47 Jahre;8910
2035;48 Jahre;8680
2035;49 Jahre;8360
2035;50 Jahre;8260
2035;51 Jahre;7940
2035;52 Jahre;8120
2035;53 Jahre;7740
2035;54 Jahre;7550
2035;55 Jahre;7650
2035;56 Jahre;7430
2035;57 Jahre;7340
2035;58 Jahre;6790
2035;59 Jahre;6260
2035;60 Jahre;5950
2035;61 Jahre;5740
2035;62 Jahre;5640
2035;63 Jahre;6450
2035;64 Jahre;6410
2035;65 Jahre;6510
2035;66 Jahre;6340
2035;67 Jahre;6270
2035;68 Jahre;6360
2035;69 Jahre;6530
2035;70 Jahre;6330
2035;71 Jahre;6440
2035;72 Jahre;6180
2035;73 Jahre;5860
2035;74 Jahre;5650
2035;75 Jahre;5450
2035;76 Jahre;4920
2035;77 Jahre;4580
2035;78 Jahre;4420
2035;79 Jahre;4350
2035;80 Jahre;4370
2035;81 Jahre;4300
2035;82 Jahre;4010
2035;83 Jahre;4020
2035;84 Jahre;3740
2035;85 Jahre u.älter;25620
2036;0 Jahre;4950
2036;1 Jahre;4790
2036;2 Jahre;4600
2036;3 Jahre;4440
2036;4 Jahre;4320
2036;5 Jahre;4210
2036;6 Jahre;4130
2036;7 Jahre;4080
2036;8 Jahre;4020
2036;9 Jahre;4030
2036;10 Jahre;4030
2036;11 Jahre;4020
2036;12 Jahre;4190
2036;13 Jahre;4500
2036;14 Jahre;4900
2036;15 Jahre;5310
2036;16 Jahre;5420
2036;17 Jahre;5810
2036;18 Jahre;6520
2036;19 Jahre;7410
2036;20 Jahre;8110
2036;21 Jahre;8420
2036;22 Jahre;8810
2036;23 Jahre;9080
2036;24 Jahre;9290
2036;25 Jahre;9340
2036;26 Jahre;9330
2036;27 Jahre;9200
2036;28 Jahre;8990
2036;29 Jahre;8700
2036;30 Jahre;8350
2036;31 Jahre;8170
2036;32 Jahre;7970
2036;33 Jahre;7840
2036;34 Jahre;7670
2036;35 Jahre;7810
2036;36 Jahre;7820
2036;37 Jahre;7810
2036;38 Jahre;7700
2036;39 Jahre;7560
2036;40 Jahre;7430
2036;41 Jahre;7160
2036;42 Jahre;7110
2036;43 Jahre;7100
2036;44 Jahre;7240
2036;45 Jahre;8150
2036;46 Jahre;8920
2036;47 Jahre;8900
2036;48 Jahre;8850
2036;49 Jahre;8620
2036;50 Jahre;8300
2036;51 Jahre;8210
2036;52 Jahre;7900
2036;53 Jahre;8090
2036;54 Jahre;7690
2036;55 Jahre;7510
2036;56 Jahre;7640
2036;57 Jahre;7390
2036;58 Jahre;7310
2036;59 Jahre;6750
2036;60 Jahre;6250
2036;61 Jahre;5950
2036;62 Jahre;5720
2036;63 Jahre;5610
2036;64 Jahre;6420
2036;65 Jahre;6360
2036;66 Jahre;6460
2036;67 Jahre;6270
2036;68 Jahre;6200
2036;69 Jahre;6280
2036;70 Jahre;6440
2036;71 Jahre;6230
2036;72 Jahre;6340
2036;73 Jahre;6080
2036;74 Jahre;5760
2036;75 Jahre;5540
2036;76 Jahre;5330
2036;77 Jahre;4800
2036;78 Jahre;4440
2036;79 Jahre;4260
2036;80 Jahre;4190
2036;81 Jahre;4210
2036;82 Jahre;4120
2036;83 Jahre;3840
2036;84 Jahre;3830
2036;85 Jahre u.älter;25780
2037;0 Jahre;4990
2037;1 Jahre;4840
2037;2 Jahre;4730
2037;3 Jahre;4550
2037;4 Jahre;4420
2037;5 Jahre;4310
2037;6 Jahre;4210
2037;7 Jahre;4150
2037;8 Jahre;4100
2037;9 Jahre;4080
2037;10 Jahre;4060
2037;11 Jahre;4080
2037;12 Jahre;4080
2037;13 Jahre;4240
2037;14 Jahre;4550
2037;15 Jahre;4950
2037;16 Jahre;5450
2037;17 Jahre;5600
2037;18 Jahre;6270
2037;19 Jahre;7350
2037;20 Jahre;8040
2037;21 Jahre;8470
2037;22 Jahre;8840
2037;23 Jahre;9140
2037;24 Jahre;9330
2037;25 Jahre;9430
2037;26 Jahre;9380
2037;27 Jahre;9270
2037;28 Jahre;9070
2037;29 Jahre;8840
2037;30 Jahre;8500
2037;31 Jahre;8180
2037;32 Jahre;8020
2037;33 Jahre;7920
2037;34 Jahre;7830
2037;35 Jahre;7680
2037;36 Jahre;7850
2037;37 Jahre;7850
2037;38 Jahre;7810
2037;39 Jahre;7710
2037;40 Jahre;7580
2037;41 Jahre;7450
2037;42 Jahre;7170
2037;43 Jahre;7130
2037;44 Jahre;7100
2037;45 Jahre;7250
2037;46 Jahre;8140
2037;47 Jahre;8900
2037;48 Jahre;8840
2037;49 Jahre;8790
2037;50 Jahre;8550
2037;51 Jahre;8240
2037;52 Jahre;8160
2037;53 Jahre;7870
2037;54 Jahre;8040
2037;55 Jahre;7650
2037;56 Jahre;7500
2037;57 Jahre;7600
2037;58 Jahre;7360
2037;59 Jahre;7260
2037;60 Jahre;6740
2037;61 Jahre;6240
2037;62 Jahre;5920
2037;63 Jahre;5690
2037;64 Jahre;5600
2037;65 Jahre;6370
2037;66 Jahre;6310
2037;67 Jahre;6390
2037;68 Jahre;6200
2037;69 Jahre;6130
2037;70 Jahre;6200
2037;71 Jahre;6340
2037;72 Jahre;6140
2037;73 Jahre;6240
2037;74 Jahre;5970
2037;75 Jahre;5650
2037;76 Jahre;5420
2037;77 Jahre;5210
2037;78 Jahre;4660
2037;79 Jahre;4280
2037;80 Jahre;4100
2037;81 Jahre;4040
2037;82 Jahre;4040
2037;83 Jahre;3950
2037;84 Jahre;3660
2037;85 Jahre u.älter;26060
2038;0 Jahre;5030
2038;1 Jahre;4880
2038;2 Jahre;4770
2038;3 Jahre;4670
2038;4 Jahre;4530
2038;5 Jahre;4420
2038;6 Jahre;4310
2038;7 Jahre;4230
2038;8 Jahre;4170
2038;9 Jahre;4150
2038;10 Jahre;4110
2038;11 Jahre;4110
2038;12 Jahre;4140
2038;13 Jahre;4130
2038;14 Jahre;4290
2038;15 Jahre;4620
2038;16 Jahre;5100
2038;17 Jahre;5620
2038;18 Jahre;6060
2038;19 Jahre;7100
2038;20 Jahre;7960
2038;21 Jahre;8390
2038;22 Jahre;8870
2038;23 Jahre;9150
2038;24 Jahre;9370
2038;25 Jahre;9460
2038;26 Jahre;9450
2038;27 Jahre;9300
2038;28 Jahre;9120
2038;29 Jahre;8900
2038;30 Jahre;8620
2038;31 Jahre;8310
2038;32 Jahre;8020
2038;33 Jahre;7960
2038;34 Jahre;7890
2038;35 Jahre;7830
2038;36 Jahre;7730
2038;37 Jahre;7880
2038;38 Jahre;7840
2038;39 Jahre;7820
2038;40 Jahre;7720
2038;41 Jahre;7600
2038;42 Jahre;7450
2038;43 Jahre;7180
2038;44 Jahre;7120
2038;45 Jahre;7120
2038;46 Jahre;7260
2038;47 Jahre;8130
2038;48 Jahre;8840
2038;49 Jahre;8770
2038;50 Jahre;8710
2038;51 Jahre;8490
2038;52 Jahre;8190
2038;53 Jahre;8120
2038;54 Jahre;7820
2038;55 Jahre;8000
2038;56 Jahre;7640
2038;57 Jahre;7460
2038;58 Jahre;7560
2038;59 Jahre;7310
2038;60 Jahre;7230
2038;61 Jahre;6720
2038;62 Jahre;6210
2038;63 Jahre;5890
2038;64 Jahre;5670
2038;65 Jahre;5560
2038;66 Jahre;6310
2038;67 Jahre;6240
2038;68 Jahre;6310
2038;69 Jahre;6130
2038;70 Jahre;6050
2038;71 Jahre;6100
2038;72 Jahre;6240
2038;73 Jahre;6040
2038;74 Jahre;6130
2038;75 Jahre;5850
2038;76 Jahre;5530
2038;77 Jahre;5290
2038;78 Jahre;5050
2038;79 Jahre;4490
2038;80 Jahre;4130
2038;81 Jahre;3960
2038;82 Jahre;3880
2038;83 Jahre;3870
2038;84 Jahre;3770
2038;85 Jahre u.älter;26210
2039;0 Jahre;5060
2039;1 Jahre;4920
2039;2 Jahre;4810
2039;3 Jahre;4710
2039;4 Jahre;4640
2039;5 Jahre;4520
2039;6 Jahre;4410
2039;7 Jahre;4330
2039;8 Jahre;4240
2039;9 Jahre;4220
2039;10 Jahre;4180
2039;11 Jahre;4150
2039;12 Jahre;4170
2039;13 Jahre;4190
2039;14 Jahre;4180
2039;15 Jahre;4360
2039;16 Jahre;4770
2039;17 Jahre;5270
2039;18 Jahre;6050
2039;19 Jahre;6880
2039;20 Jahre;7710
2039;21 Jahre;8310
2039;22 Jahre;8790
2039;23 Jahre;9160
2039;24 Jahre;9360
2039;25 Jahre;9480
2039;26 Jahre;9460
2039;27 Jahre;9360
2039;28 Jahre;9150
2039;29 Jahre;8940
2039;30 Jahre;8670
2039;31 Jahre;8420
2039;32 Jahre;8140
2039;33 Jahre;7950
2039;34 Jahre;7930
2039;35 Jahre;7890
2039;36 Jahre;7860
2039;37 Jahre;7750
2039;38 Jahre;7870
2039;39 Jahre;7840
2039;40 Jahre;7820
2039;41 Jahre;7730
2039;42 Jahre;7580
2039;43 Jahre;7450
2039;44 Jahre;7180
2039;45 Jahre;7140
2039;46 Jahre;7120
2039;47 Jahre;7270
2039;48 Jahre;8090
2039;49 Jahre;8770
2039;50 Jahre;8690
2039;51 Jahre;8650
2039;52 Jahre;8430
2039;53 Jahre;8160
2039;54 Jahre;8070
2039;55 Jahre;7780
2039;56 Jahre;7970
2039;57 Jahre;7600
2039;58 Jahre;7430
2039;59 Jahre;7510
2039;60 Jahre;7290
2039;61 Jahre;7200
2039;62 Jahre;6670
2039;63 Jahre;6170
2039;64 Jahre;5870
2039;65 Jahre;5630
2039;66 Jahre;5520
2039;67 Jahre;6240
2039;68 Jahre;6170
2039;69 Jahre;6240
2039;70 Jahre;6040
2039;71 Jahre;5960
2039;72 Jahre;6010
2039;73 Jahre;6140
2039;74 Jahre;5930
2039;75 Jahre;6010
2039;76 Jahre;5730
2039;77 Jahre;5400
2039;78 Jahre;5130
2039;79 Jahre;4860
2039;80 Jahre;4330
2039;81 Jahre;3980
2039;82 Jahre;3800
2039;83 Jahre;3710
2039;84 Jahre;3690
2039;85 Jahre u.älter;26490
2040;0 Jahre;5080
2040;1 Jahre;4950
2040;2 Jahre;4850
2040;3 Jahre;4750
2040;4 Jahre;4680
2040;5 Jahre;4630
2040;6 Jahre;4510
2040;7 Jahre;4420
2040;8 Jahre;4340
2040;9 Jahre;4290
2040;10 Jahre;4240
2040;11 Jahre;4220
2040;12 Jahre;4210
2040;13 Jahre;4210
2040;14 Jahre;4240
2040;15 Jahre;4250
2040;16 Jahre;4520
2040;17 Jahre;4950
2040;18 Jahre;5730
2040;19 Jahre;6860
2040;20 Jahre;7500
2040;21 Jahre;8070
2040;22 Jahre;8700
2040;23 Jahre;9080
2040;24 Jahre;9370
2040;25 Jahre;9460
2040;26 Jahre;9480
2040;27 Jahre;9360
2040;28 Jahre;9190
2040;29 Jahre;8960
2040;30 Jahre;8720
2040;31 Jahre;8470
2040;32 Jahre;8240
2040;33 Jahre;8070
2040;34 Jahre;7920
2040;35 Jahre;7920
2040;36 Jahre;7920
2040;37 Jahre;7880
2040;38 Jahre;7750
2040;39 Jahre;7870
2040;40 Jahre;7840
2040;41 Jahre;7830
2040;42 Jahre;7710
2040;43 Jahre;7580
2040;44 Jahre;7440
2040;45 Jahre;7190
2040;46 Jahre;7150
2040;47 Jahre;7140
2040;48 Jahre;7250
2040;49 Jahre;8040
2040;50 Jahre;8690
2040;51 Jahre;8630
2040;52 Jahre;8590
2040;53 Jahre;8390
2040;54 Jahre;8110
2040;55 Jahre;8030
2040;56 Jahre;7760
2040;57 Jahre;7930
2040;58 Jahre;7560
2040;59 Jahre;7380
2040;60 Jahre;7480
2040;61 Jahre;7250
2040;62 Jahre;7150
2040;63 Jahre;6620
2040;64 Jahre;6140
2040;65 Jahre;5820
2040;66 Jahre;5600
2040;67 Jahre;5470
2040;68 Jahre;6170
2040;69 Jahre;6100
2040;70 Jahre;6160
2040;71 Jahre;5950
2040;72 Jahre;5870
2040;73 Jahre;5910
2040;74 Jahre;6030
2040;75 Jahre;5810
2040;76 Jahre;5880
2040;77 Jahre;5590
2040;78 Jahre;5230
2040;79 Jahre;4940
2040;80 Jahre;4690
2040;81 Jahre;4170
2040;82 Jahre;3820
2040;83 Jahre;3640
2040;84 Jahre;3550
2040;85 Jahre u.älter;26730
