Jahr;Stadtteil zus.;Stadtbezirk mit zugeordneten Ortschaften;Stadtbezirk/Ortschaft;Stadtraum;AltK_13IRB-2-5-9-14-17-24-29-44-59-64-74-84-;Anzahl Einwohner
2024;01 Innere Altstadt;StB 0 Altstadt;StB 0 Altstadt;01 StB Altstadt ohne Johannstadt;00 - 02 Jahre;79
2024;01 Innere Altstadt;StB 0 Altstadt;StB 0 Altstadt;01 StB Altstadt ohne Johannstadt;03 - 05 Jahre;67
2024;01 Innere Altstadt;StB 0 Altstadt;StB 0 Altstadt;01 StB Altstadt ohne Johannstadt;06 - 09 Jahre;66
2024;01 Innere Altstadt;StB 0 Altstadt;StB 0 Altstadt;01 StB Altstadt ohne Johannstadt;10 - 14 Jahre;61
2024;01 Innere Altstadt;StB 0 Altstadt;StB 0 Altstadt;01 StB Altstadt ohne Johannstadt;15 - 17 Jahre;40
2024;01 Innere Altstadt;StB 0 Altstadt;StB 0 Altstadt;01 StB Altstadt ohne Johannstadt;18 - 24 Jahre;338
2024;01 Innere Altstadt;StB 0 Altstadt;StB 0 Altstadt;01 StB Altstadt ohne Johannstadt;25 - 29 Jahre;450
2024;01 Innere Altstadt;StB 0 Altstadt;StB 0 Altstadt;01 StB Altstadt ohne Johannstadt;30 - 44 Jahre;834
2024;01 Innere Altstadt;StB 0 Altstadt;StB 0 Altstadt;01 StB Altstadt ohne Johannstadt;45 - 59 Jahre;311
2024;01 Innere Altstadt;StB 0 Altstadt;StB 0 Altstadt;01 StB Altstadt ohne Johannstadt;60 - 64 Jahre;100
2024;01 Innere Altstadt;StB 0 Altstadt;StB 0 Altstadt;01 StB Altstadt ohne Johannstadt;65 - 74 Jahre;192
2024;01 Innere Altstadt;StB 0 Altstadt;StB 0 Altstadt;01 StB Altstadt ohne Johannstadt;75 - 84 Jahre;161
2024;01 Innere Altstadt;StB 0 Altstadt;StB 0 Altstadt;01 StB Altstadt ohne Johannstadt;85 Jahre u.älter;122
2024;02 Pirnaische Vorstadt;StB 0 Altstadt;StB 0 Altstadt;01 StB Altstadt ohne Johannstadt;00 - 02 Jahre;163
2024;02 Pirnaische Vorstadt;StB 0 Altstadt;StB 0 Altstadt;01 StB Altstadt ohne Johannstadt;03 - 05 Jahre;157
2024;02 Pirnaische Vorstadt;StB 0 Altstadt;StB 0 Altstadt;01 StB Altstadt ohne Johannstadt;06 - 09 Jahre;165
2024;02 Pirnaische Vorstadt;StB 0 Altstadt;StB 0 Altstadt;01 StB Altstadt ohne Johannstadt;10 - 14 Jahre;175
2024;02 Pirnaische Vorstadt;StB 0 Altstadt;StB 0 Altstadt;01 StB Altstadt ohne Johannstadt;15 - 17 Jahre;103
2024;02 Pirnaische Vorstadt;StB 0 Altstadt;StB 0 Altstadt;01 StB Altstadt ohne Johannstadt;18 - 24 Jahre;874
2024;02 Pirnaische Vorstadt;StB 0 Altstadt;StB 0 Altstadt;01 StB Altstadt ohne Johannstadt;25 - 29 Jahre;869
2024;02 Pirnaische Vorstadt;StB 0 Altstadt;StB 0 Altstadt;01 StB Altstadt ohne Johannstadt;30 - 44 Jahre;1666
2024;02 Pirnaische Vorstadt;StB 0 Altstadt;StB 0 Altstadt;01 StB Altstadt ohne Johannstadt;45 - 59 Jahre;644
2024;02 Pirnaische Vorstadt;StB 0 Altstadt;StB 0 Altstadt;01 StB Altstadt ohne Johannstadt;60 - 64 Jahre;291
2024;02 Pirnaische Vorstadt;StB 0 Altstadt;StB 0 Altstadt;01 StB Altstadt ohne Johannstadt;65 - 74 Jahre;458
2024;02 Pirnaische Vorstadt;StB 0 Altstadt;StB 0 Altstadt;01 StB Altstadt ohne Johannstadt;75 - 84 Jahre;456
2024;02 Pirnaische Vorstadt;StB 0 Altstadt;StB 0 Altstadt;01 StB Altstadt ohne Johannstadt;85 Jahre u.älter;584
2024;03 Seevorstadt-Ost;StB 0 Altstadt;StB 0 Altstadt;01 StB Altstadt ohne Johannstadt;00 - 02 Jahre;144
2024;03 Seevorstadt-Ost;StB 0 Altstadt;StB 0 Altstadt;01 StB Altstadt ohne Johannstadt;03 - 05 Jahre;182
2024;03 Seevorstadt-Ost;StB 0 Altstadt;StB 0 Altstadt;01 StB Altstadt ohne Johannstadt;06 - 09 Jahre;240
2024;03 Seevorstadt-Ost;StB 0 Altstadt;StB 0 Altstadt;01 StB Altstadt ohne Johannstadt;10 - 14 Jahre;246
2024;03 Seevorstadt-Ost;StB 0 Altstadt;StB 0 Altstadt;01 StB Altstadt ohne Johannstadt;15 - 17 Jahre;147
2024;03 Seevorstadt-Ost;StB 0 Altstadt;StB 0 Altstadt;01 StB Altstadt ohne Johannstadt;18 - 24 Jahre;1546
2024;03 Seevorstadt-Ost;StB 0 Altstadt;StB 0 Altstadt;01 StB Altstadt ohne Johannstadt;25 - 29 Jahre;1102
2024;03 Seevorstadt-Ost;StB 0 Altstadt;StB 0 Altstadt;01 StB Altstadt ohne Johannstadt;30 - 44 Jahre;1828
2024;03 Seevorstadt-Ost;StB 0 Altstadt;StB 0 Altstadt;01 StB Altstadt ohne Johannstadt;45 - 59 Jahre;1006
2024;03 Seevorstadt-Ost;StB 0 Altstadt;StB 0 Altstadt;01 StB Altstadt ohne Johannstadt;60 - 64 Jahre;378
2024;03 Seevorstadt-Ost;StB 0 Altstadt;StB 0 Altstadt;01 StB Altstadt ohne Johannstadt;65 - 74 Jahre;638
2024;03 Seevorstadt-Ost;StB 0 Altstadt;StB 0 Altstadt;01 StB Altstadt ohne Johannstadt;75 - 84 Jahre;594
2024;03 Seevorstadt-Ost;StB 0 Altstadt;StB 0 Altstadt;01 StB Altstadt ohne Johannstadt;85 Jahre u.älter;690
2024;04 Wilsdruffer Vs./Seevs.-West;StB 0 Altstadt;StB 0 Altstadt;01 StB Altstadt ohne Johannstadt;00 - 02 Jahre;274
2024;04 Wilsdruffer Vs./Seevs.-West;StB 0 Altstadt;StB 0 Altstadt;01 StB Altstadt ohne Johannstadt;03 - 05 Jahre;252
2024;04 Wilsdruffer Vs./Seevs.-West;StB 0 Altstadt;StB 0 Altstadt;01 StB Altstadt ohne Johannstadt;06 - 09 Jahre;260
2024;04 Wilsdruffer Vs./Seevs.-West;StB 0 Altstadt;StB 0 Altstadt;01 StB Altstadt ohne Johannstadt;10 - 14 Jahre;303
2024;04 Wilsdruffer Vs./Seevs.-West;StB 0 Altstadt;StB 0 Altstadt;01 StB Altstadt ohne Johannstadt;15 - 17 Jahre;149
2024;04 Wilsdruffer Vs./Seevs.-West;StB 0 Altstadt;StB 0 Altstadt;01 StB Altstadt ohne Johannstadt;18 - 24 Jahre;1072
2024;04 Wilsdruffer Vs./Seevs.-West;StB 0 Altstadt;StB 0 Altstadt;01 StB Altstadt ohne Johannstadt;25 - 29 Jahre;1245
2024;04 Wilsdruffer Vs./Seevs.-West;StB 0 Altstadt;StB 0 Altstadt;01 StB Altstadt ohne Johannstadt;30 - 44 Jahre;2843
2024;04 Wilsdruffer Vs./Seevs.-West;StB 0 Altstadt;StB 0 Altstadt;01 StB Altstadt ohne Johannstadt;45 - 59 Jahre;1246
2024;04 Wilsdruffer Vs./Seevs.-West;StB 0 Altstadt;StB 0 Altstadt;01 StB Altstadt ohne Johannstadt;60 - 64 Jahre;508
2024;04 Wilsdruffer Vs./Seevs.-West;StB 0 Altstadt;StB 0 Altstadt;01 StB Altstadt ohne Johannstadt;65 - 74 Jahre;848
2024;04 Wilsdruffer Vs./Seevs.-West;StB 0 Altstadt;StB 0 Altstadt;01 StB Altstadt ohne Johannstadt;75 - 84 Jahre;803
2024;04 Wilsdruffer Vs./Seevs.-West;StB 0 Altstadt;StB 0 Altstadt;01 StB Altstadt ohne Johannstadt;85 Jahre u.älter;983
2024;05 Friedrichstadt;StB 0 Altstadt;StB 0 Altstadt;01 StB Altstadt ohne Johannstadt;00 - 02 Jahre;342
2024;05 Friedrichstadt;StB 0 Altstadt;StB 0 Altstadt;01 StB Altstadt ohne Johannstadt;03 - 05 Jahre;376
2024;05 Friedrichstadt;StB 0 Altstadt;StB 0 Altstadt;01 StB Altstadt ohne Johannstadt;06 - 09 Jahre;453
2024;05 Friedrichstadt;StB 0 Altstadt;StB 0 Altstadt;01 StB Altstadt ohne Johannstadt;10 - 14 Jahre;460
2024;05 Friedrichstadt;StB 0 Altstadt;StB 0 Altstadt;01 StB Altstadt ohne Johannstadt;15 - 17 Jahre;257
2024;05 Friedrichstadt;StB 0 Altstadt;StB 0 Altstadt;01 StB Altstadt ohne Johannstadt;18 - 24 Jahre;1549
2024;05 Friedrichstadt;StB 0 Altstadt;StB 0 Altstadt;01 StB Altstadt ohne Johannstadt;25 - 29 Jahre;1602
2024;05 Friedrichstadt;StB 0 Altstadt;StB 0 Altstadt;01 StB Altstadt ohne Johannstadt;30 - 44 Jahre;3209
2024;05 Friedrichstadt;StB 0 Altstadt;StB 0 Altstadt;01 StB Altstadt ohne Johannstadt;45 - 59 Jahre;1195
2024;05 Friedrichstadt;StB 0 Altstadt;StB 0 Altstadt;01 StB Altstadt ohne Johannstadt;60 - 64 Jahre;323
2024;05 Friedrichstadt;StB 0 Altstadt;StB 0 Altstadt;01 StB Altstadt ohne Johannstadt;65 - 74 Jahre;490
2024;05 Friedrichstadt;StB 0 Altstadt;StB 0 Altstadt;01 StB Altstadt ohne Johannstadt;75 - 84 Jahre;388
2024;05 Friedrichstadt;StB 0 Altstadt;StB 0 Altstadt;01 StB Altstadt ohne Johannstadt;85 Jahre u.älter;364
2024;06 Johannstadt-Nord;StB 0 Altstadt;StB 0 Altstadt;02 Johannstadt;00 - 02 Jahre;392
2024;06 Johannstadt-Nord;StB 0 Altstadt;StB 0 Altstadt;02 Johannstadt;03 - 05 Jahre;455
2024;06 Johannstadt-Nord;StB 0 Altstadt;StB 0 Altstadt;02 Johannstadt;06 - 09 Jahre;562
2024;06 Johannstadt-Nord;StB 0 Altstadt;StB 0 Altstadt;02 Johannstadt;10 - 14 Jahre;642
2024;06 Johannstadt-Nord;StB 0 Altstadt;StB 0 Altstadt;02 Johannstadt;15 - 17 Jahre;347
2024;06 Johannstadt-Nord;StB 0 Altstadt;StB 0 Altstadt;02 Johannstadt;18 - 24 Jahre;1170
2024;06 Johannstadt-Nord;StB 0 Altstadt;StB 0 Altstadt;02 Johannstadt;25 - 29 Jahre;1156
2024;06 Johannstadt-Nord;StB 0 Altstadt;StB 0 Altstadt;02 Johannstadt;30 - 44 Jahre;3076
2024;06 Johannstadt-Nord;StB 0 Altstadt;StB 0 Altstadt;02 Johannstadt;45 - 59 Jahre;1835
2024;06 Johannstadt-Nord;StB 0 Altstadt;StB 0 Altstadt;02 Johannstadt;60 - 64 Jahre;533
2024;06 Johannstadt-Nord;StB 0 Altstadt;StB 0 Altstadt;02 Johannstadt;65 - 74 Jahre;966
2024;06 Johannstadt-Nord;StB 0 Altstadt;StB 0 Altstadt;02 Johannstadt;75 - 84 Jahre;1320
2024;06 Johannstadt-Nord;StB 0 Altstadt;StB 0 Altstadt;02 Johannstadt;85 Jahre u.älter;865
2024;07 Johannstadt-Süd;StB 0 Altstadt;StB 0 Altstadt;02 Johannstadt;00 - 02 Jahre;263
2024;07 Johannstadt-Süd;StB 0 Altstadt;StB 0 Altstadt;02 Johannstadt;03 - 05 Jahre;266
2024;07 Johannstadt-Süd;StB 0 Altstadt;StB 0 Altstadt;02 Johannstadt;06 - 09 Jahre;336
2024;07 Johannstadt-Süd;StB 0 Altstadt;StB 0 Altstadt;02 Johannstadt;10 - 14 Jahre;358
2024;07 Johannstadt-Süd;StB 0 Altstadt;StB 0 Altstadt;02 Johannstadt;15 - 17 Jahre;191
2024;07 Johannstadt-Süd;StB 0 Altstadt;StB 0 Altstadt;02 Johannstadt;18 - 24 Jahre;1155
2024;07 Johannstadt-Süd;StB 0 Altstadt;StB 0 Altstadt;02 Johannstadt;25 - 29 Jahre;969
2024;07 Johannstadt-Süd;StB 0 Altstadt;StB 0 Altstadt;02 Johannstadt;30 - 44 Jahre;2320
2024;07 Johannstadt-Süd;StB 0 Altstadt;StB 0 Altstadt;02 Johannstadt;45 - 59 Jahre;1647
2024;07 Johannstadt-Süd;StB 0 Altstadt;StB 0 Altstadt;02 Johannstadt;60 - 64 Jahre;710
2024;07 Johannstadt-Süd;StB 0 Altstadt;StB 0 Altstadt;02 Johannstadt;65 - 74 Jahre;1497
2024;07 Johannstadt-Süd;StB 0 Altstadt;StB 0 Altstadt;02 Johannstadt;75 - 84 Jahre;1851
2024;07 Johannstadt-Süd;StB 0 Altstadt;StB 0 Altstadt;02 Johannstadt;85 Jahre u.älter;1333
2024;11 Äußere Neustadt (Antonstadt);StB 1 Neustadt;StB 1 Neustadt;03 StB Neustadt ohne Leipziger Vorstadt;00 - 02 Jahre;538
2024;11 Äußere Neustadt (Antonstadt);StB 1 Neustadt;StB 1 Neustadt;03 StB Neustadt ohne Leipziger Vorstadt;03 - 05 Jahre;604
2024;11 Äußere Neustadt (Antonstadt);StB 1 Neustadt;StB 1 Neustadt;03 StB Neustadt ohne Leipziger Vorstadt;06 - 09 Jahre;767
2024;11 Äußere Neustadt (Antonstadt);StB 1 Neustadt;StB 1 Neustadt;03 StB Neustadt ohne Leipziger Vorstadt;10 - 14 Jahre;806
2024;11 Äußere Neustadt (Antonstadt);StB 1 Neustadt;StB 1 Neustadt;03 StB Neustadt ohne Leipziger Vorstadt;15 - 17 Jahre;488
2024;11 Äußere Neustadt (Antonstadt);StB 1 Neustadt;StB 1 Neustadt;03 StB Neustadt ohne Leipziger Vorstadt;18 - 24 Jahre;1662
2024;11 Äußere Neustadt (Antonstadt);StB 1 Neustadt;StB 1 Neustadt;03 StB Neustadt ohne Leipziger Vorstadt;25 - 29 Jahre;2408
2024;11 Äußere Neustadt (Antonstadt);StB 1 Neustadt;StB 1 Neustadt;03 StB Neustadt ohne Leipziger Vorstadt;30 - 44 Jahre;6291
2024;11 Äußere Neustadt (Antonstadt);StB 1 Neustadt;StB 1 Neustadt;03 StB Neustadt ohne Leipziger Vorstadt;45 - 59 Jahre;3163
2024;11 Äußere Neustadt (Antonstadt);StB 1 Neustadt;StB 1 Neustadt;03 StB Neustadt ohne Leipziger Vorstadt;60 - 64 Jahre;559
2024;11 Äußere Neustadt (Antonstadt);StB 1 Neustadt;StB 1 Neustadt;03 StB Neustadt ohne Leipziger Vorstadt;65 - 74 Jahre;532
2024;11 Äußere Neustadt (Antonstadt);StB 1 Neustadt;StB 1 Neustadt;03 StB Neustadt ohne Leipziger Vorstadt;75 - 84 Jahre;295
2024;11 Äußere Neustadt (Antonstadt);StB 1 Neustadt;StB 1 Neustadt;03 StB Neustadt ohne Leipziger Vorstadt;85 Jahre u.älter;169
2024;12 Radeberger Vorstadt;StB 1 Neustadt;StB 1 Neustadt;03 StB Neustadt ohne Leipziger Vorstadt;00 - 02 Jahre;206
2024;12 Radeberger Vorstadt;StB 1 Neustadt;StB 1 Neustadt;03 StB Neustadt ohne Leipziger Vorstadt;03 - 05 Jahre;309
2024;12 Radeberger Vorstadt;StB 1 Neustadt;StB 1 Neustadt;03 StB Neustadt ohne Leipziger Vorstadt;06 - 09 Jahre;457
2024;12 Radeberger Vorstadt;StB 1 Neustadt;StB 1 Neustadt;03 StB Neustadt ohne Leipziger Vorstadt;10 - 14 Jahre;612
2024;12 Radeberger Vorstadt;StB 1 Neustadt;StB 1 Neustadt;03 StB Neustadt ohne Leipziger Vorstadt;15 - 17 Jahre;343
2024;12 Radeberger Vorstadt;StB 1 Neustadt;StB 1 Neustadt;03 StB Neustadt ohne Leipziger Vorstadt;18 - 24 Jahre;602
2024;12 Radeberger Vorstadt;StB 1 Neustadt;StB 1 Neustadt;03 StB Neustadt ohne Leipziger Vorstadt;25 - 29 Jahre;451
2024;12 Radeberger Vorstadt;StB 1 Neustadt;StB 1 Neustadt;03 StB Neustadt ohne Leipziger Vorstadt;30 - 44 Jahre;2057
2024;12 Radeberger Vorstadt;StB 1 Neustadt;StB 1 Neustadt;03 StB Neustadt ohne Leipziger Vorstadt;45 - 59 Jahre;2109
2024;12 Radeberger Vorstadt;StB 1 Neustadt;StB 1 Neustadt;03 StB Neustadt ohne Leipziger Vorstadt;60 - 64 Jahre;522
2024;12 Radeberger Vorstadt;StB 1 Neustadt;StB 1 Neustadt;03 StB Neustadt ohne Leipziger Vorstadt;65 - 74 Jahre;703
2024;12 Radeberger Vorstadt;StB 1 Neustadt;StB 1 Neustadt;03 StB Neustadt ohne Leipziger Vorstadt;75 - 84 Jahre;430
2024;12 Radeberger Vorstadt;StB 1 Neustadt;StB 1 Neustadt;03 StB Neustadt ohne Leipziger Vorstadt;85 Jahre u.älter;184
2024;13 Innere Neustadt;StB 1 Neustadt;StB 1 Neustadt;03 StB Neustadt ohne Leipziger Vorstadt;00 - 02 Jahre;247
2024;13 Innere Neustadt;StB 1 Neustadt;StB 1 Neustadt;03 StB Neustadt ohne Leipziger Vorstadt;03 - 05 Jahre;259
2024;13 Innere Neustadt;StB 1 Neustadt;StB 1 Neustadt;03 StB Neustadt ohne Leipziger Vorstadt;06 - 09 Jahre;333
2024;13 Innere Neustadt;StB 1 Neustadt;StB 1 Neustadt;03 StB Neustadt ohne Leipziger Vorstadt;10 - 14 Jahre;348
2024;13 Innere Neustadt;StB 1 Neustadt;StB 1 Neustadt;03 StB Neustadt ohne Leipziger Vorstadt;15 - 17 Jahre;220
2024;13 Innere Neustadt;StB 1 Neustadt;StB 1 Neustadt;03 StB Neustadt ohne Leipziger Vorstadt;18 - 24 Jahre;718
2024;13 Innere Neustadt;StB 1 Neustadt;StB 1 Neustadt;03 StB Neustadt ohne Leipziger Vorstadt;25 - 29 Jahre;778
2024;13 Innere Neustadt;StB 1 Neustadt;StB 1 Neustadt;03 StB Neustadt ohne Leipziger Vorstadt;30 - 44 Jahre;2258
2024;13 Innere Neustadt;StB 1 Neustadt;StB 1 Neustadt;03 StB Neustadt ohne Leipziger Vorstadt;45 - 59 Jahre;1383
2024;13 Innere Neustadt;StB 1 Neustadt;StB 1 Neustadt;03 StB Neustadt ohne Leipziger Vorstadt;60 - 64 Jahre;342
2024;13 Innere Neustadt;StB 1 Neustadt;StB 1 Neustadt;03 StB Neustadt ohne Leipziger Vorstadt;65 - 74 Jahre;507
2024;13 Innere Neustadt;StB 1 Neustadt;StB 1 Neustadt;03 StB Neustadt ohne Leipziger Vorstadt;75 - 84 Jahre;575
2024;13 Innere Neustadt;StB 1 Neustadt;StB 1 Neustadt;03 StB Neustadt ohne Leipziger Vorstadt;85 Jahre u.älter;315
2024;14 Leipziger Vorstadt;StB 1 Neustadt;StB 1 Neustadt;04 Leipziger Vorstadt, Pieschen;00 - 02 Jahre;393
2024;14 Leipziger Vorstadt;StB 1 Neustadt;StB 1 Neustadt;04 Leipziger Vorstadt, Pieschen;03 - 05 Jahre;445
2024;14 Leipziger Vorstadt;StB 1 Neustadt;StB 1 Neustadt;04 Leipziger Vorstadt, Pieschen;06 - 09 Jahre;587
2024;14 Leipziger Vorstadt;StB 1 Neustadt;StB 1 Neustadt;04 Leipziger Vorstadt, Pieschen;10 - 14 Jahre;677
2024;14 Leipziger Vorstadt;StB 1 Neustadt;StB 1 Neustadt;04 Leipziger Vorstadt, Pieschen;15 - 17 Jahre;349
2024;14 Leipziger Vorstadt;StB 1 Neustadt;StB 1 Neustadt;04 Leipziger Vorstadt, Pieschen;18 - 24 Jahre;1471
2024;14 Leipziger Vorstadt;StB 1 Neustadt;StB 1 Neustadt;04 Leipziger Vorstadt, Pieschen;25 - 29 Jahre;1620
2024;14 Leipziger Vorstadt;StB 1 Neustadt;StB 1 Neustadt;04 Leipziger Vorstadt, Pieschen;30 - 44 Jahre;4522
2024;14 Leipziger Vorstadt;StB 1 Neustadt;StB 1 Neustadt;04 Leipziger Vorstadt, Pieschen;45 - 59 Jahre;2226
2024;14 Leipziger Vorstadt;StB 1 Neustadt;StB 1 Neustadt;04 Leipziger Vorstadt, Pieschen;60 - 64 Jahre;439
2024;14 Leipziger Vorstadt;StB 1 Neustadt;StB 1 Neustadt;04 Leipziger Vorstadt, Pieschen;65 - 74 Jahre;559
2024;14 Leipziger Vorstadt;StB 1 Neustadt;StB 1 Neustadt;04 Leipziger Vorstadt, Pieschen;75 - 84 Jahre;317
2024;14 Leipziger Vorstadt;StB 1 Neustadt;StB 1 Neustadt;04 Leipziger Vorstadt, Pieschen;85 Jahre u.älter;122
2024;15 Albertstadt;StB 1 Neustadt;StB 1 Neustadt;03 StB Neustadt ohne Leipziger Vorstadt;00 - 02 Jahre;143
2024;15 Albertstadt;StB 1 Neustadt;StB 1 Neustadt;03 StB Neustadt ohne Leipziger Vorstadt;03 - 05 Jahre;150
2024;15 Albertstadt;StB 1 Neustadt;StB 1 Neustadt;03 StB Neustadt ohne Leipziger Vorstadt;06 - 09 Jahre;197
2024;15 Albertstadt;StB 1 Neustadt;StB 1 Neustadt;03 StB Neustadt ohne Leipziger Vorstadt;10 - 14 Jahre;280
2024;15 Albertstadt;StB 1 Neustadt;StB 1 Neustadt;03 StB Neustadt ohne Leipziger Vorstadt;15 - 17 Jahre;147
2024;15 Albertstadt;StB 1 Neustadt;StB 1 Neustadt;03 StB Neustadt ohne Leipziger Vorstadt;18 - 24 Jahre;534
2024;15 Albertstadt;StB 1 Neustadt;StB 1 Neustadt;03 StB Neustadt ohne Leipziger Vorstadt;25 - 29 Jahre;511
2024;15 Albertstadt;StB 1 Neustadt;StB 1 Neustadt;03 StB Neustadt ohne Leipziger Vorstadt;30 - 44 Jahre;1525
2024;15 Albertstadt;StB 1 Neustadt;StB 1 Neustadt;03 StB Neustadt ohne Leipziger Vorstadt;45 - 59 Jahre;860
2024;15 Albertstadt;StB 1 Neustadt;StB 1 Neustadt;03 StB Neustadt ohne Leipziger Vorstadt;60 - 64 Jahre;171
2024;15 Albertstadt;StB 1 Neustadt;StB 1 Neustadt;03 StB Neustadt ohne Leipziger Vorstadt;65 - 74 Jahre;247
2024;15 Albertstadt;StB 1 Neustadt;StB 1 Neustadt;03 StB Neustadt ohne Leipziger Vorstadt;75 - 84 Jahre;204
2024;15 Albertstadt;StB 1 Neustadt;StB 1 Neustadt;03 StB Neustadt ohne Leipziger Vorstadt;85 Jahre u.älter;187
2024;21 Pieschen-Süd;StB 2 Pieschen;StB 2 Pieschen;04 Leipziger Vorstadt, Pieschen;00 - 02 Jahre;339
2024;21 Pieschen-Süd;StB 2 Pieschen;StB 2 Pieschen;04 Leipziger Vorstadt, Pieschen;03 - 05 Jahre;420
2024;21 Pieschen-Süd;StB 2 Pieschen;StB 2 Pieschen;04 Leipziger Vorstadt, Pieschen;06 - 09 Jahre;557
2024;21 Pieschen-Süd;StB 2 Pieschen;StB 2 Pieschen;04 Leipziger Vorstadt, Pieschen;10 - 14 Jahre;682
2024;21 Pieschen-Süd;StB 2 Pieschen;StB 2 Pieschen;04 Leipziger Vorstadt, Pieschen;15 - 17 Jahre;360
2024;21 Pieschen-Süd;StB 2 Pieschen;StB 2 Pieschen;04 Leipziger Vorstadt, Pieschen;18 - 24 Jahre;968
2024;21 Pieschen-Süd;StB 2 Pieschen;StB 2 Pieschen;04 Leipziger Vorstadt, Pieschen;25 - 29 Jahre;1110
2024;21 Pieschen-Süd;StB 2 Pieschen;StB 2 Pieschen;04 Leipziger Vorstadt, Pieschen;30 - 44 Jahre;4032
2024;21 Pieschen-Süd;StB 2 Pieschen;StB 2 Pieschen;04 Leipziger Vorstadt, Pieschen;45 - 59 Jahre;2067
2024;21 Pieschen-Süd;StB 2 Pieschen;StB 2 Pieschen;04 Leipziger Vorstadt, Pieschen;60 - 64 Jahre;492
2024;21 Pieschen-Süd;StB 2 Pieschen;StB 2 Pieschen;04 Leipziger Vorstadt, Pieschen;65 - 74 Jahre;592
2024;21 Pieschen-Süd;StB 2 Pieschen;StB 2 Pieschen;04 Leipziger Vorstadt, Pieschen;75 - 84 Jahre;304
2024;21 Pieschen-Süd;StB 2 Pieschen;StB 2 Pieschen;04 Leipziger Vorstadt, Pieschen;85 Jahre u.älter;122
2024;22 Mickten;StB 2 Pieschen;StB 2 Pieschen;05 Mickten, Kaditz, Trachau;00 - 02 Jahre;359
2024;22 Mickten;StB 2 Pieschen;StB 2 Pieschen;05 Mickten, Kaditz, Trachau;03 - 05 Jahre;414
2024;22 Mickten;StB 2 Pieschen;StB 2 Pieschen;05 Mickten, Kaditz, Trachau;06 - 09 Jahre;552
2024;22 Mickten;StB 2 Pieschen;StB 2 Pieschen;05 Mickten, Kaditz, Trachau;10 - 14 Jahre;685
2024;22 Mickten;StB 2 Pieschen;StB 2 Pieschen;05 Mickten, Kaditz, Trachau;15 - 17 Jahre;371
2024;22 Mickten;StB 2 Pieschen;StB 2 Pieschen;05 Mickten, Kaditz, Trachau;18 - 24 Jahre;1076
2024;22 Mickten;StB 2 Pieschen;StB 2 Pieschen;05 Mickten, Kaditz, Trachau;25 - 29 Jahre;985
2024;22 Mickten;StB 2 Pieschen;StB 2 Pieschen;05 Mickten, Kaditz, Trachau;30 - 44 Jahre;3796
2024;22 Mickten;StB 2 Pieschen;StB 2 Pieschen;05 Mickten, Kaditz, Trachau;45 - 59 Jahre;2493
2024;22 Mickten;StB 2 Pieschen;StB 2 Pieschen;05 Mickten, Kaditz, Trachau;60 - 64 Jahre;825
2024;22 Mickten;StB 2 Pieschen;StB 2 Pieschen;05 Mickten, Kaditz, Trachau;65 - 74 Jahre;1229
2024;22 Mickten;StB 2 Pieschen;StB 2 Pieschen;05 Mickten, Kaditz, Trachau;75 - 84 Jahre;822
2024;22 Mickten;StB 2 Pieschen;StB 2 Pieschen;05 Mickten, Kaditz, Trachau;85 Jahre u.älter;383
2024;23 Kaditz;StB 2 Pieschen;StB 2 Pieschen;05 Mickten, Kaditz, Trachau;00 - 02 Jahre;123
2024;23 Kaditz;StB 2 Pieschen;StB 2 Pieschen;05 Mickten, Kaditz, Trachau;03 - 05 Jahre;149
2024;23 Kaditz;StB 2 Pieschen;StB 2 Pieschen;05 Mickten, Kaditz, Trachau;06 - 09 Jahre;220
2024;23 Kaditz;StB 2 Pieschen;StB 2 Pieschen;05 Mickten, Kaditz, Trachau;10 - 14 Jahre;265
2024;23 Kaditz;StB 2 Pieschen;StB 2 Pieschen;05 Mickten, Kaditz, Trachau;15 - 17 Jahre;179
2024;23 Kaditz;StB 2 Pieschen;StB 2 Pieschen;05 Mickten, Kaditz, Trachau;18 - 24 Jahre;404
2024;23 Kaditz;StB 2 Pieschen;StB 2 Pieschen;05 Mickten, Kaditz, Trachau;25 - 29 Jahre;307
2024;23 Kaditz;StB 2 Pieschen;StB 2 Pieschen;05 Mickten, Kaditz, Trachau;30 - 44 Jahre;1297
2024;23 Kaditz;StB 2 Pieschen;StB 2 Pieschen;05 Mickten, Kaditz, Trachau;45 - 59 Jahre;1155
2024;23 Kaditz;StB 2 Pieschen;StB 2 Pieschen;05 Mickten, Kaditz, Trachau;60 - 64 Jahre;382
2024;23 Kaditz;StB 2 Pieschen;StB 2 Pieschen;05 Mickten, Kaditz, Trachau;65 - 74 Jahre;577
2024;23 Kaditz;StB 2 Pieschen;StB 2 Pieschen;05 Mickten, Kaditz, Trachau;75 - 84 Jahre;378
2024;23 Kaditz;StB 2 Pieschen;StB 2 Pieschen;05 Mickten, Kaditz, Trachau;85 Jahre u.älter;176
2024;24 Trachau;StB 2 Pieschen;StB 2 Pieschen;05 Mickten, Kaditz, Trachau;00 - 02 Jahre;199
2024;24 Trachau;StB 2 Pieschen;StB 2 Pieschen;05 Mickten, Kaditz, Trachau;03 - 05 Jahre;276
2024;24 Trachau;StB 2 Pieschen;StB 2 Pieschen;05 Mickten, Kaditz, Trachau;06 - 09 Jahre;445
2024;24 Trachau;StB 2 Pieschen;StB 2 Pieschen;05 Mickten, Kaditz, Trachau;10 - 14 Jahre;594
2024;24 Trachau;StB 2 Pieschen;StB 2 Pieschen;05 Mickten, Kaditz, Trachau;15 - 17 Jahre;296
2024;24 Trachau;StB 2 Pieschen;StB 2 Pieschen;05 Mickten, Kaditz, Trachau;18 - 24 Jahre;608
2024;24 Trachau;StB 2 Pieschen;StB 2 Pieschen;05 Mickten, Kaditz, Trachau;25 - 29 Jahre;337
2024;24 Trachau;StB 2 Pieschen;StB 2 Pieschen;05 Mickten, Kaditz, Trachau;30 - 44 Jahre;2043
2024;24 Trachau;StB 2 Pieschen;StB 2 Pieschen;05 Mickten, Kaditz, Trachau;45 - 59 Jahre;2176
2024;24 Trachau;StB 2 Pieschen;StB 2 Pieschen;05 Mickten, Kaditz, Trachau;60 - 64 Jahre;672
2024;24 Trachau;StB 2 Pieschen;StB 2 Pieschen;05 Mickten, Kaditz, Trachau;65 - 74 Jahre;1015
2024;24 Trachau;StB 2 Pieschen;StB 2 Pieschen;05 Mickten, Kaditz, Trachau;75 - 84 Jahre;828
2024;24 Trachau;StB 2 Pieschen;StB 2 Pieschen;05 Mickten, Kaditz, Trachau;85 Jahre u.älter;399
2024;25 Pieschen-N/Trachenberge;StB 2 Pieschen;StB 2 Pieschen;04 Leipziger Vorstadt, Pieschen;00 - 02 Jahre;288
2024;25 Pieschen-N/Trachenberge;StB 2 Pieschen;StB 2 Pieschen;04 Leipziger Vorstadt, Pieschen;03 - 05 Jahre;355
2024;25 Pieschen-N/Trachenberge;StB 2 Pieschen;StB 2 Pieschen;04 Leipziger Vorstadt, Pieschen;06 - 09 Jahre;533
2024;25 Pieschen-N/Trachenberge;StB 2 Pieschen;StB 2 Pieschen;04 Leipziger Vorstadt, Pieschen;10 - 14 Jahre;652
2024;25 Pieschen-N/Trachenberge;StB 2 Pieschen;StB 2 Pieschen;04 Leipziger Vorstadt, Pieschen;15 - 17 Jahre;371
2024;25 Pieschen-N/Trachenberge;StB 2 Pieschen;StB 2 Pieschen;04 Leipziger Vorstadt, Pieschen;18 - 24 Jahre;979
2024;25 Pieschen-N/Trachenberge;StB 2 Pieschen;StB 2 Pieschen;04 Leipziger Vorstadt, Pieschen;25 - 29 Jahre;965
2024;25 Pieschen-N/Trachenberge;StB 2 Pieschen;StB 2 Pieschen;04 Leipziger Vorstadt, Pieschen;30 - 44 Jahre;3375
2024;25 Pieschen-N/Trachenberge;StB 2 Pieschen;StB 2 Pieschen;04 Leipziger Vorstadt, Pieschen;45 - 59 Jahre;2319
2024;25 Pieschen-N/Trachenberge;StB 2 Pieschen;StB 2 Pieschen;04 Leipziger Vorstadt, Pieschen;60 - 64 Jahre;708
2024;25 Pieschen-N/Trachenberge;StB 2 Pieschen;StB 2 Pieschen;04 Leipziger Vorstadt, Pieschen;65 - 74 Jahre;970
2024;25 Pieschen-N/Trachenberge;StB 2 Pieschen;StB 2 Pieschen;04 Leipziger Vorstadt, Pieschen;75 - 84 Jahre;746
2024;25 Pieschen-N/Trachenberge;StB 2 Pieschen;StB 2 Pieschen;04 Leipziger Vorstadt, Pieschen;85 Jahre u.älter;426
2024;31 Klotzsche;StB 3 Klotzsche/nördliche Ortschaften;StB 3 Klotzsche;06 StB Klotzsche und nördliche OS;00 - 02 Jahre;279
2024;31 Klotzsche;StB 3 Klotzsche/nördliche Ortschaften;StB 3 Klotzsche;06 StB Klotzsche und nördliche OS;03 - 05 Jahre;377
2024;31 Klotzsche;StB 3 Klotzsche/nördliche Ortschaften;StB 3 Klotzsche;06 StB Klotzsche und nördliche OS;06 - 09 Jahre;584
2024;31 Klotzsche;StB 3 Klotzsche/nördliche Ortschaften;StB 3 Klotzsche;06 StB Klotzsche und nördliche OS;10 - 14 Jahre;785
2024;31 Klotzsche;StB 3 Klotzsche/nördliche Ortschaften;StB 3 Klotzsche;06 StB Klotzsche und nördliche OS;15 - 17 Jahre;501
2024;31 Klotzsche;StB 3 Klotzsche/nördliche Ortschaften;StB 3 Klotzsche;06 StB Klotzsche und nördliche OS;18 - 24 Jahre;847
2024;31 Klotzsche;StB 3 Klotzsche/nördliche Ortschaften;StB 3 Klotzsche;06 StB Klotzsche und nördliche OS;25 - 29 Jahre;540
2024;31 Klotzsche;StB 3 Klotzsche/nördliche Ortschaften;StB 3 Klotzsche;06 StB Klotzsche und nördliche OS;30 - 44 Jahre;2651
2024;31 Klotzsche;StB 3 Klotzsche/nördliche Ortschaften;StB 3 Klotzsche;06 StB Klotzsche und nördliche OS;45 - 59 Jahre;3075
2024;31 Klotzsche;StB 3 Klotzsche/nördliche Ortschaften;StB 3 Klotzsche;06 StB Klotzsche und nördliche OS;60 - 64 Jahre;1072
2024;31 Klotzsche;StB 3 Klotzsche/nördliche Ortschaften;StB 3 Klotzsche;06 StB Klotzsche und nördliche OS;65 - 74 Jahre;1789
2024;31 Klotzsche;StB 3 Klotzsche/nördliche Ortschaften;StB 3 Klotzsche;06 StB Klotzsche und nördliche OS;75 - 84 Jahre;1501
2024;31 Klotzsche;StB 3 Klotzsche/nördliche Ortschaften;StB 3 Klotzsche;06 StB Klotzsche und nördliche OS;85 Jahre u.älter;871
2024;32 Hellerau/Wilschdorf;StB 3 Klotzsche/nördliche Ortschaften;StB 3 Klotzsche;06 StB Klotzsche und nördliche OS;00 - 02 Jahre;117
2024;32 Hellerau/Wilschdorf;StB 3 Klotzsche/nördliche Ortschaften;StB 3 Klotzsche;06 StB Klotzsche und nördliche OS;03 - 05 Jahre;178
2024;32 Hellerau/Wilschdorf;StB 3 Klotzsche/nördliche Ortschaften;StB 3 Klotzsche;06 StB Klotzsche und nördliche OS;06 - 09 Jahre;307
2024;32 Hellerau/Wilschdorf;StB 3 Klotzsche/nördliche Ortschaften;StB 3 Klotzsche;06 StB Klotzsche und nördliche OS;10 - 14 Jahre;380
2024;32 Hellerau/Wilschdorf;StB 3 Klotzsche/nördliche Ortschaften;StB 3 Klotzsche;06 StB Klotzsche und nördliche OS;15 - 17 Jahre;215
2024;32 Hellerau/Wilschdorf;StB 3 Klotzsche/nördliche Ortschaften;StB 3 Klotzsche;06 StB Klotzsche und nördliche OS;18 - 24 Jahre;333
2024;32 Hellerau/Wilschdorf;StB 3 Klotzsche/nördliche Ortschaften;StB 3 Klotzsche;06 StB Klotzsche und nördliche OS;25 - 29 Jahre;148
2024;32 Hellerau/Wilschdorf;StB 3 Klotzsche/nördliche Ortschaften;StB 3 Klotzsche;06 StB Klotzsche und nördliche OS;30 - 44 Jahre;1058
2024;32 Hellerau/Wilschdorf;StB 3 Klotzsche/nördliche Ortschaften;StB 3 Klotzsche;06 StB Klotzsche und nördliche OS;45 - 59 Jahre;1481
2024;32 Hellerau/Wilschdorf;StB 3 Klotzsche/nördliche Ortschaften;StB 3 Klotzsche;06 StB Klotzsche und nördliche OS;60 - 64 Jahre;504
2024;32 Hellerau/Wilschdorf;StB 3 Klotzsche/nördliche Ortschaften;StB 3 Klotzsche;06 StB Klotzsche und nördliche OS;65 - 74 Jahre;871
2024;32 Hellerau/Wilschdorf;StB 3 Klotzsche/nördliche Ortschaften;StB 3 Klotzsche;06 StB Klotzsche und nördliche OS;75 - 84 Jahre;589
2024;32 Hellerau/Wilschdorf;StB 3 Klotzsche/nördliche Ortschaften;StB 3 Klotzsche;06 StB Klotzsche und nördliche OS;85 Jahre u.älter;220
2024;35 Weixdorf;StB 3 Klotzsche/nördliche Ortschaften;OS Weixdorf;06 StB Klotzsche und nördliche OS;00 - 02 Jahre;76
2024;35 Weixdorf;StB 3 Klotzsche/nördliche Ortschaften;OS Weixdorf;06 StB Klotzsche und nördliche OS;03 - 05 Jahre;152
2024;35 Weixdorf;StB 3 Klotzsche/nördliche Ortschaften;OS Weixdorf;06 StB Klotzsche und nördliche OS;06 - 09 Jahre;276
2024;35 Weixdorf;StB 3 Klotzsche/nördliche Ortschaften;OS Weixdorf;06 StB Klotzsche und nördliche OS;10 - 14 Jahre;400
2024;35 Weixdorf;StB 3 Klotzsche/nördliche Ortschaften;OS Weixdorf;06 StB Klotzsche und nördliche OS;15 - 17 Jahre;234
2024;35 Weixdorf;StB 3 Klotzsche/nördliche Ortschaften;OS Weixdorf;06 StB Klotzsche und nördliche OS;18 - 24 Jahre;283
2024;35 Weixdorf;StB 3 Klotzsche/nördliche Ortschaften;OS Weixdorf;06 StB Klotzsche und nördliche OS;25 - 29 Jahre;103
2024;35 Weixdorf;StB 3 Klotzsche/nördliche Ortschaften;OS Weixdorf;06 StB Klotzsche und nördliche OS;30 - 44 Jahre;898
2024;35 Weixdorf;StB 3 Klotzsche/nördliche Ortschaften;OS Weixdorf;06 StB Klotzsche und nördliche OS;45 - 59 Jahre;1380
2024;35 Weixdorf;StB 3 Klotzsche/nördliche Ortschaften;OS Weixdorf;06 StB Klotzsche und nördliche OS;60 - 64 Jahre;589
2024;35 Weixdorf;StB 3 Klotzsche/nördliche Ortschaften;OS Weixdorf;06 StB Klotzsche und nördliche OS;65 - 74 Jahre;860
2024;35 Weixdorf;StB 3 Klotzsche/nördliche Ortschaften;OS Weixdorf;06 StB Klotzsche und nördliche OS;75 - 84 Jahre;489
2024;35 Weixdorf;StB 3 Klotzsche/nördliche Ortschaften;OS Weixdorf;06 StB Klotzsche und nördliche OS;85 Jahre u.älter;201
2024;36 Langebrück/Schönborn;StB 3 Klotzsche/nördliche Ortschaften;OS Langebrück;06 StB Klotzsche und nördliche OS;00 - 02 Jahre;68
2024;36 Langebrück/Schönborn;StB 3 Klotzsche/nördliche Ortschaften;OS Langebrück;06 StB Klotzsche und nördliche OS;03 - 05 Jahre;108
2024;36 Langebrück/Schönborn;StB 3 Klotzsche/nördliche Ortschaften;OS Langebrück;06 StB Klotzsche und nördliche OS;06 - 09 Jahre;177
2024;36 Langebrück/Schönborn;StB 3 Klotzsche/nördliche Ortschaften;OS Langebrück;06 StB Klotzsche und nördliche OS;10 - 14 Jahre;238
2024;36 Langebrück/Schönborn;StB 3 Klotzsche/nördliche Ortschaften;OS Langebrück;06 StB Klotzsche und nördliche OS;15 - 17 Jahre;144
2024;36 Langebrück/Schönborn;StB 3 Klotzsche/nördliche Ortschaften;OS Langebrück;06 StB Klotzsche und nördliche OS;18 - 24 Jahre;218
2024;36 Langebrück/Schönborn;StB 3 Klotzsche/nördliche Ortschaften;OS Langebrück;06 StB Klotzsche und nördliche OS;25 - 29 Jahre;97
2024;36 Langebrück/Schönborn;StB 3 Klotzsche/nördliche Ortschaften;OS Langebrück;06 StB Klotzsche und nördliche OS;30 - 44 Jahre;563
2024;36 Langebrück/Schönborn;StB 3 Klotzsche/nördliche Ortschaften;OS Langebrück;06 StB Klotzsche und nördliche OS;45 - 59 Jahre;891
2024;36 Langebrück/Schönborn;StB 3 Klotzsche/nördliche Ortschaften;OS Langebrück;06 StB Klotzsche und nördliche OS;60 - 64 Jahre;288
2024;36 Langebrück/Schönborn;StB 3 Klotzsche/nördliche Ortschaften;OS Langebrück;06 StB Klotzsche und nördliche OS;65 - 74 Jahre;463
2024;36 Langebrück/Schönborn;StB 3 Klotzsche/nördliche Ortschaften;OS Langebrück;06 StB Klotzsche und nördliche OS;75 - 84 Jahre;359
2024;36 Langebrück/Schönborn;StB 3 Klotzsche/nördliche Ortschaften;OS Langebrück;06 StB Klotzsche und nördliche OS;85 Jahre u.älter;214
2024;36 Langebrück/Schönborn;StB 3 Klotzsche/nördliche Ortschaften;OS Schönborn;06 StB Klotzsche und nördliche OS;00 - 02 Jahre;6
2024;36 Langebrück/Schönborn;StB 3 Klotzsche/nördliche Ortschaften;OS Schönborn;06 StB Klotzsche und nördliche OS;03 - 05 Jahre;11
2024;36 Langebrück/Schönborn;StB 3 Klotzsche/nördliche Ortschaften;OS Schönborn;06 StB Klotzsche und nördliche OS;06 - 09 Jahre;26
2024;36 Langebrück/Schönborn;StB 3 Klotzsche/nördliche Ortschaften;OS Schönborn;06 StB Klotzsche und nördliche OS;10 - 14 Jahre;41
2024;36 Langebrück/Schönborn;StB 3 Klotzsche/nördliche Ortschaften;OS Schönborn;06 StB Klotzsche und nördliche OS;15 - 17 Jahre;18
2024;36 Langebrück/Schönborn;StB 3 Klotzsche/nördliche Ortschaften;OS Schönborn;06 StB Klotzsche und nördliche OS;18 - 24 Jahre;33
2024;36 Langebrück/Schönborn;StB 3 Klotzsche/nördliche Ortschaften;OS Schönborn;06 StB Klotzsche und nördliche OS;25 - 29 Jahre;8
2024;36 Langebrück/Schönborn;StB 3 Klotzsche/nördliche Ortschaften;OS Schönborn;06 StB Klotzsche und nördliche OS;30 - 44 Jahre;73
2024;36 Langebrück/Schönborn;StB 3 Klotzsche/nördliche Ortschaften;OS Schönborn;06 StB Klotzsche und nördliche OS;45 - 59 Jahre;122
2024;36 Langebrück/Schönborn;StB 3 Klotzsche/nördliche Ortschaften;OS Schönborn;06 StB Klotzsche und nördliche OS;60 - 64 Jahre;38
2024;36 Langebrück/Schönborn;StB 3 Klotzsche/nördliche Ortschaften;OS Schönborn;06 StB Klotzsche und nördliche OS;65 - 74 Jahre;77
2024;36 Langebrück/Schönborn;StB 3 Klotzsche/nördliche Ortschaften;OS Schönborn;06 StB Klotzsche und nördliche OS;75 - 84 Jahre;36
2024;36 Langebrück/Schönborn;StB 3 Klotzsche/nördliche Ortschaften;OS Schönborn;06 StB Klotzsche und nördliche OS;85 Jahre u.älter;11
2024;41 Loschwitz/Wachwitz;StB 4 Loschwitz/OS Schönfeld-Weißig;StB 4 Loschwitz;07 StB Loschwitz und OS Schönfeld-Weißig;00 - 02 Jahre;107
2024;41 Loschwitz/Wachwitz;StB 4 Loschwitz/OS Schönfeld-Weißig;StB 4 Loschwitz;07 StB Loschwitz und OS Schönfeld-Weißig;03 - 05 Jahre;149
2024;41 Loschwitz/Wachwitz;StB 4 Loschwitz/OS Schönfeld-Weißig;StB 4 Loschwitz;07 StB Loschwitz und OS Schönfeld-Weißig;06 - 09 Jahre;217
2024;41 Loschwitz/Wachwitz;StB 4 Loschwitz/OS Schönfeld-Weißig;StB 4 Loschwitz;07 StB Loschwitz und OS Schönfeld-Weißig;10 - 14 Jahre;327
2024;41 Loschwitz/Wachwitz;StB 4 Loschwitz/OS Schönfeld-Weißig;StB 4 Loschwitz;07 StB Loschwitz und OS Schönfeld-Weißig;15 - 17 Jahre;211
2024;41 Loschwitz/Wachwitz;StB 4 Loschwitz/OS Schönfeld-Weißig;StB 4 Loschwitz;07 StB Loschwitz und OS Schönfeld-Weißig;18 - 24 Jahre;301
2024;41 Loschwitz/Wachwitz;StB 4 Loschwitz/OS Schönfeld-Weißig;StB 4 Loschwitz;07 StB Loschwitz und OS Schönfeld-Weißig;25 - 29 Jahre;160
2024;41 Loschwitz/Wachwitz;StB 4 Loschwitz/OS Schönfeld-Weißig;StB 4 Loschwitz;07 StB Loschwitz und OS Schönfeld-Weißig;30 - 44 Jahre;858
2024;41 Loschwitz/Wachwitz;StB 4 Loschwitz/OS Schönfeld-Weißig;StB 4 Loschwitz;07 StB Loschwitz und OS Schönfeld-Weißig;45 - 59 Jahre;1459
2024;41 Loschwitz/Wachwitz;StB 4 Loschwitz/OS Schönfeld-Weißig;StB 4 Loschwitz;07 StB Loschwitz und OS Schönfeld-Weißig;60 - 64 Jahre;506
2024;41 Loschwitz/Wachwitz;StB 4 Loschwitz/OS Schönfeld-Weißig;StB 4 Loschwitz;07 StB Loschwitz und OS Schönfeld-Weißig;65 - 74 Jahre;662
2024;41 Loschwitz/Wachwitz;StB 4 Loschwitz/OS Schönfeld-Weißig;StB 4 Loschwitz;07 StB Loschwitz und OS Schönfeld-Weißig;75 - 84 Jahre;541
2024;41 Loschwitz/Wachwitz;StB 4 Loschwitz/OS Schönfeld-Weißig;StB 4 Loschwitz;07 StB Loschwitz und OS Schönfeld-Weißig;85 Jahre u.älter;242
2024;42 Bühlau/Weißer Hirsch;StB 4 Loschwitz/OS Schönfeld-Weißig;StB 4 Loschwitz;07 StB Loschwitz und OS Schönfeld-Weißig;00 - 02 Jahre;201
2024;42 Bühlau/Weißer Hirsch;StB 4 Loschwitz/OS Schönfeld-Weißig;StB 4 Loschwitz;07 StB Loschwitz und OS Schönfeld-Weißig;03 - 05 Jahre;316
2024;42 Bühlau/Weißer Hirsch;StB 4 Loschwitz/OS Schönfeld-Weißig;StB 4 Loschwitz;07 StB Loschwitz und OS Schönfeld-Weißig;06 - 09 Jahre;540
2024;42 Bühlau/Weißer Hirsch;StB 4 Loschwitz/OS Schönfeld-Weißig;StB 4 Loschwitz;07 StB Loschwitz und OS Schönfeld-Weißig;10 - 14 Jahre;717
2024;42 Bühlau/Weißer Hirsch;StB 4 Loschwitz/OS Schönfeld-Weißig;StB 4 Loschwitz;07 StB Loschwitz und OS Schönfeld-Weißig;15 - 17 Jahre;436
2024;42 Bühlau/Weißer Hirsch;StB 4 Loschwitz/OS Schönfeld-Weißig;StB 4 Loschwitz;07 StB Loschwitz und OS Schönfeld-Weißig;18 - 24 Jahre;647
2024;42 Bühlau/Weißer Hirsch;StB 4 Loschwitz/OS Schönfeld-Weißig;StB 4 Loschwitz;07 StB Loschwitz und OS Schönfeld-Weißig;25 - 29 Jahre;293
2024;42 Bühlau/Weißer Hirsch;StB 4 Loschwitz/OS Schönfeld-Weißig;StB 4 Loschwitz;07 StB Loschwitz und OS Schönfeld-Weißig;30 - 44 Jahre;1796
2024;42 Bühlau/Weißer Hirsch;StB 4 Loschwitz/OS Schönfeld-Weißig;StB 4 Loschwitz;07 StB Loschwitz und OS Schönfeld-Weißig;45 - 59 Jahre;2674
2024;42 Bühlau/Weißer Hirsch;StB 4 Loschwitz/OS Schönfeld-Weißig;StB 4 Loschwitz;07 StB Loschwitz und OS Schönfeld-Weißig;60 - 64 Jahre;794
2024;42 Bühlau/Weißer Hirsch;StB 4 Loschwitz/OS Schönfeld-Weißig;StB 4 Loschwitz;07 StB Loschwitz und OS Schönfeld-Weißig;65 - 74 Jahre;1233
2024;42 Bühlau/Weißer Hirsch;StB 4 Loschwitz/OS Schönfeld-Weißig;StB 4 Loschwitz;07 StB Loschwitz und OS Schönfeld-Weißig;75 - 84 Jahre;1106
2024;42 Bühlau/Weißer Hirsch;StB 4 Loschwitz/OS Schönfeld-Weißig;StB 4 Loschwitz;07 StB Loschwitz und OS Schönfeld-Weißig;85 Jahre u.älter;660
2024;43 Hosterwitz/Pillnitz;StB 4 Loschwitz/OS Schönfeld-Weißig;StB 4 Loschwitz;07 StB Loschwitz und OS Schönfeld-Weißig;00 - 02 Jahre;46
2024;43 Hosterwitz/Pillnitz;StB 4 Loschwitz/OS Schönfeld-Weißig;StB 4 Loschwitz;07 StB Loschwitz und OS Schönfeld-Weißig;03 - 05 Jahre;78
2024;43 Hosterwitz/Pillnitz;StB 4 Loschwitz/OS Schönfeld-Weißig;StB 4 Loschwitz;07 StB Loschwitz und OS Schönfeld-Weißig;06 - 09 Jahre;123
2024;43 Hosterwitz/Pillnitz;StB 4 Loschwitz/OS Schönfeld-Weißig;StB 4 Loschwitz;07 StB Loschwitz und OS Schönfeld-Weißig;10 - 14 Jahre;171
2024;43 Hosterwitz/Pillnitz;StB 4 Loschwitz/OS Schönfeld-Weißig;StB 4 Loschwitz;07 StB Loschwitz und OS Schönfeld-Weißig;15 - 17 Jahre;124
2024;43 Hosterwitz/Pillnitz;StB 4 Loschwitz/OS Schönfeld-Weißig;StB 4 Loschwitz;07 StB Loschwitz und OS Schönfeld-Weißig;18 - 24 Jahre;159
2024;43 Hosterwitz/Pillnitz;StB 4 Loschwitz/OS Schönfeld-Weißig;StB 4 Loschwitz;07 StB Loschwitz und OS Schönfeld-Weißig;25 - 29 Jahre;74
2024;43 Hosterwitz/Pillnitz;StB 4 Loschwitz/OS Schönfeld-Weißig;StB 4 Loschwitz;07 StB Loschwitz und OS Schönfeld-Weißig;30 - 44 Jahre;461
2024;43 Hosterwitz/Pillnitz;StB 4 Loschwitz/OS Schönfeld-Weißig;StB 4 Loschwitz;07 StB Loschwitz und OS Schönfeld-Weißig;45 - 59 Jahre;775
2024;43 Hosterwitz/Pillnitz;StB 4 Loschwitz/OS Schönfeld-Weißig;StB 4 Loschwitz;07 StB Loschwitz und OS Schönfeld-Weißig;60 - 64 Jahre;275
2024;43 Hosterwitz/Pillnitz;StB 4 Loschwitz/OS Schönfeld-Weißig;StB 4 Loschwitz;07 StB Loschwitz und OS Schönfeld-Weißig;65 - 74 Jahre;452
2024;43 Hosterwitz/Pillnitz;StB 4 Loschwitz/OS Schönfeld-Weißig;StB 4 Loschwitz;07 StB Loschwitz und OS Schönfeld-Weißig;75 - 84 Jahre;383
2024;43 Hosterwitz/Pillnitz;StB 4 Loschwitz/OS Schönfeld-Weißig;StB 4 Loschwitz;07 StB Loschwitz und OS Schönfeld-Weißig;85 Jahre u.älter;204
2024;45 Weißig;StB 4 Loschwitz/OS Schönfeld-Weißig;OS Schönfeld-Weißig;07 StB Loschwitz und OS Schönfeld-Weißig;00 - 02 Jahre;76
2024;45 Weißig;StB 4 Loschwitz/OS Schönfeld-Weißig;OS Schönfeld-Weißig;07 StB Loschwitz und OS Schönfeld-Weißig;03 - 05 Jahre;115
2024;45 Weißig;StB 4 Loschwitz/OS Schönfeld-Weißig;OS Schönfeld-Weißig;07 StB Loschwitz und OS Schönfeld-Weißig;06 - 09 Jahre;242
2024;45 Weißig;StB 4 Loschwitz/OS Schönfeld-Weißig;OS Schönfeld-Weißig;07 StB Loschwitz und OS Schönfeld-Weißig;10 - 14 Jahre;278
2024;45 Weißig;StB 4 Loschwitz/OS Schönfeld-Weißig;OS Schönfeld-Weißig;07 StB Loschwitz und OS Schönfeld-Weißig;15 - 17 Jahre;181
2024;45 Weißig;StB 4 Loschwitz/OS Schönfeld-Weißig;OS Schönfeld-Weißig;07 StB Loschwitz und OS Schönfeld-Weißig;18 - 24 Jahre;320
2024;45 Weißig;StB 4 Loschwitz/OS Schönfeld-Weißig;OS Schönfeld-Weißig;07 StB Loschwitz und OS Schönfeld-Weißig;25 - 29 Jahre;185
2024;45 Weißig;StB 4 Loschwitz/OS Schönfeld-Weißig;OS Schönfeld-Weißig;07 StB Loschwitz und OS Schönfeld-Weißig;30 - 44 Jahre;926
2024;45 Weißig;StB 4 Loschwitz/OS Schönfeld-Weißig;OS Schönfeld-Weißig;07 StB Loschwitz und OS Schönfeld-Weißig;45 - 59 Jahre;1267
2024;45 Weißig;StB 4 Loschwitz/OS Schönfeld-Weißig;OS Schönfeld-Weißig;07 StB Loschwitz und OS Schönfeld-Weißig;60 - 64 Jahre;412
2024;45 Weißig;StB 4 Loschwitz/OS Schönfeld-Weißig;OS Schönfeld-Weißig;07 StB Loschwitz und OS Schönfeld-Weißig;65 - 74 Jahre;747
2024;45 Weißig;StB 4 Loschwitz/OS Schönfeld-Weißig;OS Schönfeld-Weißig;07 StB Loschwitz und OS Schönfeld-Weißig;75 - 84 Jahre;547
2024;45 Weißig;StB 4 Loschwitz/OS Schönfeld-Weißig;OS Schönfeld-Weißig;07 StB Loschwitz und OS Schönfeld-Weißig;85 Jahre u.älter;230
2024;46 Gönnsdorf/Pappritz;StB 4 Loschwitz/OS Schönfeld-Weißig;OS Schönfeld-Weißig;07 StB Loschwitz und OS Schönfeld-Weißig;00 - 02 Jahre;52
2024;46 Gönnsdorf/Pappritz;StB 4 Loschwitz/OS Schönfeld-Weißig;OS Schönfeld-Weißig;07 StB Loschwitz und OS Schönfeld-Weißig;03 - 05 Jahre;83
2024;46 Gönnsdorf/Pappritz;StB 4 Loschwitz/OS Schönfeld-Weißig;OS Schönfeld-Weißig;07 StB Loschwitz und OS Schönfeld-Weißig;06 - 09 Jahre;164
2024;46 Gönnsdorf/Pappritz;StB 4 Loschwitz/OS Schönfeld-Weißig;OS Schönfeld-Weißig;07 StB Loschwitz und OS Schönfeld-Weißig;10 - 14 Jahre;265
2024;46 Gönnsdorf/Pappritz;StB 4 Loschwitz/OS Schönfeld-Weißig;OS Schönfeld-Weißig;07 StB Loschwitz und OS Schönfeld-Weißig;15 - 17 Jahre;177
2024;46 Gönnsdorf/Pappritz;StB 4 Loschwitz/OS Schönfeld-Weißig;OS Schönfeld-Weißig;07 StB Loschwitz und OS Schönfeld-Weißig;18 - 24 Jahre;217
2024;46 Gönnsdorf/Pappritz;StB 4 Loschwitz/OS Schönfeld-Weißig;OS Schönfeld-Weißig;07 StB Loschwitz und OS Schönfeld-Weißig;25 - 29 Jahre;100
2024;46 Gönnsdorf/Pappritz;StB 4 Loschwitz/OS Schönfeld-Weißig;OS Schönfeld-Weißig;07 StB Loschwitz und OS Schönfeld-Weißig;30 - 44 Jahre;528
2024;46 Gönnsdorf/Pappritz;StB 4 Loschwitz/OS Schönfeld-Weißig;OS Schönfeld-Weißig;07 StB Loschwitz und OS Schönfeld-Weißig;45 - 59 Jahre;937
2024;46 Gönnsdorf/Pappritz;StB 4 Loschwitz/OS Schönfeld-Weißig;OS Schönfeld-Weißig;07 StB Loschwitz und OS Schönfeld-Weißig;60 - 64 Jahre;379
2024;46 Gönnsdorf/Pappritz;StB 4 Loschwitz/OS Schönfeld-Weißig;OS Schönfeld-Weißig;07 StB Loschwitz und OS Schönfeld-Weißig;65 - 74 Jahre;555
2024;46 Gönnsdorf/Pappritz;StB 4 Loschwitz/OS Schönfeld-Weißig;OS Schönfeld-Weißig;07 StB Loschwitz und OS Schönfeld-Weißig;75 - 84 Jahre;342
2024;46 Gönnsdorf/Pappritz;StB 4 Loschwitz/OS Schönfeld-Weißig;OS Schönfeld-Weißig;07 StB Loschwitz und OS Schönfeld-Weißig;85 Jahre u.älter;161
2024;47 Schönfeld/Schullwitz;StB 4 Loschwitz/OS Schönfeld-Weißig;OS Schönfeld-Weißig;07 StB Loschwitz und OS Schönfeld-Weißig;00 - 02 Jahre;51
2024;47 Schönfeld/Schullwitz;StB 4 Loschwitz/OS Schönfeld-Weißig;OS Schönfeld-Weißig;07 StB Loschwitz und OS Schönfeld-Weißig;03 - 05 Jahre;92
2024;47 Schönfeld/Schullwitz;StB 4 Loschwitz/OS Schönfeld-Weißig;OS Schönfeld-Weißig;07 StB Loschwitz und OS Schönfeld-Weißig;06 - 09 Jahre;179
2024;47 Schönfeld/Schullwitz;StB 4 Loschwitz/OS Schönfeld-Weißig;OS Schönfeld-Weißig;07 StB Loschwitz und OS Schönfeld-Weißig;10 - 14 Jahre;237
2024;47 Schönfeld/Schullwitz;StB 4 Loschwitz/OS Schönfeld-Weißig;OS Schönfeld-Weißig;07 StB Loschwitz und OS Schönfeld-Weißig;15 - 17 Jahre;128
2024;47 Schönfeld/Schullwitz;StB 4 Loschwitz/OS Schönfeld-Weißig;OS Schönfeld-Weißig;07 StB Loschwitz und OS Schönfeld-Weißig;18 - 24 Jahre;176
2024;47 Schönfeld/Schullwitz;StB 4 Loschwitz/OS Schönfeld-Weißig;OS Schönfeld-Weißig;07 StB Loschwitz und OS Schönfeld-Weißig;25 - 29 Jahre;49
2024;47 Schönfeld/Schullwitz;StB 4 Loschwitz/OS Schönfeld-Weißig;OS Schönfeld-Weißig;07 StB Loschwitz und OS Schönfeld-Weißig;30 - 44 Jahre;578
2024;47 Schönfeld/Schullwitz;StB 4 Loschwitz/OS Schönfeld-Weißig;OS Schönfeld-Weißig;07 StB Loschwitz und OS Schönfeld-Weißig;45 - 59 Jahre;765
2024;47 Schönfeld/Schullwitz;StB 4 Loschwitz/OS Schönfeld-Weißig;OS Schönfeld-Weißig;07 StB Loschwitz und OS Schönfeld-Weißig;60 - 64 Jahre;285
2024;47 Schönfeld/Schullwitz;StB 4 Loschwitz/OS Schönfeld-Weißig;OS Schönfeld-Weißig;07 StB Loschwitz und OS Schönfeld-Weißig;65 - 74 Jahre;481
2024;47 Schönfeld/Schullwitz;StB 4 Loschwitz/OS Schönfeld-Weißig;OS Schönfeld-Weißig;07 StB Loschwitz und OS Schönfeld-Weißig;75 - 84 Jahre;235
2024;47 Schönfeld/Schullwitz;StB 4 Loschwitz/OS Schönfeld-Weißig;OS Schönfeld-Weißig;07 StB Loschwitz und OS Schönfeld-Weißig;85 Jahre u.älter;93
2024;51 Blasewitz;StB 5 Blasewitz;StB 5 Blasewitz;08 Blasewitz, Striesen;00 - 02 Jahre;201
2024;51 Blasewitz;StB 5 Blasewitz;StB 5 Blasewitz;08 Blasewitz, Striesen;03 - 05 Jahre;274
2024;51 Blasewitz;StB 5 Blasewitz;StB 5 Blasewitz;08 Blasewitz, Striesen;06 - 09 Jahre;386
2024;51 Blasewitz;StB 5 Blasewitz;StB 5 Blasewitz;08 Blasewitz, Striesen;10 - 14 Jahre;556
2024;51 Blasewitz;StB 5 Blasewitz;StB 5 Blasewitz;08 Blasewitz, Striesen;15 - 17 Jahre;339
2024;51 Blasewitz;StB 5 Blasewitz;StB 5 Blasewitz;08 Blasewitz, Striesen;18 - 24 Jahre;642
2024;51 Blasewitz;StB 5 Blasewitz;StB 5 Blasewitz;08 Blasewitz, Striesen;25 - 29 Jahre;453
2024;51 Blasewitz;StB 5 Blasewitz;StB 5 Blasewitz;08 Blasewitz, Striesen;30 - 44 Jahre;1909
2024;51 Blasewitz;StB 5 Blasewitz;StB 5 Blasewitz;08 Blasewitz, Striesen;45 - 59 Jahre;2237
2024;51 Blasewitz;StB 5 Blasewitz;StB 5 Blasewitz;08 Blasewitz, Striesen;60 - 64 Jahre;690
2024;51 Blasewitz;StB 5 Blasewitz;StB 5 Blasewitz;08 Blasewitz, Striesen;65 - 74 Jahre;991
2024;51 Blasewitz;StB 5 Blasewitz;StB 5 Blasewitz;08 Blasewitz, Striesen;75 - 84 Jahre;949
2024;51 Blasewitz;StB 5 Blasewitz;StB 5 Blasewitz;08 Blasewitz, Striesen;85 Jahre u.älter;530
2024;52 Striesen-Ost;StB 5 Blasewitz;StB 5 Blasewitz;08 Blasewitz, Striesen;00 - 02 Jahre;359
2024;52 Striesen-Ost;StB 5 Blasewitz;StB 5 Blasewitz;08 Blasewitz, Striesen;03 - 05 Jahre;478
2024;52 Striesen-Ost;StB 5 Blasewitz;StB 5 Blasewitz;08 Blasewitz, Striesen;06 - 09 Jahre;774
2024;52 Striesen-Ost;StB 5 Blasewitz;StB 5 Blasewitz;08 Blasewitz, Striesen;10 - 14 Jahre;925
2024;52 Striesen-Ost;StB 5 Blasewitz;StB 5 Blasewitz;08 Blasewitz, Striesen;15 - 17 Jahre;569
2024;52 Striesen-Ost;StB 5 Blasewitz;StB 5 Blasewitz;08 Blasewitz, Striesen;18 - 24 Jahre;1080
2024;52 Striesen-Ost;StB 5 Blasewitz;StB 5 Blasewitz;08 Blasewitz, Striesen;25 - 29 Jahre;895
2024;52 Striesen-Ost;StB 5 Blasewitz;StB 5 Blasewitz;08 Blasewitz, Striesen;30 - 44 Jahre;3541
2024;52 Striesen-Ost;StB 5 Blasewitz;StB 5 Blasewitz;08 Blasewitz, Striesen;45 - 59 Jahre;3467
2024;52 Striesen-Ost;StB 5 Blasewitz;StB 5 Blasewitz;08 Blasewitz, Striesen;60 - 64 Jahre;911
2024;52 Striesen-Ost;StB 5 Blasewitz;StB 5 Blasewitz;08 Blasewitz, Striesen;65 - 74 Jahre;1067
2024;52 Striesen-Ost;StB 5 Blasewitz;StB 5 Blasewitz;08 Blasewitz, Striesen;75 - 84 Jahre;834
2024;52 Striesen-Ost;StB 5 Blasewitz;StB 5 Blasewitz;08 Blasewitz, Striesen;85 Jahre u.älter;409
2024;53 Striesen-Süd;StB 5 Blasewitz;StB 5 Blasewitz;08 Blasewitz, Striesen;00 - 02 Jahre;338
2024;53 Striesen-Süd;StB 5 Blasewitz;StB 5 Blasewitz;08 Blasewitz, Striesen;03 - 05 Jahre;365
2024;53 Striesen-Süd;StB 5 Blasewitz;StB 5 Blasewitz;08 Blasewitz, Striesen;06 - 09 Jahre;497
2024;53 Striesen-Süd;StB 5 Blasewitz;StB 5 Blasewitz;08 Blasewitz, Striesen;10 - 14 Jahre;552
2024;53 Striesen-Süd;StB 5 Blasewitz;StB 5 Blasewitz;08 Blasewitz, Striesen;15 - 17 Jahre;282
2024;53 Striesen-Süd;StB 5 Blasewitz;StB 5 Blasewitz;08 Blasewitz, Striesen;18 - 24 Jahre;1116
2024;53 Striesen-Süd;StB 5 Blasewitz;StB 5 Blasewitz;08 Blasewitz, Striesen;25 - 29 Jahre;963
2024;53 Striesen-Süd;StB 5 Blasewitz;StB 5 Blasewitz;08 Blasewitz, Striesen;30 - 44 Jahre;2846
2024;53 Striesen-Süd;StB 5 Blasewitz;StB 5 Blasewitz;08 Blasewitz, Striesen;45 - 59 Jahre;1995
2024;53 Striesen-Süd;StB 5 Blasewitz;StB 5 Blasewitz;08 Blasewitz, Striesen;60 - 64 Jahre;691
2024;53 Striesen-Süd;StB 5 Blasewitz;StB 5 Blasewitz;08 Blasewitz, Striesen;65 - 74 Jahre;1189
2024;53 Striesen-Süd;StB 5 Blasewitz;StB 5 Blasewitz;08 Blasewitz, Striesen;75 - 84 Jahre;1014
2024;53 Striesen-Süd;StB 5 Blasewitz;StB 5 Blasewitz;08 Blasewitz, Striesen;85 Jahre u.älter;683
2024;54 Striesen-West;StB 5 Blasewitz;StB 5 Blasewitz;08 Blasewitz, Striesen;00 - 02 Jahre;336
2024;54 Striesen-West;StB 5 Blasewitz;StB 5 Blasewitz;08 Blasewitz, Striesen;03 - 05 Jahre;380
2024;54 Striesen-West;StB 5 Blasewitz;StB 5 Blasewitz;08 Blasewitz, Striesen;06 - 09 Jahre;536
2024;54 Striesen-West;StB 5 Blasewitz;StB 5 Blasewitz;08 Blasewitz, Striesen;10 - 14 Jahre;578
2024;54 Striesen-West;StB 5 Blasewitz;StB 5 Blasewitz;08 Blasewitz, Striesen;15 - 17 Jahre;331
2024;54 Striesen-West;StB 5 Blasewitz;StB 5 Blasewitz;08 Blasewitz, Striesen;18 - 24 Jahre;1033
2024;54 Striesen-West;StB 5 Blasewitz;StB 5 Blasewitz;08 Blasewitz, Striesen;25 - 29 Jahre;978
2024;54 Striesen-West;StB 5 Blasewitz;StB 5 Blasewitz;08 Blasewitz, Striesen;30 - 44 Jahre;2996
2024;54 Striesen-West;StB 5 Blasewitz;StB 5 Blasewitz;08 Blasewitz, Striesen;45 - 59 Jahre;2321
2024;54 Striesen-West;StB 5 Blasewitz;StB 5 Blasewitz;08 Blasewitz, Striesen;60 - 64 Jahre;773
2024;54 Striesen-West;StB 5 Blasewitz;StB 5 Blasewitz;08 Blasewitz, Striesen;65 - 74 Jahre;1112
2024;54 Striesen-West;StB 5 Blasewitz;StB 5 Blasewitz;08 Blasewitz, Striesen;75 - 84 Jahre;1014
2024;54 Striesen-West;StB 5 Blasewitz;StB 5 Blasewitz;08 Blasewitz, Striesen;85 Jahre u.älter;905
2024;55 Tolkewitz/Seidnitz-Nord;StB 5 Blasewitz;StB 5 Blasewitz;09 Tolkewitz, Seidnitz, Gruna;00 - 02 Jahre;226
2024;55 Tolkewitz/Seidnitz-Nord;StB 5 Blasewitz;StB 5 Blasewitz;09 Tolkewitz, Seidnitz, Gruna;03 - 05 Jahre;306
2024;55 Tolkewitz/Seidnitz-Nord;StB 5 Blasewitz;StB 5 Blasewitz;09 Tolkewitz, Seidnitz, Gruna;06 - 09 Jahre;451
2024;55 Tolkewitz/Seidnitz-Nord;StB 5 Blasewitz;StB 5 Blasewitz;09 Tolkewitz, Seidnitz, Gruna;10 - 14 Jahre;603
2024;55 Tolkewitz/Seidnitz-Nord;StB 5 Blasewitz;StB 5 Blasewitz;09 Tolkewitz, Seidnitz, Gruna;15 - 17 Jahre;331
2024;55 Tolkewitz/Seidnitz-Nord;StB 5 Blasewitz;StB 5 Blasewitz;09 Tolkewitz, Seidnitz, Gruna;18 - 24 Jahre;752
2024;55 Tolkewitz/Seidnitz-Nord;StB 5 Blasewitz;StB 5 Blasewitz;09 Tolkewitz, Seidnitz, Gruna;25 - 29 Jahre;537
2024;55 Tolkewitz/Seidnitz-Nord;StB 5 Blasewitz;StB 5 Blasewitz;09 Tolkewitz, Seidnitz, Gruna;30 - 44 Jahre;2425
2024;55 Tolkewitz/Seidnitz-Nord;StB 5 Blasewitz;StB 5 Blasewitz;09 Tolkewitz, Seidnitz, Gruna;45 - 59 Jahre;2135
2024;55 Tolkewitz/Seidnitz-Nord;StB 5 Blasewitz;StB 5 Blasewitz;09 Tolkewitz, Seidnitz, Gruna;60 - 64 Jahre;738
2024;55 Tolkewitz/Seidnitz-Nord;StB 5 Blasewitz;StB 5 Blasewitz;09 Tolkewitz, Seidnitz, Gruna;65 - 74 Jahre;1214
2024;55 Tolkewitz/Seidnitz-Nord;StB 5 Blasewitz;StB 5 Blasewitz;09 Tolkewitz, Seidnitz, Gruna;75 - 84 Jahre;1059
2024;55 Tolkewitz/Seidnitz-Nord;StB 5 Blasewitz;StB 5 Blasewitz;09 Tolkewitz, Seidnitz, Gruna;85 Jahre u.älter;575
2024;56 Seidnitz/Dobritz;StB 5 Blasewitz;StB 5 Blasewitz;09 Tolkewitz, Seidnitz, Gruna;00 - 02 Jahre;223
2024;56 Seidnitz/Dobritz;StB 5 Blasewitz;StB 5 Blasewitz;09 Tolkewitz, Seidnitz, Gruna;03 - 05 Jahre;265
2024;56 Seidnitz/Dobritz;StB 5 Blasewitz;StB 5 Blasewitz;09 Tolkewitz, Seidnitz, Gruna;06 - 09 Jahre;434
2024;56 Seidnitz/Dobritz;StB 5 Blasewitz;StB 5 Blasewitz;09 Tolkewitz, Seidnitz, Gruna;10 - 14 Jahre;568
2024;56 Seidnitz/Dobritz;StB 5 Blasewitz;StB 5 Blasewitz;09 Tolkewitz, Seidnitz, Gruna;15 - 17 Jahre;325
2024;56 Seidnitz/Dobritz;StB 5 Blasewitz;StB 5 Blasewitz;09 Tolkewitz, Seidnitz, Gruna;18 - 24 Jahre;1022
2024;56 Seidnitz/Dobritz;StB 5 Blasewitz;StB 5 Blasewitz;09 Tolkewitz, Seidnitz, Gruna;25 - 29 Jahre;770
2024;56 Seidnitz/Dobritz;StB 5 Blasewitz;StB 5 Blasewitz;09 Tolkewitz, Seidnitz, Gruna;30 - 44 Jahre;2671
2024;56 Seidnitz/Dobritz;StB 5 Blasewitz;StB 5 Blasewitz;09 Tolkewitz, Seidnitz, Gruna;45 - 59 Jahre;2411
2024;56 Seidnitz/Dobritz;StB 5 Blasewitz;StB 5 Blasewitz;09 Tolkewitz, Seidnitz, Gruna;60 - 64 Jahre;885
2024;56 Seidnitz/Dobritz;StB 5 Blasewitz;StB 5 Blasewitz;09 Tolkewitz, Seidnitz, Gruna;65 - 74 Jahre;1503
2024;56 Seidnitz/Dobritz;StB 5 Blasewitz;StB 5 Blasewitz;09 Tolkewitz, Seidnitz, Gruna;75 - 84 Jahre;1508
2024;56 Seidnitz/Dobritz;StB 5 Blasewitz;StB 5 Blasewitz;09 Tolkewitz, Seidnitz, Gruna;85 Jahre u.älter;635
2024;57 Gruna;StB 5 Blasewitz;StB 5 Blasewitz;09 Tolkewitz, Seidnitz, Gruna;00 - 02 Jahre;226
2024;57 Gruna;StB 5 Blasewitz;StB 5 Blasewitz;09 Tolkewitz, Seidnitz, Gruna;03 - 05 Jahre;286
2024;57 Gruna;StB 5 Blasewitz;StB 5 Blasewitz;09 Tolkewitz, Seidnitz, Gruna;06 - 09 Jahre;456
2024;57 Gruna;StB 5 Blasewitz;StB 5 Blasewitz;09 Tolkewitz, Seidnitz, Gruna;10 - 14 Jahre;554
2024;57 Gruna;StB 5 Blasewitz;StB 5 Blasewitz;09 Tolkewitz, Seidnitz, Gruna;15 - 17 Jahre;378
2024;57 Gruna;StB 5 Blasewitz;StB 5 Blasewitz;09 Tolkewitz, Seidnitz, Gruna;18 - 24 Jahre;1023
2024;57 Gruna;StB 5 Blasewitz;StB 5 Blasewitz;09 Tolkewitz, Seidnitz, Gruna;25 - 29 Jahre;738
2024;57 Gruna;StB 5 Blasewitz;StB 5 Blasewitz;09 Tolkewitz, Seidnitz, Gruna;30 - 44 Jahre;2323
2024;57 Gruna;StB 5 Blasewitz;StB 5 Blasewitz;09 Tolkewitz, Seidnitz, Gruna;45 - 59 Jahre;2312
2024;57 Gruna;StB 5 Blasewitz;StB 5 Blasewitz;09 Tolkewitz, Seidnitz, Gruna;60 - 64 Jahre;845
2024;57 Gruna;StB 5 Blasewitz;StB 5 Blasewitz;09 Tolkewitz, Seidnitz, Gruna;65 - 74 Jahre;1407
2024;57 Gruna;StB 5 Blasewitz;StB 5 Blasewitz;09 Tolkewitz, Seidnitz, Gruna;75 - 84 Jahre;1538
2024;57 Gruna;StB 5 Blasewitz;StB 5 Blasewitz;09 Tolkewitz, Seidnitz, Gruna;85 Jahre u.älter;914
2024;61 Leuben;StB 6 Leuben;StB 6 Leuben;10 StB Leuben;00 - 02 Jahre;258
2024;61 Leuben;StB 6 Leuben;StB 6 Leuben;10 StB Leuben;03 - 05 Jahre;351
2024;61 Leuben;StB 6 Leuben;StB 6 Leuben;10 StB Leuben;06 - 09 Jahre;508
2024;61 Leuben;StB 6 Leuben;StB 6 Leuben;10 StB Leuben;10 - 14 Jahre;584
2024;61 Leuben;StB 6 Leuben;StB 6 Leuben;10 StB Leuben;15 - 17 Jahre;356
2024;61 Leuben;StB 6 Leuben;StB 6 Leuben;10 StB Leuben;18 - 24 Jahre;964
2024;61 Leuben;StB 6 Leuben;StB 6 Leuben;10 StB Leuben;25 - 29 Jahre;656
2024;61 Leuben;StB 6 Leuben;StB 6 Leuben;10 StB Leuben;30 - 44 Jahre;2430
2024;61 Leuben;StB 6 Leuben;StB 6 Leuben;10 StB Leuben;45 - 59 Jahre;2154
2024;61 Leuben;StB 6 Leuben;StB 6 Leuben;10 StB Leuben;60 - 64 Jahre;841
2024;61 Leuben;StB 6 Leuben;StB 6 Leuben;10 StB Leuben;65 - 74 Jahre;1266
2024;61 Leuben;StB 6 Leuben;StB 6 Leuben;10 StB Leuben;75 - 84 Jahre;1468
2024;61 Leuben;StB 6 Leuben;StB 6 Leuben;10 StB Leuben;85 Jahre u.älter;773
2024;62 Laubegast;StB 6 Leuben;StB 6 Leuben;10 StB Leuben;00 - 02 Jahre;174
2024;62 Laubegast;StB 6 Leuben;StB 6 Leuben;10 StB Leuben;03 - 05 Jahre;268
2024;62 Laubegast;StB 6 Leuben;StB 6 Leuben;10 StB Leuben;06 - 09 Jahre;434
2024;62 Laubegast;StB 6 Leuben;StB 6 Leuben;10 StB Leuben;10 - 14 Jahre;576
2024;62 Laubegast;StB 6 Leuben;StB 6 Leuben;10 StB Leuben;15 - 17 Jahre;342
2024;62 Laubegast;StB 6 Leuben;StB 6 Leuben;10 StB Leuben;18 - 24 Jahre;688
2024;62 Laubegast;StB 6 Leuben;StB 6 Leuben;10 StB Leuben;25 - 29 Jahre;377
2024;62 Laubegast;StB 6 Leuben;StB 6 Leuben;10 StB Leuben;30 - 44 Jahre;2040
2024;62 Laubegast;StB 6 Leuben;StB 6 Leuben;10 StB Leuben;45 - 59 Jahre;2656
2024;62 Laubegast;StB 6 Leuben;StB 6 Leuben;10 StB Leuben;60 - 64 Jahre;981
2024;62 Laubegast;StB 6 Leuben;StB 6 Leuben;10 StB Leuben;65 - 74 Jahre;1536
2024;62 Laubegast;StB 6 Leuben;StB 6 Leuben;10 StB Leuben;75 - 84 Jahre;1339
2024;62 Laubegast;StB 6 Leuben;StB 6 Leuben;10 StB Leuben;85 Jahre u.älter;544
2024;63 Kleinzschachwitz;StB 6 Leuben;StB 6 Leuben;10 StB Leuben;00 - 02 Jahre;108
2024;63 Kleinzschachwitz;StB 6 Leuben;StB 6 Leuben;10 StB Leuben;03 - 05 Jahre;196
2024;63 Kleinzschachwitz;StB 6 Leuben;StB 6 Leuben;10 StB Leuben;06 - 09 Jahre;320
2024;63 Kleinzschachwitz;StB 6 Leuben;StB 6 Leuben;10 StB Leuben;10 - 14 Jahre;431
2024;63 Kleinzschachwitz;StB 6 Leuben;StB 6 Leuben;10 StB Leuben;15 - 17 Jahre;283
2024;63 Kleinzschachwitz;StB 6 Leuben;StB 6 Leuben;10 StB Leuben;18 - 24 Jahre;473
2024;63 Kleinzschachwitz;StB 6 Leuben;StB 6 Leuben;10 StB Leuben;25 - 29 Jahre;174
2024;63 Kleinzschachwitz;StB 6 Leuben;StB 6 Leuben;10 StB Leuben;30 - 44 Jahre;1135
2024;63 Kleinzschachwitz;StB 6 Leuben;StB 6 Leuben;10 StB Leuben;45 - 59 Jahre;2088
2024;63 Kleinzschachwitz;StB 6 Leuben;StB 6 Leuben;10 StB Leuben;60 - 64 Jahre;688
2024;63 Kleinzschachwitz;StB 6 Leuben;StB 6 Leuben;10 StB Leuben;65 - 74 Jahre;1103
2024;63 Kleinzschachwitz;StB 6 Leuben;StB 6 Leuben;10 StB Leuben;75 - 84 Jahre;907
2024;63 Kleinzschachwitz;StB 6 Leuben;StB 6 Leuben;10 StB Leuben;85 Jahre u.älter;374
2024;64 Großzschachwitz;StB 6 Leuben;StB 6 Leuben;10 StB Leuben;00 - 02 Jahre;106
2024;64 Großzschachwitz;StB 6 Leuben;StB 6 Leuben;10 StB Leuben;03 - 05 Jahre;159
2024;64 Großzschachwitz;StB 6 Leuben;StB 6 Leuben;10 StB Leuben;06 - 09 Jahre;238
2024;64 Großzschachwitz;StB 6 Leuben;StB 6 Leuben;10 StB Leuben;10 - 14 Jahre;304
2024;64 Großzschachwitz;StB 6 Leuben;StB 6 Leuben;10 StB Leuben;15 - 17 Jahre;170
2024;64 Großzschachwitz;StB 6 Leuben;StB 6 Leuben;10 StB Leuben;18 - 24 Jahre;474
2024;64 Großzschachwitz;StB 6 Leuben;StB 6 Leuben;10 StB Leuben;25 - 29 Jahre;302
2024;64 Großzschachwitz;StB 6 Leuben;StB 6 Leuben;10 StB Leuben;30 - 44 Jahre;1110
2024;64 Großzschachwitz;StB 6 Leuben;StB 6 Leuben;10 StB Leuben;45 - 59 Jahre;1157
2024;64 Großzschachwitz;StB 6 Leuben;StB 6 Leuben;10 StB Leuben;60 - 64 Jahre;367
2024;64 Großzschachwitz;StB 6 Leuben;StB 6 Leuben;10 StB Leuben;65 - 74 Jahre;866
2024;64 Großzschachwitz;StB 6 Leuben;StB 6 Leuben;10 StB Leuben;75 - 84 Jahre;712
2024;64 Großzschachwitz;StB 6 Leuben;StB 6 Leuben;10 StB Leuben;85 Jahre u.älter;305
2024;71 Prohlis-Nord;StB 7 Prohlis;StB 7 Prohlis;11 Prohlis, Reick (mit Sternhäuser, Am Koitschgraben);00 - 02 Jahre;156
2024;71 Prohlis-Nord;StB 7 Prohlis;StB 7 Prohlis;11 Prohlis, Reick (mit Sternhäuser, Am Koitschgraben);03 - 05 Jahre;181
2024;71 Prohlis-Nord;StB 7 Prohlis;StB 7 Prohlis;11 Prohlis, Reick (mit Sternhäuser, Am Koitschgraben);06 - 09 Jahre;271
2024;71 Prohlis-Nord;StB 7 Prohlis;StB 7 Prohlis;11 Prohlis, Reick (mit Sternhäuser, Am Koitschgraben);10 - 14 Jahre;351
2024;71 Prohlis-Nord;StB 7 Prohlis;StB 7 Prohlis;11 Prohlis, Reick (mit Sternhäuser, Am Koitschgraben);15 - 17 Jahre;192
2024;71 Prohlis-Nord;StB 7 Prohlis;StB 7 Prohlis;11 Prohlis, Reick (mit Sternhäuser, Am Koitschgraben);18 - 24 Jahre;470
2024;71 Prohlis-Nord;StB 7 Prohlis;StB 7 Prohlis;11 Prohlis, Reick (mit Sternhäuser, Am Koitschgraben);25 - 29 Jahre;356
2024;71 Prohlis-Nord;StB 7 Prohlis;StB 7 Prohlis;11 Prohlis, Reick (mit Sternhäuser, Am Koitschgraben);30 - 44 Jahre;1229
2024;71 Prohlis-Nord;StB 7 Prohlis;StB 7 Prohlis;11 Prohlis, Reick (mit Sternhäuser, Am Koitschgraben);45 - 59 Jahre;1102
2024;71 Prohlis-Nord;StB 7 Prohlis;StB 7 Prohlis;11 Prohlis, Reick (mit Sternhäuser, Am Koitschgraben);60 - 64 Jahre;363
2024;71 Prohlis-Nord;StB 7 Prohlis;StB 7 Prohlis;11 Prohlis, Reick (mit Sternhäuser, Am Koitschgraben);65 - 74 Jahre;849
2024;71 Prohlis-Nord;StB 7 Prohlis;StB 7 Prohlis;11 Prohlis, Reick (mit Sternhäuser, Am Koitschgraben);75 - 84 Jahre;649
2024;71 Prohlis-Nord;StB 7 Prohlis;StB 7 Prohlis;11 Prohlis, Reick (mit Sternhäuser, Am Koitschgraben);85 Jahre u.älter;245
2024;72 Prohlis-Süd;StB 7 Prohlis;StB 7 Prohlis;11 Prohlis, Reick (mit Sternhäuser, Am Koitschgraben);00 - 02 Jahre;212
2024;72 Prohlis-Süd;StB 7 Prohlis;StB 7 Prohlis;11 Prohlis, Reick (mit Sternhäuser, Am Koitschgraben);03 - 05 Jahre;270
2024;72 Prohlis-Süd;StB 7 Prohlis;StB 7 Prohlis;11 Prohlis, Reick (mit Sternhäuser, Am Koitschgraben);06 - 09 Jahre;365
2024;72 Prohlis-Süd;StB 7 Prohlis;StB 7 Prohlis;11 Prohlis, Reick (mit Sternhäuser, Am Koitschgraben);10 - 14 Jahre;522
2024;72 Prohlis-Süd;StB 7 Prohlis;StB 7 Prohlis;11 Prohlis, Reick (mit Sternhäuser, Am Koitschgraben);15 - 17 Jahre;298
2024;72 Prohlis-Süd;StB 7 Prohlis;StB 7 Prohlis;11 Prohlis, Reick (mit Sternhäuser, Am Koitschgraben);18 - 24 Jahre;714
2024;72 Prohlis-Süd;StB 7 Prohlis;StB 7 Prohlis;11 Prohlis, Reick (mit Sternhäuser, Am Koitschgraben);25 - 29 Jahre;484
2024;72 Prohlis-Süd;StB 7 Prohlis;StB 7 Prohlis;11 Prohlis, Reick (mit Sternhäuser, Am Koitschgraben);30 - 44 Jahre;1795
2024;72 Prohlis-Süd;StB 7 Prohlis;StB 7 Prohlis;11 Prohlis, Reick (mit Sternhäuser, Am Koitschgraben);45 - 59 Jahre;1365
2024;72 Prohlis-Süd;StB 7 Prohlis;StB 7 Prohlis;11 Prohlis, Reick (mit Sternhäuser, Am Koitschgraben);60 - 64 Jahre;511
2024;72 Prohlis-Süd;StB 7 Prohlis;StB 7 Prohlis;11 Prohlis, Reick (mit Sternhäuser, Am Koitschgraben);65 - 74 Jahre;1148
2024;72 Prohlis-Süd;StB 7 Prohlis;StB 7 Prohlis;11 Prohlis, Reick (mit Sternhäuser, Am Koitschgraben);75 - 84 Jahre;1112
2024;72 Prohlis-Süd;StB 7 Prohlis;StB 7 Prohlis;11 Prohlis, Reick (mit Sternhäuser, Am Koitschgraben);85 Jahre u.älter;479
2024;73 Niedersedlitz;StB 7 Prohlis;StB 7 Prohlis;12 Niedersedlitz, Leubnitz, Strehlen (ohne Sternhäuser, Am Koitschgraben);00 - 02 Jahre;123
2024;73 Niedersedlitz;StB 7 Prohlis;StB 7 Prohlis;12 Niedersedlitz, Leubnitz, Strehlen (ohne Sternhäuser, Am Koitschgraben);03 - 05 Jahre;176
2024;73 Niedersedlitz;StB 7 Prohlis;StB 7 Prohlis;12 Niedersedlitz, Leubnitz, Strehlen (ohne Sternhäuser, Am Koitschgraben);06 - 09 Jahre;275
2024;73 Niedersedlitz;StB 7 Prohlis;StB 7 Prohlis;12 Niedersedlitz, Leubnitz, Strehlen (ohne Sternhäuser, Am Koitschgraben);10 - 14 Jahre;319
2024;73 Niedersedlitz;StB 7 Prohlis;StB 7 Prohlis;12 Niedersedlitz, Leubnitz, Strehlen (ohne Sternhäuser, Am Koitschgraben);15 - 17 Jahre;228
2024;73 Niedersedlitz;StB 7 Prohlis;StB 7 Prohlis;12 Niedersedlitz, Leubnitz, Strehlen (ohne Sternhäuser, Am Koitschgraben);18 - 24 Jahre;448
2024;73 Niedersedlitz;StB 7 Prohlis;StB 7 Prohlis;12 Niedersedlitz, Leubnitz, Strehlen (ohne Sternhäuser, Am Koitschgraben);25 - 29 Jahre;231
2024;73 Niedersedlitz;StB 7 Prohlis;StB 7 Prohlis;12 Niedersedlitz, Leubnitz, Strehlen (ohne Sternhäuser, Am Koitschgraben);30 - 44 Jahre;1110
2024;73 Niedersedlitz;StB 7 Prohlis;StB 7 Prohlis;12 Niedersedlitz, Leubnitz, Strehlen (ohne Sternhäuser, Am Koitschgraben);45 - 59 Jahre;1296
2024;73 Niedersedlitz;StB 7 Prohlis;StB 7 Prohlis;12 Niedersedlitz, Leubnitz, Strehlen (ohne Sternhäuser, Am Koitschgraben);60 - 64 Jahre;496
2024;73 Niedersedlitz;StB 7 Prohlis;StB 7 Prohlis;12 Niedersedlitz, Leubnitz, Strehlen (ohne Sternhäuser, Am Koitschgraben);65 - 74 Jahre;723
2024;73 Niedersedlitz;StB 7 Prohlis;StB 7 Prohlis;12 Niedersedlitz, Leubnitz, Strehlen (ohne Sternhäuser, Am Koitschgraben);75 - 84 Jahre;547
2024;73 Niedersedlitz;StB 7 Prohlis;StB 7 Prohlis;12 Niedersedlitz, Leubnitz, Strehlen (ohne Sternhäuser, Am Koitschgraben);85 Jahre u.älter;210
2024;74 Lockwitz;StB 7 Prohlis;StB 7 Prohlis;12 Niedersedlitz, Leubnitz, Strehlen (ohne Sternhäuser, Am Koitschgraben);00 - 02 Jahre;147
2024;74 Lockwitz;StB 7 Prohlis;StB 7 Prohlis;12 Niedersedlitz, Leubnitz, Strehlen (ohne Sternhäuser, Am Koitschgraben);03 - 05 Jahre;212
2024;74 Lockwitz;StB 7 Prohlis;StB 7 Prohlis;12 Niedersedlitz, Leubnitz, Strehlen (ohne Sternhäuser, Am Koitschgraben);06 - 09 Jahre;346
2024;74 Lockwitz;StB 7 Prohlis;StB 7 Prohlis;12 Niedersedlitz, Leubnitz, Strehlen (ohne Sternhäuser, Am Koitschgraben);10 - 14 Jahre;514
2024;74 Lockwitz;StB 7 Prohlis;StB 7 Prohlis;12 Niedersedlitz, Leubnitz, Strehlen (ohne Sternhäuser, Am Koitschgraben);15 - 17 Jahre;301
2024;74 Lockwitz;StB 7 Prohlis;StB 7 Prohlis;12 Niedersedlitz, Leubnitz, Strehlen (ohne Sternhäuser, Am Koitschgraben);18 - 24 Jahre;425
2024;74 Lockwitz;StB 7 Prohlis;StB 7 Prohlis;12 Niedersedlitz, Leubnitz, Strehlen (ohne Sternhäuser, Am Koitschgraben);25 - 29 Jahre;196
2024;74 Lockwitz;StB 7 Prohlis;StB 7 Prohlis;12 Niedersedlitz, Leubnitz, Strehlen (ohne Sternhäuser, Am Koitschgraben);30 - 44 Jahre;1267
2024;74 Lockwitz;StB 7 Prohlis;StB 7 Prohlis;12 Niedersedlitz, Leubnitz, Strehlen (ohne Sternhäuser, Am Koitschgraben);45 - 59 Jahre;1753
2024;74 Lockwitz;StB 7 Prohlis;StB 7 Prohlis;12 Niedersedlitz, Leubnitz, Strehlen (ohne Sternhäuser, Am Koitschgraben);60 - 64 Jahre;640
2024;74 Lockwitz;StB 7 Prohlis;StB 7 Prohlis;12 Niedersedlitz, Leubnitz, Strehlen (ohne Sternhäuser, Am Koitschgraben);65 - 74 Jahre;849
2024;74 Lockwitz;StB 7 Prohlis;StB 7 Prohlis;12 Niedersedlitz, Leubnitz, Strehlen (ohne Sternhäuser, Am Koitschgraben);75 - 84 Jahre;560
2024;74 Lockwitz;StB 7 Prohlis;StB 7 Prohlis;12 Niedersedlitz, Leubnitz, Strehlen (ohne Sternhäuser, Am Koitschgraben);85 Jahre u.älter;185
2024;75 Leubnitz-Neuostra;StB 7 Prohlis;StB 7 Prohlis;12 Niedersedlitz, Leubnitz, Strehlen (ohne Sternhäuser, Am Koitschgraben);00 - 02 Jahre;235
2024;75 Leubnitz-Neuostra;StB 7 Prohlis;StB 7 Prohlis;12 Niedersedlitz, Leubnitz, Strehlen (ohne Sternhäuser, Am Koitschgraben);03 - 05 Jahre;283
2024;75 Leubnitz-Neuostra;StB 7 Prohlis;StB 7 Prohlis;12 Niedersedlitz, Leubnitz, Strehlen (ohne Sternhäuser, Am Koitschgraben);06 - 09 Jahre;462
2024;75 Leubnitz-Neuostra;StB 7 Prohlis;StB 7 Prohlis;12 Niedersedlitz, Leubnitz, Strehlen (ohne Sternhäuser, Am Koitschgraben);10 - 14 Jahre;675
2024;75 Leubnitz-Neuostra;StB 7 Prohlis;StB 7 Prohlis;12 Niedersedlitz, Leubnitz, Strehlen (ohne Sternhäuser, Am Koitschgraben);15 - 17 Jahre;396
2024;75 Leubnitz-Neuostra;StB 7 Prohlis;StB 7 Prohlis;12 Niedersedlitz, Leubnitz, Strehlen (ohne Sternhäuser, Am Koitschgraben);18 - 24 Jahre;980
2024;75 Leubnitz-Neuostra;StB 7 Prohlis;StB 7 Prohlis;12 Niedersedlitz, Leubnitz, Strehlen (ohne Sternhäuser, Am Koitschgraben);25 - 29 Jahre;706
2024;75 Leubnitz-Neuostra;StB 7 Prohlis;StB 7 Prohlis;12 Niedersedlitz, Leubnitz, Strehlen (ohne Sternhäuser, Am Koitschgraben);30 - 44 Jahre;2341
2024;75 Leubnitz-Neuostra;StB 7 Prohlis;StB 7 Prohlis;12 Niedersedlitz, Leubnitz, Strehlen (ohne Sternhäuser, Am Koitschgraben);45 - 59 Jahre;2761
2024;75 Leubnitz-Neuostra;StB 7 Prohlis;StB 7 Prohlis;12 Niedersedlitz, Leubnitz, Strehlen (ohne Sternhäuser, Am Koitschgraben);60 - 64 Jahre;1026
2024;75 Leubnitz-Neuostra;StB 7 Prohlis;StB 7 Prohlis;12 Niedersedlitz, Leubnitz, Strehlen (ohne Sternhäuser, Am Koitschgraben);65 - 74 Jahre;1883
2024;75 Leubnitz-Neuostra;StB 7 Prohlis;StB 7 Prohlis;12 Niedersedlitz, Leubnitz, Strehlen (ohne Sternhäuser, Am Koitschgraben);75 - 84 Jahre;1549
2024;75 Leubnitz-Neuostra;StB 7 Prohlis;StB 7 Prohlis;12 Niedersedlitz, Leubnitz, Strehlen (ohne Sternhäuser, Am Koitschgraben);85 Jahre u.älter;643
2024;76 Strehlen;StB 7 Prohlis;StB 7 Prohlis;11 Prohlis, Reick (mit Sternhäuser, Am Koitschgraben);00 - 02 Jahre;100
2024;76 Strehlen;StB 7 Prohlis;StB 7 Prohlis;11 Prohlis, Reick (mit Sternhäuser, Am Koitschgraben);03 - 05 Jahre;113
2024;76 Strehlen;StB 7 Prohlis;StB 7 Prohlis;11 Prohlis, Reick (mit Sternhäuser, Am Koitschgraben);06 - 09 Jahre;175
2024;76 Strehlen;StB 7 Prohlis;StB 7 Prohlis;11 Prohlis, Reick (mit Sternhäuser, Am Koitschgraben);10 - 14 Jahre;241
2024;76 Strehlen;StB 7 Prohlis;StB 7 Prohlis;11 Prohlis, Reick (mit Sternhäuser, Am Koitschgraben);15 - 17 Jahre;122
2024;76 Strehlen;StB 7 Prohlis;StB 7 Prohlis;11 Prohlis, Reick (mit Sternhäuser, Am Koitschgraben);18 - 24 Jahre;363
2024;76 Strehlen;StB 7 Prohlis;StB 7 Prohlis;11 Prohlis, Reick (mit Sternhäuser, Am Koitschgraben);25 - 29 Jahre;272
2024;76 Strehlen;StB 7 Prohlis;StB 7 Prohlis;11 Prohlis, Reick (mit Sternhäuser, Am Koitschgraben);30 - 44 Jahre;788
2024;76 Strehlen;StB 7 Prohlis;StB 7 Prohlis;11 Prohlis, Reick (mit Sternhäuser, Am Koitschgraben);45 - 59 Jahre;606
2024;76 Strehlen;StB 7 Prohlis;StB 7 Prohlis;11 Prohlis, Reick (mit Sternhäuser, Am Koitschgraben);60 - 64 Jahre;225
2024;76 Strehlen;StB 7 Prohlis;StB 7 Prohlis;11 Prohlis, Reick (mit Sternhäuser, Am Koitschgraben);65 - 74 Jahre;384
2024;76 Strehlen;StB 7 Prohlis;StB 7 Prohlis;11 Prohlis, Reick (mit Sternhäuser, Am Koitschgraben);75 - 84 Jahre;174
2024;76 Strehlen;StB 7 Prohlis;StB 7 Prohlis;11 Prohlis, Reick (mit Sternhäuser, Am Koitschgraben);85 Jahre u.älter;89
2024;76 Strehlen;StB 7 Prohlis;StB 7 Prohlis;12 Niedersedlitz, Leubnitz, Strehlen (ohne Sternhäuser, Am Koitschgraben);00 - 02 Jahre;189
2024;76 Strehlen;StB 7 Prohlis;StB 7 Prohlis;12 Niedersedlitz, Leubnitz, Strehlen (ohne Sternhäuser, Am Koitschgraben);03 - 05 Jahre;242
2024;76 Strehlen;StB 7 Prohlis;StB 7 Prohlis;12 Niedersedlitz, Leubnitz, Strehlen (ohne Sternhäuser, Am Koitschgraben);06 - 09 Jahre;282
2024;76 Strehlen;StB 7 Prohlis;StB 7 Prohlis;12 Niedersedlitz, Leubnitz, Strehlen (ohne Sternhäuser, Am Koitschgraben);10 - 14 Jahre;347
2024;76 Strehlen;StB 7 Prohlis;StB 7 Prohlis;12 Niedersedlitz, Leubnitz, Strehlen (ohne Sternhäuser, Am Koitschgraben);15 - 17 Jahre;209
2024;76 Strehlen;StB 7 Prohlis;StB 7 Prohlis;12 Niedersedlitz, Leubnitz, Strehlen (ohne Sternhäuser, Am Koitschgraben);18 - 24 Jahre;914
2024;76 Strehlen;StB 7 Prohlis;StB 7 Prohlis;12 Niedersedlitz, Leubnitz, Strehlen (ohne Sternhäuser, Am Koitschgraben);25 - 29 Jahre;872
2024;76 Strehlen;StB 7 Prohlis;StB 7 Prohlis;12 Niedersedlitz, Leubnitz, Strehlen (ohne Sternhäuser, Am Koitschgraben);30 - 44 Jahre;1773
2024;76 Strehlen;StB 7 Prohlis;StB 7 Prohlis;12 Niedersedlitz, Leubnitz, Strehlen (ohne Sternhäuser, Am Koitschgraben);45 - 59 Jahre;1218
2024;76 Strehlen;StB 7 Prohlis;StB 7 Prohlis;12 Niedersedlitz, Leubnitz, Strehlen (ohne Sternhäuser, Am Koitschgraben);60 - 64 Jahre;381
2024;76 Strehlen;StB 7 Prohlis;StB 7 Prohlis;12 Niedersedlitz, Leubnitz, Strehlen (ohne Sternhäuser, Am Koitschgraben);65 - 74 Jahre;633
2024;76 Strehlen;StB 7 Prohlis;StB 7 Prohlis;12 Niedersedlitz, Leubnitz, Strehlen (ohne Sternhäuser, Am Koitschgraben);75 - 84 Jahre;507
2024;76 Strehlen;StB 7 Prohlis;StB 7 Prohlis;12 Niedersedlitz, Leubnitz, Strehlen (ohne Sternhäuser, Am Koitschgraben);85 Jahre u.älter;297
2024;77 Reick;StB 7 Prohlis;StB 7 Prohlis;11 Prohlis, Reick (mit Sternhäuser, Am Koitschgraben);00 - 02 Jahre;136
2024;77 Reick;StB 7 Prohlis;StB 7 Prohlis;11 Prohlis, Reick (mit Sternhäuser, Am Koitschgraben);03 - 05 Jahre;153
2024;77 Reick;StB 7 Prohlis;StB 7 Prohlis;11 Prohlis, Reick (mit Sternhäuser, Am Koitschgraben);06 - 09 Jahre;234
2024;77 Reick;StB 7 Prohlis;StB 7 Prohlis;11 Prohlis, Reick (mit Sternhäuser, Am Koitschgraben);10 - 14 Jahre;337
2024;77 Reick;StB 7 Prohlis;StB 7 Prohlis;11 Prohlis, Reick (mit Sternhäuser, Am Koitschgraben);15 - 17 Jahre;169
2024;77 Reick;StB 7 Prohlis;StB 7 Prohlis;11 Prohlis, Reick (mit Sternhäuser, Am Koitschgraben);18 - 24 Jahre;426
2024;77 Reick;StB 7 Prohlis;StB 7 Prohlis;11 Prohlis, Reick (mit Sternhäuser, Am Koitschgraben);25 - 29 Jahre;302
2024;77 Reick;StB 7 Prohlis;StB 7 Prohlis;11 Prohlis, Reick (mit Sternhäuser, Am Koitschgraben);30 - 44 Jahre;1135
2024;77 Reick;StB 7 Prohlis;StB 7 Prohlis;11 Prohlis, Reick (mit Sternhäuser, Am Koitschgraben);45 - 59 Jahre;961
2024;77 Reick;StB 7 Prohlis;StB 7 Prohlis;11 Prohlis, Reick (mit Sternhäuser, Am Koitschgraben);60 - 64 Jahre;362
2024;77 Reick;StB 7 Prohlis;StB 7 Prohlis;11 Prohlis, Reick (mit Sternhäuser, Am Koitschgraben);65 - 74 Jahre;654
2024;77 Reick;StB 7 Prohlis;StB 7 Prohlis;11 Prohlis, Reick (mit Sternhäuser, Am Koitschgraben);75 - 84 Jahre;537
2024;77 Reick;StB 7 Prohlis;StB 7 Prohlis;11 Prohlis, Reick (mit Sternhäuser, Am Koitschgraben);85 Jahre u.älter;281
2024;81 Südvorstadt-West;StB 8 Plauen;StB 8 Plauen;13 Südvorstadt, Zschertnitz;00 - 02 Jahre;352
2024;81 Südvorstadt-West;StB 8 Plauen;StB 8 Plauen;13 Südvorstadt, Zschertnitz;03 - 05 Jahre;405
2024;81 Südvorstadt-West;StB 8 Plauen;StB 8 Plauen;13 Südvorstadt, Zschertnitz;06 - 09 Jahre;600
2024;81 Südvorstadt-West;StB 8 Plauen;StB 8 Plauen;13 Südvorstadt, Zschertnitz;10 - 14 Jahre;686
2024;81 Südvorstadt-West;StB 8 Plauen;StB 8 Plauen;13 Südvorstadt, Zschertnitz;15 - 17 Jahre;385
2024;81 Südvorstadt-West;StB 8 Plauen;StB 8 Plauen;13 Südvorstadt, Zschertnitz;18 - 24 Jahre;2421
2024;81 Südvorstadt-West;StB 8 Plauen;StB 8 Plauen;13 Südvorstadt, Zschertnitz;25 - 29 Jahre;1913
2024;81 Südvorstadt-West;StB 8 Plauen;StB 8 Plauen;13 Südvorstadt, Zschertnitz;30 - 44 Jahre;3149
2024;81 Südvorstadt-West;StB 8 Plauen;StB 8 Plauen;13 Südvorstadt, Zschertnitz;45 - 59 Jahre;1710
2024;81 Südvorstadt-West;StB 8 Plauen;StB 8 Plauen;13 Südvorstadt, Zschertnitz;60 - 64 Jahre;564
2024;81 Südvorstadt-West;StB 8 Plauen;StB 8 Plauen;13 Südvorstadt, Zschertnitz;65 - 74 Jahre;912
2024;81 Südvorstadt-West;StB 8 Plauen;StB 8 Plauen;13 Südvorstadt, Zschertnitz;75 - 84 Jahre;780
2024;81 Südvorstadt-West;StB 8 Plauen;StB 8 Plauen;13 Südvorstadt, Zschertnitz;85 Jahre u.älter;572
2024;82 Südvorstadt-Ost;StB 8 Plauen;StB 8 Plauen;13 Südvorstadt, Zschertnitz;00 - 02 Jahre;141
2024;82 Südvorstadt-Ost;StB 8 Plauen;StB 8 Plauen;13 Südvorstadt, Zschertnitz;03 - 05 Jahre;173
2024;82 Südvorstadt-Ost;StB 8 Plauen;StB 8 Plauen;13 Südvorstadt, Zschertnitz;06 - 09 Jahre;229
2024;82 Südvorstadt-Ost;StB 8 Plauen;StB 8 Plauen;13 Südvorstadt, Zschertnitz;10 - 14 Jahre;308
2024;82 Südvorstadt-Ost;StB 8 Plauen;StB 8 Plauen;13 Südvorstadt, Zschertnitz;15 - 17 Jahre;153
2024;82 Südvorstadt-Ost;StB 8 Plauen;StB 8 Plauen;13 Südvorstadt, Zschertnitz;18 - 24 Jahre;2809
2024;82 Südvorstadt-Ost;StB 8 Plauen;StB 8 Plauen;13 Südvorstadt, Zschertnitz;25 - 29 Jahre;1383
2024;82 Südvorstadt-Ost;StB 8 Plauen;StB 8 Plauen;13 Südvorstadt, Zschertnitz;30 - 44 Jahre;1603
2024;82 Südvorstadt-Ost;StB 8 Plauen;StB 8 Plauen;13 Südvorstadt, Zschertnitz;45 - 59 Jahre;806
2024;82 Südvorstadt-Ost;StB 8 Plauen;StB 8 Plauen;13 Südvorstadt, Zschertnitz;60 - 64 Jahre;259
2024;82 Südvorstadt-Ost;StB 8 Plauen;StB 8 Plauen;13 Südvorstadt, Zschertnitz;65 - 74 Jahre;438
2024;82 Südvorstadt-Ost;StB 8 Plauen;StB 8 Plauen;13 Südvorstadt, Zschertnitz;75 - 84 Jahre;413
2024;82 Südvorstadt-Ost;StB 8 Plauen;StB 8 Plauen;13 Südvorstadt, Zschertnitz;85 Jahre u.älter;206
2024;83 Räcknitz/Zschertnitz;StB 8 Plauen;StB 8 Plauen;13 Südvorstadt, Zschertnitz;00 - 02 Jahre;122
2024;83 Räcknitz/Zschertnitz;StB 8 Plauen;StB 8 Plauen;13 Südvorstadt, Zschertnitz;03 - 05 Jahre;216
2024;83 Räcknitz/Zschertnitz;StB 8 Plauen;StB 8 Plauen;13 Südvorstadt, Zschertnitz;06 - 09 Jahre;296
2024;83 Räcknitz/Zschertnitz;StB 8 Plauen;StB 8 Plauen;13 Südvorstadt, Zschertnitz;10 - 14 Jahre;367
2024;83 Räcknitz/Zschertnitz;StB 8 Plauen;StB 8 Plauen;13 Südvorstadt, Zschertnitz;15 - 17 Jahre;219
2024;83 Räcknitz/Zschertnitz;StB 8 Plauen;StB 8 Plauen;13 Südvorstadt, Zschertnitz;18 - 24 Jahre;942
2024;83 Räcknitz/Zschertnitz;StB 8 Plauen;StB 8 Plauen;13 Südvorstadt, Zschertnitz;25 - 29 Jahre;720
2024;83 Räcknitz/Zschertnitz;StB 8 Plauen;StB 8 Plauen;13 Südvorstadt, Zschertnitz;30 - 44 Jahre;1748
2024;83 Räcknitz/Zschertnitz;StB 8 Plauen;StB 8 Plauen;13 Südvorstadt, Zschertnitz;45 - 59 Jahre;1397
2024;83 Räcknitz/Zschertnitz;StB 8 Plauen;StB 8 Plauen;13 Südvorstadt, Zschertnitz;60 - 64 Jahre;514
2024;83 Räcknitz/Zschertnitz;StB 8 Plauen;StB 8 Plauen;13 Südvorstadt, Zschertnitz;65 - 74 Jahre;1166
2024;83 Räcknitz/Zschertnitz;StB 8 Plauen;StB 8 Plauen;13 Südvorstadt, Zschertnitz;75 - 84 Jahre;1296
2024;83 Räcknitz/Zschertnitz;StB 8 Plauen;StB 8 Plauen;13 Südvorstadt, Zschertnitz;85 Jahre u.älter;503
2024;84 Kleinpestitz/Mockritz;StB 8 Plauen;StB 8 Plauen;14 Mockritz, Coschütz, Plauen;00 - 02 Jahre;106
2024;84 Kleinpestitz/Mockritz;StB 8 Plauen;StB 8 Plauen;14 Mockritz, Coschütz, Plauen;03 - 05 Jahre;130
2024;84 Kleinpestitz/Mockritz;StB 8 Plauen;StB 8 Plauen;14 Mockritz, Coschütz, Plauen;06 - 09 Jahre;246
2024;84 Kleinpestitz/Mockritz;StB 8 Plauen;StB 8 Plauen;14 Mockritz, Coschütz, Plauen;10 - 14 Jahre;330
2024;84 Kleinpestitz/Mockritz;StB 8 Plauen;StB 8 Plauen;14 Mockritz, Coschütz, Plauen;15 - 17 Jahre;182
2024;84 Kleinpestitz/Mockritz;StB 8 Plauen;StB 8 Plauen;14 Mockritz, Coschütz, Plauen;18 - 24 Jahre;469
2024;84 Kleinpestitz/Mockritz;StB 8 Plauen;StB 8 Plauen;14 Mockritz, Coschütz, Plauen;25 - 29 Jahre;278
2024;84 Kleinpestitz/Mockritz;StB 8 Plauen;StB 8 Plauen;14 Mockritz, Coschütz, Plauen;30 - 44 Jahre;1146
2024;84 Kleinpestitz/Mockritz;StB 8 Plauen;StB 8 Plauen;14 Mockritz, Coschütz, Plauen;45 - 59 Jahre;1363
2024;84 Kleinpestitz/Mockritz;StB 8 Plauen;StB 8 Plauen;14 Mockritz, Coschütz, Plauen;60 - 64 Jahre;560
2024;84 Kleinpestitz/Mockritz;StB 8 Plauen;StB 8 Plauen;14 Mockritz, Coschütz, Plauen;65 - 74 Jahre;1368
2024;84 Kleinpestitz/Mockritz;StB 8 Plauen;StB 8 Plauen;14 Mockritz, Coschütz, Plauen;75 - 84 Jahre;920
2024;84 Kleinpestitz/Mockritz;StB 8 Plauen;StB 8 Plauen;14 Mockritz, Coschütz, Plauen;85 Jahre u.älter;317
2024;85 Coschütz/Gittersee;StB 8 Plauen;StB 8 Plauen;14 Mockritz, Coschütz, Plauen;00 - 02 Jahre;83
2024;85 Coschütz/Gittersee;StB 8 Plauen;StB 8 Plauen;14 Mockritz, Coschütz, Plauen;03 - 05 Jahre;122
2024;85 Coschütz/Gittersee;StB 8 Plauen;StB 8 Plauen;14 Mockritz, Coschütz, Plauen;06 - 09 Jahre;222
2024;85 Coschütz/Gittersee;StB 8 Plauen;StB 8 Plauen;14 Mockritz, Coschütz, Plauen;10 - 14 Jahre;277
2024;85 Coschütz/Gittersee;StB 8 Plauen;StB 8 Plauen;14 Mockritz, Coschütz, Plauen;15 - 17 Jahre;171
2024;85 Coschütz/Gittersee;StB 8 Plauen;StB 8 Plauen;14 Mockritz, Coschütz, Plauen;18 - 24 Jahre;423
2024;85 Coschütz/Gittersee;StB 8 Plauen;StB 8 Plauen;14 Mockritz, Coschütz, Plauen;25 - 29 Jahre;253
2024;85 Coschütz/Gittersee;StB 8 Plauen;StB 8 Plauen;14 Mockritz, Coschütz, Plauen;30 - 44 Jahre;1073
2024;85 Coschütz/Gittersee;StB 8 Plauen;StB 8 Plauen;14 Mockritz, Coschütz, Plauen;45 - 59 Jahre;1184
2024;85 Coschütz/Gittersee;StB 8 Plauen;StB 8 Plauen;14 Mockritz, Coschütz, Plauen;60 - 64 Jahre;401
2024;85 Coschütz/Gittersee;StB 8 Plauen;StB 8 Plauen;14 Mockritz, Coschütz, Plauen;65 - 74 Jahre;613
2024;85 Coschütz/Gittersee;StB 8 Plauen;StB 8 Plauen;14 Mockritz, Coschütz, Plauen;75 - 84 Jahre;451
2024;85 Coschütz/Gittersee;StB 8 Plauen;StB 8 Plauen;14 Mockritz, Coschütz, Plauen;85 Jahre u.älter;235
2024;86 Plauen;StB 8 Plauen;StB 8 Plauen;14 Mockritz, Coschütz, Plauen;00 - 02 Jahre;268
2024;86 Plauen;StB 8 Plauen;StB 8 Plauen;14 Mockritz, Coschütz, Plauen;03 - 05 Jahre;349
2024;86 Plauen;StB 8 Plauen;StB 8 Plauen;14 Mockritz, Coschütz, Plauen;06 - 09 Jahre;504
2024;86 Plauen;StB 8 Plauen;StB 8 Plauen;14 Mockritz, Coschütz, Plauen;10 - 14 Jahre;597
2024;86 Plauen;StB 8 Plauen;StB 8 Plauen;14 Mockritz, Coschütz, Plauen;15 - 17 Jahre;374
2024;86 Plauen;StB 8 Plauen;StB 8 Plauen;14 Mockritz, Coschütz, Plauen;18 - 24 Jahre;1060
2024;86 Plauen;StB 8 Plauen;StB 8 Plauen;14 Mockritz, Coschütz, Plauen;25 - 29 Jahre;926
2024;86 Plauen;StB 8 Plauen;StB 8 Plauen;14 Mockritz, Coschütz, Plauen;30 - 44 Jahre;2610
2024;86 Plauen;StB 8 Plauen;StB 8 Plauen;14 Mockritz, Coschütz, Plauen;45 - 59 Jahre;2017
2024;86 Plauen;StB 8 Plauen;StB 8 Plauen;14 Mockritz, Coschütz, Plauen;60 - 64 Jahre;637
2024;86 Plauen;StB 8 Plauen;StB 8 Plauen;14 Mockritz, Coschütz, Plauen;65 - 74 Jahre;903
2024;86 Plauen;StB 8 Plauen;StB 8 Plauen;14 Mockritz, Coschütz, Plauen;75 - 84 Jahre;685
2024;86 Plauen;StB 8 Plauen;StB 8 Plauen;14 Mockritz, Coschütz, Plauen;85 Jahre u.älter;499
2024;90 Cossebaude/Mobschatz/Oberw.;StB 9 Cotta/westliche Ortschaften;OS Cossebaude;17 Briesnitz und westliche OS;00 - 02 Jahre;108
2024;90 Cossebaude/Mobschatz/Oberw.;StB 9 Cotta/westliche Ortschaften;OS Cossebaude;17 Briesnitz und westliche OS;03 - 05 Jahre;157
2024;90 Cossebaude/Mobschatz/Oberw.;StB 9 Cotta/westliche Ortschaften;OS Cossebaude;17 Briesnitz und westliche OS;06 - 09 Jahre;250
2024;90 Cossebaude/Mobschatz/Oberw.;StB 9 Cotta/westliche Ortschaften;OS Cossebaude;17 Briesnitz und westliche OS;10 - 14 Jahre;361
2024;90 Cossebaude/Mobschatz/Oberw.;StB 9 Cotta/westliche Ortschaften;OS Cossebaude;17 Briesnitz und westliche OS;15 - 17 Jahre;211
2024;90 Cossebaude/Mobschatz/Oberw.;StB 9 Cotta/westliche Ortschaften;OS Cossebaude;17 Briesnitz und westliche OS;18 - 24 Jahre;286
2024;90 Cossebaude/Mobschatz/Oberw.;StB 9 Cotta/westliche Ortschaften;OS Cossebaude;17 Briesnitz und westliche OS;25 - 29 Jahre;149
2024;90 Cossebaude/Mobschatz/Oberw.;StB 9 Cotta/westliche Ortschaften;OS Cossebaude;17 Briesnitz und westliche OS;30 - 44 Jahre;1107
2024;90 Cossebaude/Mobschatz/Oberw.;StB 9 Cotta/westliche Ortschaften;OS Cossebaude;17 Briesnitz und westliche OS;45 - 59 Jahre;1253
2024;90 Cossebaude/Mobschatz/Oberw.;StB 9 Cotta/westliche Ortschaften;OS Cossebaude;17 Briesnitz und westliche OS;60 - 64 Jahre;471
2024;90 Cossebaude/Mobschatz/Oberw.;StB 9 Cotta/westliche Ortschaften;OS Cossebaude;17 Briesnitz und westliche OS;65 - 74 Jahre;750
2024;90 Cossebaude/Mobschatz/Oberw.;StB 9 Cotta/westliche Ortschaften;OS Cossebaude;17 Briesnitz und westliche OS;75 - 84 Jahre;523
2024;90 Cossebaude/Mobschatz/Oberw.;StB 9 Cotta/westliche Ortschaften;OS Cossebaude;17 Briesnitz und westliche OS;85 Jahre u.älter;261
2024;90 Cossebaude/Mobschatz/Oberw.;StB 9 Cotta/westliche Ortschaften;OS Mobschatz;17 Briesnitz und westliche OS;00 - 02 Jahre;34
2024;90 Cossebaude/Mobschatz/Oberw.;StB 9 Cotta/westliche Ortschaften;OS Mobschatz;17 Briesnitz und westliche OS;03 - 05 Jahre;39
2024;90 Cossebaude/Mobschatz/Oberw.;StB 9 Cotta/westliche Ortschaften;OS Mobschatz;17 Briesnitz und westliche OS;06 - 09 Jahre;72
2024;90 Cossebaude/Mobschatz/Oberw.;StB 9 Cotta/westliche Ortschaften;OS Mobschatz;17 Briesnitz und westliche OS;10 - 14 Jahre;86
2024;90 Cossebaude/Mobschatz/Oberw.;StB 9 Cotta/westliche Ortschaften;OS Mobschatz;17 Briesnitz und westliche OS;15 - 17 Jahre;47
2024;90 Cossebaude/Mobschatz/Oberw.;StB 9 Cotta/westliche Ortschaften;OS Mobschatz;17 Briesnitz und westliche OS;18 - 24 Jahre;76
2024;90 Cossebaude/Mobschatz/Oberw.;StB 9 Cotta/westliche Ortschaften;OS Mobschatz;17 Briesnitz und westliche OS;25 - 29 Jahre;36
2024;90 Cossebaude/Mobschatz/Oberw.;StB 9 Cotta/westliche Ortschaften;OS Mobschatz;17 Briesnitz und westliche OS;30 - 44 Jahre;302
2024;90 Cossebaude/Mobschatz/Oberw.;StB 9 Cotta/westliche Ortschaften;OS Mobschatz;17 Briesnitz und westliche OS;45 - 59 Jahre;306
2024;90 Cossebaude/Mobschatz/Oberw.;StB 9 Cotta/westliche Ortschaften;OS Mobschatz;17 Briesnitz und westliche OS;60 - 64 Jahre;140
2024;90 Cossebaude/Mobschatz/Oberw.;StB 9 Cotta/westliche Ortschaften;OS Mobschatz;17 Briesnitz und westliche OS;65 - 74 Jahre;186
2024;90 Cossebaude/Mobschatz/Oberw.;StB 9 Cotta/westliche Ortschaften;OS Mobschatz;17 Briesnitz und westliche OS;75 - 84 Jahre;102
2024;90 Cossebaude/Mobschatz/Oberw.;StB 9 Cotta/westliche Ortschaften;OS Mobschatz;17 Briesnitz und westliche OS;85 Jahre u.älter;43
2024;90 Cossebaude/Mobschatz/Oberw.;StB 9 Cotta/westliche Ortschaften;OS Oberwartha;17 Briesnitz und westliche OS;00 - 02 Jahre;23
2024;90 Cossebaude/Mobschatz/Oberw.;StB 9 Cotta/westliche Ortschaften;OS Oberwartha;17 Briesnitz und westliche OS;03 - 05 Jahre;17
2024;90 Cossebaude/Mobschatz/Oberw.;StB 9 Cotta/westliche Ortschaften;OS Oberwartha;17 Briesnitz und westliche OS;06 - 09 Jahre;28
2024;90 Cossebaude/Mobschatz/Oberw.;StB 9 Cotta/westliche Ortschaften;OS Oberwartha;17 Briesnitz und westliche OS;10 - 14 Jahre;45
2024;90 Cossebaude/Mobschatz/Oberw.;StB 9 Cotta/westliche Ortschaften;OS Oberwartha;17 Briesnitz und westliche OS;15 - 17 Jahre;11
2024;90 Cossebaude/Mobschatz/Oberw.;StB 9 Cotta/westliche Ortschaften;OS Oberwartha;17 Briesnitz und westliche OS;18 - 24 Jahre;24
2024;90 Cossebaude/Mobschatz/Oberw.;StB 9 Cotta/westliche Ortschaften;OS Oberwartha;17 Briesnitz und westliche OS;25 - 29 Jahre;19
2024;90 Cossebaude/Mobschatz/Oberw.;StB 9 Cotta/westliche Ortschaften;OS Oberwartha;17 Briesnitz und westliche OS;30 - 44 Jahre;124
2024;90 Cossebaude/Mobschatz/Oberw.;StB 9 Cotta/westliche Ortschaften;OS Oberwartha;17 Briesnitz und westliche OS;45 - 59 Jahre;97
2024;90 Cossebaude/Mobschatz/Oberw.;StB 9 Cotta/westliche Ortschaften;OS Oberwartha;17 Briesnitz und westliche OS;60 - 64 Jahre;32
2024;90 Cossebaude/Mobschatz/Oberw.;StB 9 Cotta/westliche Ortschaften;OS Oberwartha;17 Briesnitz und westliche OS;65 - 74 Jahre;37
2024;90 Cossebaude/Mobschatz/Oberw.;StB 9 Cotta/westliche Ortschaften;OS Oberwartha;17 Briesnitz und westliche OS;75 - 84 Jahre;32
2024;90 Cossebaude/Mobschatz/Oberw.;StB 9 Cotta/westliche Ortschaften;OS Oberwartha;17 Briesnitz und westliche OS;85 Jahre u.älter;14
2024;91 Cotta;StB 9 Cotta/westliche Ortschaften;StB 9 Cotta;15 Cotta, Löbtau, Naußlitz, Dölzschen;00 - 02 Jahre;285
2024;91 Cotta;StB 9 Cotta/westliche Ortschaften;StB 9 Cotta;15 Cotta, Löbtau, Naußlitz, Dölzschen;03 - 05 Jahre;331
2024;91 Cotta;StB 9 Cotta/westliche Ortschaften;StB 9 Cotta;15 Cotta, Löbtau, Naußlitz, Dölzschen;06 - 09 Jahre;428
2024;91 Cotta;StB 9 Cotta/westliche Ortschaften;StB 9 Cotta;15 Cotta, Löbtau, Naußlitz, Dölzschen;10 - 14 Jahre;564
2024;91 Cotta;StB 9 Cotta/westliche Ortschaften;StB 9 Cotta;15 Cotta, Löbtau, Naußlitz, Dölzschen;15 - 17 Jahre;297
2024;91 Cotta;StB 9 Cotta/westliche Ortschaften;StB 9 Cotta;15 Cotta, Löbtau, Naußlitz, Dölzschen;18 - 24 Jahre;1077
2024;91 Cotta;StB 9 Cotta/westliche Ortschaften;StB 9 Cotta;15 Cotta, Löbtau, Naußlitz, Dölzschen;25 - 29 Jahre;908
2024;91 Cotta;StB 9 Cotta/westliche Ortschaften;StB 9 Cotta;15 Cotta, Löbtau, Naußlitz, Dölzschen;30 - 44 Jahre;2921
2024;91 Cotta;StB 9 Cotta/westliche Ortschaften;StB 9 Cotta;15 Cotta, Löbtau, Naußlitz, Dölzschen;45 - 59 Jahre;2094
2024;91 Cotta;StB 9 Cotta/westliche Ortschaften;StB 9 Cotta;15 Cotta, Löbtau, Naußlitz, Dölzschen;60 - 64 Jahre;691
2024;91 Cotta;StB 9 Cotta/westliche Ortschaften;StB 9 Cotta;15 Cotta, Löbtau, Naußlitz, Dölzschen;65 - 74 Jahre;1004
2024;91 Cotta;StB 9 Cotta/westliche Ortschaften;StB 9 Cotta;15 Cotta, Löbtau, Naußlitz, Dölzschen;75 - 84 Jahre;600
2024;91 Cotta;StB 9 Cotta/westliche Ortschaften;StB 9 Cotta;15 Cotta, Löbtau, Naußlitz, Dölzschen;85 Jahre u.älter;212
2024;92 Löbtau-Nord;StB 9 Cotta/westliche Ortschaften;StB 9 Cotta;15 Cotta, Löbtau, Naußlitz, Dölzschen;00 - 02 Jahre;297
2024;92 Löbtau-Nord;StB 9 Cotta/westliche Ortschaften;StB 9 Cotta;15 Cotta, Löbtau, Naußlitz, Dölzschen;03 - 05 Jahre;321
2024;92 Löbtau-Nord;StB 9 Cotta/westliche Ortschaften;StB 9 Cotta;15 Cotta, Löbtau, Naußlitz, Dölzschen;06 - 09 Jahre;398
2024;92 Löbtau-Nord;StB 9 Cotta/westliche Ortschaften;StB 9 Cotta;15 Cotta, Löbtau, Naußlitz, Dölzschen;10 - 14 Jahre;377
2024;92 Löbtau-Nord;StB 9 Cotta/westliche Ortschaften;StB 9 Cotta;15 Cotta, Löbtau, Naußlitz, Dölzschen;15 - 17 Jahre;200
2024;92 Löbtau-Nord;StB 9 Cotta/westliche Ortschaften;StB 9 Cotta;15 Cotta, Löbtau, Naußlitz, Dölzschen;18 - 24 Jahre;1492
2024;92 Löbtau-Nord;StB 9 Cotta/westliche Ortschaften;StB 9 Cotta;15 Cotta, Löbtau, Naußlitz, Dölzschen;25 - 29 Jahre;1493
2024;92 Löbtau-Nord;StB 9 Cotta/westliche Ortschaften;StB 9 Cotta;15 Cotta, Löbtau, Naußlitz, Dölzschen;30 - 44 Jahre;2801
2024;92 Löbtau-Nord;StB 9 Cotta/westliche Ortschaften;StB 9 Cotta;15 Cotta, Löbtau, Naußlitz, Dölzschen;45 - 59 Jahre;1220
2024;92 Löbtau-Nord;StB 9 Cotta/westliche Ortschaften;StB 9 Cotta;15 Cotta, Löbtau, Naußlitz, Dölzschen;60 - 64 Jahre;338
2024;92 Löbtau-Nord;StB 9 Cotta/westliche Ortschaften;StB 9 Cotta;15 Cotta, Löbtau, Naußlitz, Dölzschen;65 - 74 Jahre;539
2024;92 Löbtau-Nord;StB 9 Cotta/westliche Ortschaften;StB 9 Cotta;15 Cotta, Löbtau, Naußlitz, Dölzschen;75 - 84 Jahre;287
2024;92 Löbtau-Nord;StB 9 Cotta/westliche Ortschaften;StB 9 Cotta;15 Cotta, Löbtau, Naußlitz, Dölzschen;85 Jahre u.älter;174
2024;93 Löbtau-Süd;StB 9 Cotta/westliche Ortschaften;StB 9 Cotta;15 Cotta, Löbtau, Naußlitz, Dölzschen;00 - 02 Jahre;330
2024;93 Löbtau-Süd;StB 9 Cotta/westliche Ortschaften;StB 9 Cotta;15 Cotta, Löbtau, Naußlitz, Dölzschen;03 - 05 Jahre;379
2024;93 Löbtau-Süd;StB 9 Cotta/westliche Ortschaften;StB 9 Cotta;15 Cotta, Löbtau, Naußlitz, Dölzschen;06 - 09 Jahre;437
2024;93 Löbtau-Süd;StB 9 Cotta/westliche Ortschaften;StB 9 Cotta;15 Cotta, Löbtau, Naußlitz, Dölzschen;10 - 14 Jahre;499
2024;93 Löbtau-Süd;StB 9 Cotta/westliche Ortschaften;StB 9 Cotta;15 Cotta, Löbtau, Naußlitz, Dölzschen;15 - 17 Jahre;273
2024;93 Löbtau-Süd;StB 9 Cotta/westliche Ortschaften;StB 9 Cotta;15 Cotta, Löbtau, Naußlitz, Dölzschen;18 - 24 Jahre;1537
2024;93 Löbtau-Süd;StB 9 Cotta/westliche Ortschaften;StB 9 Cotta;15 Cotta, Löbtau, Naußlitz, Dölzschen;25 - 29 Jahre;1569
2024;93 Löbtau-Süd;StB 9 Cotta/westliche Ortschaften;StB 9 Cotta;15 Cotta, Löbtau, Naußlitz, Dölzschen;30 - 44 Jahre;3342
2024;93 Löbtau-Süd;StB 9 Cotta/westliche Ortschaften;StB 9 Cotta;15 Cotta, Löbtau, Naußlitz, Dölzschen;45 - 59 Jahre;1570
2024;93 Löbtau-Süd;StB 9 Cotta/westliche Ortschaften;StB 9 Cotta;15 Cotta, Löbtau, Naußlitz, Dölzschen;60 - 64 Jahre;479
2024;93 Löbtau-Süd;StB 9 Cotta/westliche Ortschaften;StB 9 Cotta;15 Cotta, Löbtau, Naußlitz, Dölzschen;65 - 74 Jahre;724
2024;93 Löbtau-Süd;StB 9 Cotta/westliche Ortschaften;StB 9 Cotta;15 Cotta, Löbtau, Naußlitz, Dölzschen;75 - 84 Jahre;434
2024;93 Löbtau-Süd;StB 9 Cotta/westliche Ortschaften;StB 9 Cotta;15 Cotta, Löbtau, Naußlitz, Dölzschen;85 Jahre u.älter;208
2024;94 Naußlitz;StB 9 Cotta/westliche Ortschaften;StB 9 Cotta;15 Cotta, Löbtau, Naußlitz, Dölzschen;00 - 02 Jahre;160
2024;94 Naußlitz;StB 9 Cotta/westliche Ortschaften;StB 9 Cotta;15 Cotta, Löbtau, Naußlitz, Dölzschen;03 - 05 Jahre;254
2024;94 Naußlitz;StB 9 Cotta/westliche Ortschaften;StB 9 Cotta;15 Cotta, Löbtau, Naußlitz, Dölzschen;06 - 09 Jahre;396
2024;94 Naußlitz;StB 9 Cotta/westliche Ortschaften;StB 9 Cotta;15 Cotta, Löbtau, Naußlitz, Dölzschen;10 - 14 Jahre;491
2024;94 Naußlitz;StB 9 Cotta/westliche Ortschaften;StB 9 Cotta;15 Cotta, Löbtau, Naußlitz, Dölzschen;15 - 17 Jahre;279
2024;94 Naußlitz;StB 9 Cotta/westliche Ortschaften;StB 9 Cotta;15 Cotta, Löbtau, Naußlitz, Dölzschen;18 - 24 Jahre;666
2024;94 Naußlitz;StB 9 Cotta/westliche Ortschaften;StB 9 Cotta;15 Cotta, Löbtau, Naußlitz, Dölzschen;25 - 29 Jahre;483
2024;94 Naußlitz;StB 9 Cotta/westliche Ortschaften;StB 9 Cotta;15 Cotta, Löbtau, Naußlitz, Dölzschen;30 - 44 Jahre;1917
2024;94 Naußlitz;StB 9 Cotta/westliche Ortschaften;StB 9 Cotta;15 Cotta, Löbtau, Naußlitz, Dölzschen;45 - 59 Jahre;1894
2024;94 Naußlitz;StB 9 Cotta/westliche Ortschaften;StB 9 Cotta;15 Cotta, Löbtau, Naußlitz, Dölzschen;60 - 64 Jahre;764
2024;94 Naußlitz;StB 9 Cotta/westliche Ortschaften;StB 9 Cotta;15 Cotta, Löbtau, Naußlitz, Dölzschen;65 - 74 Jahre;1153
2024;94 Naußlitz;StB 9 Cotta/westliche Ortschaften;StB 9 Cotta;15 Cotta, Löbtau, Naußlitz, Dölzschen;75 - 84 Jahre;760
2024;94 Naußlitz;StB 9 Cotta/westliche Ortschaften;StB 9 Cotta;15 Cotta, Löbtau, Naußlitz, Dölzschen;85 Jahre u.älter;267
2024;95 Gorbitz-Süd;StB 9 Cotta/westliche Ortschaften;StB 9 Cotta;16 Gorbitz;00 - 02 Jahre;202
2024;95 Gorbitz-Süd;StB 9 Cotta/westliche Ortschaften;StB 9 Cotta;16 Gorbitz;03 - 05 Jahre;253
2024;95 Gorbitz-Süd;StB 9 Cotta/westliche Ortschaften;StB 9 Cotta;16 Gorbitz;06 - 09 Jahre;370
2024;95 Gorbitz-Süd;StB 9 Cotta/westliche Ortschaften;StB 9 Cotta;16 Gorbitz;10 - 14 Jahre;482
2024;95 Gorbitz-Süd;StB 9 Cotta/westliche Ortschaften;StB 9 Cotta;16 Gorbitz;15 - 17 Jahre;315
2024;95 Gorbitz-Süd;StB 9 Cotta/westliche Ortschaften;StB 9 Cotta;16 Gorbitz;18 - 24 Jahre;945
2024;95 Gorbitz-Süd;StB 9 Cotta/westliche Ortschaften;StB 9 Cotta;16 Gorbitz;25 - 29 Jahre;660
2024;95 Gorbitz-Süd;StB 9 Cotta/westliche Ortschaften;StB 9 Cotta;16 Gorbitz;30 - 44 Jahre;1982
2024;95 Gorbitz-Süd;StB 9 Cotta/westliche Ortschaften;StB 9 Cotta;16 Gorbitz;45 - 59 Jahre;1273
2024;95 Gorbitz-Süd;StB 9 Cotta/westliche Ortschaften;StB 9 Cotta;16 Gorbitz;60 - 64 Jahre;502
2024;95 Gorbitz-Süd;StB 9 Cotta/westliche Ortschaften;StB 9 Cotta;16 Gorbitz;65 - 74 Jahre;1143
2024;95 Gorbitz-Süd;StB 9 Cotta/westliche Ortschaften;StB 9 Cotta;16 Gorbitz;75 - 84 Jahre;604
2024;95 Gorbitz-Süd;StB 9 Cotta/westliche Ortschaften;StB 9 Cotta;16 Gorbitz;85 Jahre u.älter;281
2024;96 Gorbitz-Ost;StB 9 Cotta/westliche Ortschaften;StB 9 Cotta;16 Gorbitz;00 - 02 Jahre;109
2024;96 Gorbitz-Ost;StB 9 Cotta/westliche Ortschaften;StB 9 Cotta;16 Gorbitz;03 - 05 Jahre;148
2024;96 Gorbitz-Ost;StB 9 Cotta/westliche Ortschaften;StB 9 Cotta;16 Gorbitz;06 - 09 Jahre;261
2024;96 Gorbitz-Ost;StB 9 Cotta/westliche Ortschaften;StB 9 Cotta;16 Gorbitz;10 - 14 Jahre;323
2024;96 Gorbitz-Ost;StB 9 Cotta/westliche Ortschaften;StB 9 Cotta;16 Gorbitz;15 - 17 Jahre;191
2024;96 Gorbitz-Ost;StB 9 Cotta/westliche Ortschaften;StB 9 Cotta;16 Gorbitz;18 - 24 Jahre;577
2024;96 Gorbitz-Ost;StB 9 Cotta/westliche Ortschaften;StB 9 Cotta;16 Gorbitz;25 - 29 Jahre;401
2024;96 Gorbitz-Ost;StB 9 Cotta/westliche Ortschaften;StB 9 Cotta;16 Gorbitz;30 - 44 Jahre;1246
2024;96 Gorbitz-Ost;StB 9 Cotta/westliche Ortschaften;StB 9 Cotta;16 Gorbitz;45 - 59 Jahre;845
2024;96 Gorbitz-Ost;StB 9 Cotta/westliche Ortschaften;StB 9 Cotta;16 Gorbitz;60 - 64 Jahre;385
2024;96 Gorbitz-Ost;StB 9 Cotta/westliche Ortschaften;StB 9 Cotta;16 Gorbitz;65 - 74 Jahre;1012
2024;96 Gorbitz-Ost;StB 9 Cotta/westliche Ortschaften;StB 9 Cotta;16 Gorbitz;75 - 84 Jahre;616
2024;96 Gorbitz-Ost;StB 9 Cotta/westliche Ortschaften;StB 9 Cotta;16 Gorbitz;85 Jahre u.älter;309
2024;97 Gorbitz-Nord/Neu-Omsewitz;StB 9 Cotta/westliche Ortschaften;StB 9 Cotta;16 Gorbitz;00 - 02 Jahre;202
2024;97 Gorbitz-Nord/Neu-Omsewitz;StB 9 Cotta/westliche Ortschaften;StB 9 Cotta;16 Gorbitz;03 - 05 Jahre;251
2024;97 Gorbitz-Nord/Neu-Omsewitz;StB 9 Cotta/westliche Ortschaften;StB 9 Cotta;16 Gorbitz;06 - 09 Jahre;347
2024;97 Gorbitz-Nord/Neu-Omsewitz;StB 9 Cotta/westliche Ortschaften;StB 9 Cotta;16 Gorbitz;10 - 14 Jahre;391
2024;97 Gorbitz-Nord/Neu-Omsewitz;StB 9 Cotta/westliche Ortschaften;StB 9 Cotta;16 Gorbitz;15 - 17 Jahre;216
2024;97 Gorbitz-Nord/Neu-Omsewitz;StB 9 Cotta/westliche Ortschaften;StB 9 Cotta;16 Gorbitz;18 - 24 Jahre;647
2024;97 Gorbitz-Nord/Neu-Omsewitz;StB 9 Cotta/westliche Ortschaften;StB 9 Cotta;16 Gorbitz;25 - 29 Jahre;426
2024;97 Gorbitz-Nord/Neu-Omsewitz;StB 9 Cotta/westliche Ortschaften;StB 9 Cotta;16 Gorbitz;30 - 44 Jahre;1476
2024;97 Gorbitz-Nord/Neu-Omsewitz;StB 9 Cotta/westliche Ortschaften;StB 9 Cotta;16 Gorbitz;45 - 59 Jahre;947
2024;97 Gorbitz-Nord/Neu-Omsewitz;StB 9 Cotta/westliche Ortschaften;StB 9 Cotta;16 Gorbitz;60 - 64 Jahre;470
2024;97 Gorbitz-Nord/Neu-Omsewitz;StB 9 Cotta/westliche Ortschaften;StB 9 Cotta;16 Gorbitz;65 - 74 Jahre;971
2024;97 Gorbitz-Nord/Neu-Omsewitz;StB 9 Cotta/westliche Ortschaften;StB 9 Cotta;16 Gorbitz;75 - 84 Jahre;369
2024;97 Gorbitz-Nord/Neu-Omsewitz;StB 9 Cotta/westliche Ortschaften;StB 9 Cotta;16 Gorbitz;85 Jahre u.älter;124
2024;98 Briesnitz;StB 9 Cotta/westliche Ortschaften;StB 9 Cotta;17 Briesnitz und westliche OS;00 - 02 Jahre;203
2024;98 Briesnitz;StB 9 Cotta/westliche Ortschaften;StB 9 Cotta;17 Briesnitz und westliche OS;03 - 05 Jahre;292
2024;98 Briesnitz;StB 9 Cotta/westliche Ortschaften;StB 9 Cotta;17 Briesnitz und westliche OS;06 - 09 Jahre;487
2024;98 Briesnitz;StB 9 Cotta/westliche Ortschaften;StB 9 Cotta;17 Briesnitz und westliche OS;10 - 14 Jahre;662
2024;98 Briesnitz;StB 9 Cotta/westliche Ortschaften;StB 9 Cotta;17 Briesnitz und westliche OS;15 - 17 Jahre;348
2024;98 Briesnitz;StB 9 Cotta/westliche Ortschaften;StB 9 Cotta;17 Briesnitz und westliche OS;18 - 24 Jahre;713
2024;98 Briesnitz;StB 9 Cotta/westliche Ortschaften;StB 9 Cotta;17 Briesnitz und westliche OS;25 - 29 Jahre;388
2024;98 Briesnitz;StB 9 Cotta/westliche Ortschaften;StB 9 Cotta;17 Briesnitz und westliche OS;30 - 44 Jahre;2161
2024;98 Briesnitz;StB 9 Cotta/westliche Ortschaften;StB 9 Cotta;17 Briesnitz und westliche OS;45 - 59 Jahre;2481
2024;98 Briesnitz;StB 9 Cotta/westliche Ortschaften;StB 9 Cotta;17 Briesnitz und westliche OS;60 - 64 Jahre;856
2024;98 Briesnitz;StB 9 Cotta/westliche Ortschaften;StB 9 Cotta;17 Briesnitz und westliche OS;65 - 74 Jahre;1392
2024;98 Briesnitz;StB 9 Cotta/westliche Ortschaften;StB 9 Cotta;17 Briesnitz und westliche OS;75 - 84 Jahre;916
2024;98 Briesnitz;StB 9 Cotta/westliche Ortschaften;StB 9 Cotta;17 Briesnitz und westliche OS;85 Jahre u.älter;365
2024;99 Altfranken/Gompitz;StB 9 Cotta/westliche Ortschaften;OS Altfranken;17 Briesnitz und westliche OS;00 - 02 Jahre;17
2024;99 Altfranken/Gompitz;StB 9 Cotta/westliche Ortschaften;OS Altfranken;17 Briesnitz und westliche OS;03 - 05 Jahre;18
2024;99 Altfranken/Gompitz;StB 9 Cotta/westliche Ortschaften;OS Altfranken;17 Briesnitz und westliche OS;06 - 09 Jahre;43
2024;99 Altfranken/Gompitz;StB 9 Cotta/westliche Ortschaften;OS Altfranken;17 Briesnitz und westliche OS;10 - 14 Jahre;74
2024;99 Altfranken/Gompitz;StB 9 Cotta/westliche Ortschaften;OS Altfranken;17 Briesnitz und westliche OS;15 - 17 Jahre;38
2024;99 Altfranken/Gompitz;StB 9 Cotta/westliche Ortschaften;OS Altfranken;17 Briesnitz und westliche OS;18 - 24 Jahre;54
2024;99 Altfranken/Gompitz;StB 9 Cotta/westliche Ortschaften;OS Altfranken;17 Briesnitz und westliche OS;25 - 29 Jahre;13
2024;99 Altfranken/Gompitz;StB 9 Cotta/westliche Ortschaften;OS Altfranken;17 Briesnitz und westliche OS;30 - 44 Jahre;143
2024;99 Altfranken/Gompitz;StB 9 Cotta/westliche Ortschaften;OS Altfranken;17 Briesnitz und westliche OS;45 - 59 Jahre;277
2024;99 Altfranken/Gompitz;StB 9 Cotta/westliche Ortschaften;OS Altfranken;17 Briesnitz und westliche OS;60 - 64 Jahre;122
2024;99 Altfranken/Gompitz;StB 9 Cotta/westliche Ortschaften;OS Altfranken;17 Briesnitz und westliche OS;65 - 74 Jahre;198
2024;99 Altfranken/Gompitz;StB 9 Cotta/westliche Ortschaften;OS Altfranken;17 Briesnitz und westliche OS;75 - 84 Jahre;81
2024;99 Altfranken/Gompitz;StB 9 Cotta/westliche Ortschaften;OS Altfranken;17 Briesnitz und westliche OS;85 Jahre u.älter;17
2024;99 Altfranken/Gompitz;StB 9 Cotta/westliche Ortschaften;OS Gompitz;17 Briesnitz und westliche OS;00 - 02 Jahre;46
2024;99 Altfranken/Gompitz;StB 9 Cotta/westliche Ortschaften;OS Gompitz;17 Briesnitz und westliche OS;03 - 05 Jahre;81
2024;99 Altfranken/Gompitz;StB 9 Cotta/westliche Ortschaften;OS Gompitz;17 Briesnitz und westliche OS;06 - 09 Jahre;121
2024;99 Altfranken/Gompitz;StB 9 Cotta/westliche Ortschaften;OS Gompitz;17 Briesnitz und westliche OS;10 - 14 Jahre;200
2024;99 Altfranken/Gompitz;StB 9 Cotta/westliche Ortschaften;OS Gompitz;17 Briesnitz und westliche OS;15 - 17 Jahre;121
2024;99 Altfranken/Gompitz;StB 9 Cotta/westliche Ortschaften;OS Gompitz;17 Briesnitz und westliche OS;18 - 24 Jahre;154
2024;99 Altfranken/Gompitz;StB 9 Cotta/westliche Ortschaften;OS Gompitz;17 Briesnitz und westliche OS;25 - 29 Jahre;58
2024;99 Altfranken/Gompitz;StB 9 Cotta/westliche Ortschaften;OS Gompitz;17 Briesnitz und westliche OS;30 - 44 Jahre;513
2024;99 Altfranken/Gompitz;StB 9 Cotta/westliche Ortschaften;OS Gompitz;17 Briesnitz und westliche OS;45 - 59 Jahre;701
2024;99 Altfranken/Gompitz;StB 9 Cotta/westliche Ortschaften;OS Gompitz;17 Briesnitz und westliche OS;60 - 64 Jahre;305
2024;99 Altfranken/Gompitz;StB 9 Cotta/westliche Ortschaften;OS Gompitz;17 Briesnitz und westliche OS;65 - 74 Jahre;540
2024;99 Altfranken/Gompitz;StB 9 Cotta/westliche Ortschaften;OS Gompitz;17 Briesnitz und westliche OS;75 - 84 Jahre;297
2024;99 Altfranken/Gompitz;StB 9 Cotta/westliche Ortschaften;OS Gompitz;17 Briesnitz und westliche OS;85 Jahre u.älter;108
