Jahr;Stadtteil zus.;Stadtbezirk mit zugeordneten Ortschaften;Stadtraum;AltK_05D__-24-44-59-64-;Geschlecht;Anzahl Einwohner
2025;01 Innere Altstadt;StB 0 Altstadt;01 StB Altstadt ohne Johannstadt;bis 24 Jahre;männlich;82
2025;01 Innere Altstadt;StB 0 Altstadt;01 StB Altstadt ohne Johannstadt;bis 24 Jahre;weiblich;82
2025;01 Innere Altstadt;StB 0 Altstadt;01 StB Altstadt ohne Johannstadt;25 - 44 Jahre;männlich;365
2025;01 Innere Altstadt;StB 0 Altstadt;01 StB Altstadt ohne Johannstadt;25 - 44 Jahre;weiblich;212
2025;01 Innere Altstadt;StB 0 Altstadt;01 StB Altstadt ohne Johannstadt;45 - 59 Jahre;männlich;79
2025;01 Innere Altstadt;StB 0 Altstadt;01 StB Altstadt ohne Johannstadt;45 - 59 Jahre;weiblich;59
2025;01 Innere Altstadt;StB 0 Altstadt;01 StB Altstadt ohne Johannstadt;60 - 64 Jahre;männlich;26
2025;01 Innere Altstadt;StB 0 Altstadt;01 StB Altstadt ohne Johannstadt;60 - 64 Jahre;weiblich;23
2025;01 Innere Altstadt;StB 0 Altstadt;01 StB Altstadt ohne Johannstadt;65 Jahre u.älter;männlich;64
2025;01 Innere Altstadt;StB 0 Altstadt;01 StB Altstadt ohne Johannstadt;65 Jahre u.älter;weiblich;135
2025;02 Pirnaische Vorstadt;StB 0 Altstadt;01 StB Altstadt ohne Johannstadt;bis 24 Jahre;männlich;269
2025;02 Pirnaische Vorstadt;StB 0 Altstadt;01 StB Altstadt ohne Johannstadt;bis 24 Jahre;weiblich;275
2025;02 Pirnaische Vorstadt;StB 0 Altstadt;01 StB Altstadt ohne Johannstadt;25 - 44 Jahre;männlich;829
2025;02 Pirnaische Vorstadt;StB 0 Altstadt;01 StB Altstadt ohne Johannstadt;25 - 44 Jahre;weiblich;376
2025;02 Pirnaische Vorstadt;StB 0 Altstadt;01 StB Altstadt ohne Johannstadt;45 - 59 Jahre;männlich;186
2025;02 Pirnaische Vorstadt;StB 0 Altstadt;01 StB Altstadt ohne Johannstadt;45 - 59 Jahre;weiblich;135
2025;02 Pirnaische Vorstadt;StB 0 Altstadt;01 StB Altstadt ohne Johannstadt;60 - 64 Jahre;männlich;77
2025;02 Pirnaische Vorstadt;StB 0 Altstadt;01 StB Altstadt ohne Johannstadt;60 - 64 Jahre;weiblich;86
2025;02 Pirnaische Vorstadt;StB 0 Altstadt;01 StB Altstadt ohne Johannstadt;65 Jahre u.älter;männlich;207
2025;02 Pirnaische Vorstadt;StB 0 Altstadt;01 StB Altstadt ohne Johannstadt;65 Jahre u.älter;weiblich;521
2025;03 Seevorstadt-Ost;StB 0 Altstadt;01 StB Altstadt ohne Johannstadt;bis 24 Jahre;männlich;185
2025;03 Seevorstadt-Ost;StB 0 Altstadt;01 StB Altstadt ohne Johannstadt;bis 24 Jahre;weiblich;139
2025;03 Seevorstadt-Ost;StB 0 Altstadt;01 StB Altstadt ohne Johannstadt;25 - 44 Jahre;männlich;750
2025;03 Seevorstadt-Ost;StB 0 Altstadt;01 StB Altstadt ohne Johannstadt;25 - 44 Jahre;weiblich;311
2025;03 Seevorstadt-Ost;StB 0 Altstadt;01 StB Altstadt ohne Johannstadt;45 - 59 Jahre;männlich;261
2025;03 Seevorstadt-Ost;StB 0 Altstadt;01 StB Altstadt ohne Johannstadt;45 - 59 Jahre;weiblich;157
2025;03 Seevorstadt-Ost;StB 0 Altstadt;01 StB Altstadt ohne Johannstadt;60 - 64 Jahre;männlich;100
2025;03 Seevorstadt-Ost;StB 0 Altstadt;01 StB Altstadt ohne Johannstadt;60 - 64 Jahre;weiblich;91
2025;03 Seevorstadt-Ost;StB 0 Altstadt;01 StB Altstadt ohne Johannstadt;65 Jahre u.älter;männlich;250
2025;03 Seevorstadt-Ost;StB 0 Altstadt;01 StB Altstadt ohne Johannstadt;65 Jahre u.älter;weiblich;631
2025;04 Wilsdruffer Vs./Seevs.-West;StB 0 Altstadt;01 StB Altstadt ohne Johannstadt;bis 24 Jahre;männlich;264
2025;04 Wilsdruffer Vs./Seevs.-West;StB 0 Altstadt;01 StB Altstadt ohne Johannstadt;bis 24 Jahre;weiblich;268
2025;04 Wilsdruffer Vs./Seevs.-West;StB 0 Altstadt;01 StB Altstadt ohne Johannstadt;25 - 44 Jahre;männlich;1049
2025;04 Wilsdruffer Vs./Seevs.-West;StB 0 Altstadt;01 StB Altstadt ohne Johannstadt;25 - 44 Jahre;weiblich;608
2025;04 Wilsdruffer Vs./Seevs.-West;StB 0 Altstadt;01 StB Altstadt ohne Johannstadt;45 - 59 Jahre;männlich;302
2025;04 Wilsdruffer Vs./Seevs.-West;StB 0 Altstadt;01 StB Altstadt ohne Johannstadt;45 - 59 Jahre;weiblich;215
2025;04 Wilsdruffer Vs./Seevs.-West;StB 0 Altstadt;01 StB Altstadt ohne Johannstadt;60 - 64 Jahre;männlich;102
2025;04 Wilsdruffer Vs./Seevs.-West;StB 0 Altstadt;01 StB Altstadt ohne Johannstadt;60 - 64 Jahre;weiblich;139
2025;04 Wilsdruffer Vs./Seevs.-West;StB 0 Altstadt;01 StB Altstadt ohne Johannstadt;65 Jahre u.älter;männlich;339
2025;04 Wilsdruffer Vs./Seevs.-West;StB 0 Altstadt;01 StB Altstadt ohne Johannstadt;65 Jahre u.älter;weiblich;874
2025;05 Friedrichstadt;StB 0 Altstadt;01 StB Altstadt ohne Johannstadt;bis 24 Jahre;männlich;372
2025;05 Friedrichstadt;StB 0 Altstadt;01 StB Altstadt ohne Johannstadt;bis 24 Jahre;weiblich;376
2025;05 Friedrichstadt;StB 0 Altstadt;01 StB Altstadt ohne Johannstadt;25 - 44 Jahre;männlich;1289
2025;05 Friedrichstadt;StB 0 Altstadt;01 StB Altstadt ohne Johannstadt;25 - 44 Jahre;weiblich;639
2025;05 Friedrichstadt;StB 0 Altstadt;01 StB Altstadt ohne Johannstadt;45 - 59 Jahre;männlich;328
2025;05 Friedrichstadt;StB 0 Altstadt;01 StB Altstadt ohne Johannstadt;45 - 59 Jahre;weiblich;163
2025;05 Friedrichstadt;StB 0 Altstadt;01 StB Altstadt ohne Johannstadt;60 - 64 Jahre;männlich;99
2025;05 Friedrichstadt;StB 0 Altstadt;01 StB Altstadt ohne Johannstadt;60 - 64 Jahre;weiblich;54
2025;05 Friedrichstadt;StB 0 Altstadt;01 StB Altstadt ohne Johannstadt;65 Jahre u.älter;männlich;117
2025;05 Friedrichstadt;StB 0 Altstadt;01 StB Altstadt ohne Johannstadt;65 Jahre u.älter;weiblich;295
2025;06 Johannstadt-Nord;StB 0 Altstadt;02 Johannstadt;bis 24 Jahre;männlich;179
2025;06 Johannstadt-Nord;StB 0 Altstadt;02 Johannstadt;bis 24 Jahre;weiblich;283
2025;06 Johannstadt-Nord;StB 0 Altstadt;02 Johannstadt;25 - 44 Jahre;männlich;858
2025;06 Johannstadt-Nord;StB 0 Altstadt;02 Johannstadt;25 - 44 Jahre;weiblich;566
2025;06 Johannstadt-Nord;StB 0 Altstadt;02 Johannstadt;45 - 59 Jahre;männlich;334
2025;06 Johannstadt-Nord;StB 0 Altstadt;02 Johannstadt;45 - 59 Jahre;weiblich;215
2025;06 Johannstadt-Nord;StB 0 Altstadt;02 Johannstadt;60 - 64 Jahre;männlich;103
2025;06 Johannstadt-Nord;StB 0 Altstadt;02 Johannstadt;60 - 64 Jahre;weiblich;119
2025;06 Johannstadt-Nord;StB 0 Altstadt;02 Johannstadt;65 Jahre u.älter;männlich;303
2025;06 Johannstadt-Nord;StB 0 Altstadt;02 Johannstadt;65 Jahre u.älter;weiblich;771
2025;07 Johannstadt-Süd;StB 0 Altstadt;02 Johannstadt;bis 24 Jahre;männlich;169
2025;07 Johannstadt-Süd;StB 0 Altstadt;02 Johannstadt;bis 24 Jahre;weiblich;211
2025;07 Johannstadt-Süd;StB 0 Altstadt;02 Johannstadt;25 - 44 Jahre;männlich;779
2025;07 Johannstadt-Süd;StB 0 Altstadt;02 Johannstadt;25 - 44 Jahre;weiblich;423
2025;07 Johannstadt-Süd;StB 0 Altstadt;02 Johannstadt;45 - 59 Jahre;männlich;320
2025;07 Johannstadt-Süd;StB 0 Altstadt;02 Johannstadt;45 - 59 Jahre;weiblich;291
2025;07 Johannstadt-Süd;StB 0 Altstadt;02 Johannstadt;60 - 64 Jahre;männlich;107
2025;07 Johannstadt-Süd;StB 0 Altstadt;02 Johannstadt;60 - 64 Jahre;weiblich;196
2025;07 Johannstadt-Süd;StB 0 Altstadt;02 Johannstadt;65 Jahre u.älter;männlich;515
2025;07 Johannstadt-Süd;StB 0 Altstadt;02 Johannstadt;65 Jahre u.älter;weiblich;1635
2025;11 Äußere Neustadt (Antonstadt);StB 1 Neustadt;03 StB Neustadt ohne Leipziger Vorstadt;bis 24 Jahre;männlich;386
2025;11 Äußere Neustadt (Antonstadt);StB 1 Neustadt;03 StB Neustadt ohne Leipziger Vorstadt;bis 24 Jahre;weiblich;531
2025;11 Äußere Neustadt (Antonstadt);StB 1 Neustadt;03 StB Neustadt ohne Leipziger Vorstadt;25 - 44 Jahre;männlich;2461
2025;11 Äußere Neustadt (Antonstadt);StB 1 Neustadt;03 StB Neustadt ohne Leipziger Vorstadt;25 - 44 Jahre;weiblich;1738
2025;11 Äußere Neustadt (Antonstadt);StB 1 Neustadt;03 StB Neustadt ohne Leipziger Vorstadt;45 - 59 Jahre;männlich;950
2025;11 Äußere Neustadt (Antonstadt);StB 1 Neustadt;03 StB Neustadt ohne Leipziger Vorstadt;45 - 59 Jahre;weiblich;486
2025;11 Äußere Neustadt (Antonstadt);StB 1 Neustadt;03 StB Neustadt ohne Leipziger Vorstadt;60 - 64 Jahre;männlich;174
2025;11 Äußere Neustadt (Antonstadt);StB 1 Neustadt;03 StB Neustadt ohne Leipziger Vorstadt;60 - 64 Jahre;weiblich;137
2025;11 Äußere Neustadt (Antonstadt);StB 1 Neustadt;03 StB Neustadt ohne Leipziger Vorstadt;65 Jahre u.älter;männlich;188
2025;11 Äußere Neustadt (Antonstadt);StB 1 Neustadt;03 StB Neustadt ohne Leipziger Vorstadt;65 Jahre u.älter;weiblich;261
2025;12 Radeberger Vorstadt;StB 1 Neustadt;03 StB Neustadt ohne Leipziger Vorstadt;bis 24 Jahre;männlich;85
2025;12 Radeberger Vorstadt;StB 1 Neustadt;03 StB Neustadt ohne Leipziger Vorstadt;bis 24 Jahre;weiblich;88
2025;12 Radeberger Vorstadt;StB 1 Neustadt;03 StB Neustadt ohne Leipziger Vorstadt;25 - 44 Jahre;männlich;550
2025;12 Radeberger Vorstadt;StB 1 Neustadt;03 StB Neustadt ohne Leipziger Vorstadt;25 - 44 Jahre;weiblich;296
2025;12 Radeberger Vorstadt;StB 1 Neustadt;03 StB Neustadt ohne Leipziger Vorstadt;45 - 59 Jahre;männlich;407
2025;12 Radeberger Vorstadt;StB 1 Neustadt;03 StB Neustadt ohne Leipziger Vorstadt;45 - 59 Jahre;weiblich;243
2025;12 Radeberger Vorstadt;StB 1 Neustadt;03 StB Neustadt ohne Leipziger Vorstadt;60 - 64 Jahre;männlich;140
2025;12 Radeberger Vorstadt;StB 1 Neustadt;03 StB Neustadt ohne Leipziger Vorstadt;60 - 64 Jahre;weiblich;103
2025;12 Radeberger Vorstadt;StB 1 Neustadt;03 StB Neustadt ohne Leipziger Vorstadt;65 Jahre u.älter;männlich;186
2025;12 Radeberger Vorstadt;StB 1 Neustadt;03 StB Neustadt ohne Leipziger Vorstadt;65 Jahre u.älter;weiblich;353
2025;13 Innere Neustadt;StB 1 Neustadt;03 StB Neustadt ohne Leipziger Vorstadt;bis 24 Jahre;männlich;115
2025;13 Innere Neustadt;StB 1 Neustadt;03 StB Neustadt ohne Leipziger Vorstadt;bis 24 Jahre;weiblich;122
2025;13 Innere Neustadt;StB 1 Neustadt;03 StB Neustadt ohne Leipziger Vorstadt;25 - 44 Jahre;männlich;741
2025;13 Innere Neustadt;StB 1 Neustadt;03 StB Neustadt ohne Leipziger Vorstadt;25 - 44 Jahre;weiblich;429
2025;13 Innere Neustadt;StB 1 Neustadt;03 StB Neustadt ohne Leipziger Vorstadt;45 - 59 Jahre;männlich;329
2025;13 Innere Neustadt;StB 1 Neustadt;03 StB Neustadt ohne Leipziger Vorstadt;45 - 59 Jahre;weiblich;177
2025;13 Innere Neustadt;StB 1 Neustadt;03 StB Neustadt ohne Leipziger Vorstadt;60 - 64 Jahre;männlich;79
2025;13 Innere Neustadt;StB 1 Neustadt;03 StB Neustadt ohne Leipziger Vorstadt;60 - 64 Jahre;weiblich;99
2025;13 Innere Neustadt;StB 1 Neustadt;03 StB Neustadt ohne Leipziger Vorstadt;65 Jahre u.älter;männlich;192
2025;13 Innere Neustadt;StB 1 Neustadt;03 StB Neustadt ohne Leipziger Vorstadt;65 Jahre u.älter;weiblich;449
2025;14 Leipziger Vorstadt;StB 1 Neustadt;04 Leipziger Vorstadt, Pieschen;bis 24 Jahre;männlich;326
2025;14 Leipziger Vorstadt;StB 1 Neustadt;04 Leipziger Vorstadt, Pieschen;bis 24 Jahre;weiblich;403
2025;14 Leipziger Vorstadt;StB 1 Neustadt;04 Leipziger Vorstadt, Pieschen;25 - 44 Jahre;männlich;1575
2025;14 Leipziger Vorstadt;StB 1 Neustadt;04 Leipziger Vorstadt, Pieschen;25 - 44 Jahre;weiblich;1172
2025;14 Leipziger Vorstadt;StB 1 Neustadt;04 Leipziger Vorstadt, Pieschen;45 - 59 Jahre;männlich;643
2025;14 Leipziger Vorstadt;StB 1 Neustadt;04 Leipziger Vorstadt, Pieschen;45 - 59 Jahre;weiblich;314
2025;14 Leipziger Vorstadt;StB 1 Neustadt;04 Leipziger Vorstadt, Pieschen;60 - 64 Jahre;männlich;122
2025;14 Leipziger Vorstadt;StB 1 Neustadt;04 Leipziger Vorstadt, Pieschen;60 - 64 Jahre;weiblich;80
2025;14 Leipziger Vorstadt;StB 1 Neustadt;04 Leipziger Vorstadt, Pieschen;65 Jahre u.älter;männlich;170
2025;14 Leipziger Vorstadt;StB 1 Neustadt;04 Leipziger Vorstadt, Pieschen;65 Jahre u.älter;weiblich;268
2025;15 Albertstadt;StB 1 Neustadt;03 StB Neustadt ohne Leipziger Vorstadt;bis 24 Jahre;männlich;48
2025;15 Albertstadt;StB 1 Neustadt;03 StB Neustadt ohne Leipziger Vorstadt;bis 24 Jahre;weiblich;54
2025;15 Albertstadt;StB 1 Neustadt;03 StB Neustadt ohne Leipziger Vorstadt;25 - 44 Jahre;männlich;283
2025;15 Albertstadt;StB 1 Neustadt;03 StB Neustadt ohne Leipziger Vorstadt;25 - 44 Jahre;weiblich;158
2025;15 Albertstadt;StB 1 Neustadt;03 StB Neustadt ohne Leipziger Vorstadt;45 - 59 Jahre;männlich;156
2025;15 Albertstadt;StB 1 Neustadt;03 StB Neustadt ohne Leipziger Vorstadt;45 - 59 Jahre;weiblich;88
2025;15 Albertstadt;StB 1 Neustadt;03 StB Neustadt ohne Leipziger Vorstadt;60 - 64 Jahre;männlich;28
2025;15 Albertstadt;StB 1 Neustadt;03 StB Neustadt ohne Leipziger Vorstadt;60 - 64 Jahre;weiblich;21
2025;15 Albertstadt;StB 1 Neustadt;03 StB Neustadt ohne Leipziger Vorstadt;65 Jahre u.älter;männlich;42
2025;15 Albertstadt;StB 1 Neustadt;03 StB Neustadt ohne Leipziger Vorstadt;65 Jahre u.älter;weiblich;82
2025;21 Pieschen-Süd;StB 2 Pieschen;04 Leipziger Vorstadt, Pieschen;bis 24 Jahre;männlich;207
2025;21 Pieschen-Süd;StB 2 Pieschen;04 Leipziger Vorstadt, Pieschen;bis 24 Jahre;weiblich;302
2025;21 Pieschen-Süd;StB 2 Pieschen;04 Leipziger Vorstadt, Pieschen;25 - 44 Jahre;männlich;1355
2025;21 Pieschen-Süd;StB 2 Pieschen;04 Leipziger Vorstadt, Pieschen;25 - 44 Jahre;weiblich;857
2025;21 Pieschen-Süd;StB 2 Pieschen;04 Leipziger Vorstadt, Pieschen;45 - 59 Jahre;männlich;580
2025;21 Pieschen-Süd;StB 2 Pieschen;04 Leipziger Vorstadt, Pieschen;45 - 59 Jahre;weiblich;328
2025;21 Pieschen-Süd;StB 2 Pieschen;04 Leipziger Vorstadt, Pieschen;60 - 64 Jahre;männlich;153
2025;21 Pieschen-Süd;StB 2 Pieschen;04 Leipziger Vorstadt, Pieschen;60 - 64 Jahre;weiblich;122
2025;21 Pieschen-Süd;StB 2 Pieschen;04 Leipziger Vorstadt, Pieschen;65 Jahre u.älter;männlich;190
2025;21 Pieschen-Süd;StB 2 Pieschen;04 Leipziger Vorstadt, Pieschen;65 Jahre u.älter;weiblich;311
2025;22 Mickten;StB 2 Pieschen;05 Mickten, Kaditz, Trachau;bis 24 Jahre;männlich;207
2025;22 Mickten;StB 2 Pieschen;05 Mickten, Kaditz, Trachau;bis 24 Jahre;weiblich;211
2025;22 Mickten;StB 2 Pieschen;05 Mickten, Kaditz, Trachau;25 - 44 Jahre;männlich;1101
2025;22 Mickten;StB 2 Pieschen;05 Mickten, Kaditz, Trachau;25 - 44 Jahre;weiblich;639
2025;22 Mickten;StB 2 Pieschen;05 Mickten, Kaditz, Trachau;45 - 59 Jahre;männlich;595
2025;22 Mickten;StB 2 Pieschen;05 Mickten, Kaditz, Trachau;45 - 59 Jahre;weiblich;348
2025;22 Mickten;StB 2 Pieschen;05 Mickten, Kaditz, Trachau;60 - 64 Jahre;männlich;174
2025;22 Mickten;StB 2 Pieschen;05 Mickten, Kaditz, Trachau;60 - 64 Jahre;weiblich;155
2025;22 Mickten;StB 2 Pieschen;05 Mickten, Kaditz, Trachau;65 Jahre u.älter;männlich;313
2025;22 Mickten;StB 2 Pieschen;05 Mickten, Kaditz, Trachau;65 Jahre u.älter;weiblich;710
2025;23 Kaditz;StB 2 Pieschen;05 Mickten, Kaditz, Trachau;bis 24 Jahre;männlich;66
2025;23 Kaditz;StB 2 Pieschen;05 Mickten, Kaditz, Trachau;bis 24 Jahre;weiblich;75
2025;23 Kaditz;StB 2 Pieschen;05 Mickten, Kaditz, Trachau;25 - 44 Jahre;männlich;377
2025;23 Kaditz;StB 2 Pieschen;05 Mickten, Kaditz, Trachau;25 - 44 Jahre;weiblich;215
2025;23 Kaditz;StB 2 Pieschen;05 Mickten, Kaditz, Trachau;45 - 59 Jahre;männlich;249
2025;23 Kaditz;StB 2 Pieschen;05 Mickten, Kaditz, Trachau;45 - 59 Jahre;weiblich;150
2025;23 Kaditz;StB 2 Pieschen;05 Mickten, Kaditz, Trachau;60 - 64 Jahre;männlich;88
2025;23 Kaditz;StB 2 Pieschen;05 Mickten, Kaditz, Trachau;60 - 64 Jahre;weiblich;89
2025;23 Kaditz;StB 2 Pieschen;05 Mickten, Kaditz, Trachau;65 Jahre u.älter;männlich;146
2025;23 Kaditz;StB 2 Pieschen;05 Mickten, Kaditz, Trachau;65 Jahre u.älter;weiblich;305
2025;24 Trachau;StB 2 Pieschen;05 Mickten, Kaditz, Trachau;bis 24 Jahre;männlich;83
2025;24 Trachau;StB 2 Pieschen;05 Mickten, Kaditz, Trachau;bis 24 Jahre;weiblich;102
2025;24 Trachau;StB 2 Pieschen;05 Mickten, Kaditz, Trachau;25 - 44 Jahre;männlich;452
2025;24 Trachau;StB 2 Pieschen;05 Mickten, Kaditz, Trachau;25 - 44 Jahre;weiblich;265
2025;24 Trachau;StB 2 Pieschen;05 Mickten, Kaditz, Trachau;45 - 59 Jahre;männlich;373
2025;24 Trachau;StB 2 Pieschen;05 Mickten, Kaditz, Trachau;45 - 59 Jahre;weiblich;260
2025;24 Trachau;StB 2 Pieschen;05 Mickten, Kaditz, Trachau;60 - 64 Jahre;männlich;134
2025;24 Trachau;StB 2 Pieschen;05 Mickten, Kaditz, Trachau;60 - 64 Jahre;weiblich;140
2025;24 Trachau;StB 2 Pieschen;05 Mickten, Kaditz, Trachau;65 Jahre u.älter;männlich;258
2025;24 Trachau;StB 2 Pieschen;05 Mickten, Kaditz, Trachau;65 Jahre u.älter;weiblich;599
2025;25 Pieschen-N/Trachenberge;StB 2 Pieschen;04 Leipziger Vorstadt, Pieschen;bis 24 Jahre;männlich;191
2025;25 Pieschen-N/Trachenberge;StB 2 Pieschen;04 Leipziger Vorstadt, Pieschen;bis 24 Jahre;weiblich;218
2025;25 Pieschen-N/Trachenberge;StB 2 Pieschen;04 Leipziger Vorstadt, Pieschen;25 - 44 Jahre;männlich;1163
2025;25 Pieschen-N/Trachenberge;StB 2 Pieschen;04 Leipziger Vorstadt, Pieschen;25 - 44 Jahre;weiblich;636
2025;25 Pieschen-N/Trachenberge;StB 2 Pieschen;04 Leipziger Vorstadt, Pieschen;45 - 59 Jahre;männlich;542
2025;25 Pieschen-N/Trachenberge;StB 2 Pieschen;04 Leipziger Vorstadt, Pieschen;45 - 59 Jahre;weiblich;325
2025;25 Pieschen-N/Trachenberge;StB 2 Pieschen;04 Leipziger Vorstadt, Pieschen;60 - 64 Jahre;männlich;168
2025;25 Pieschen-N/Trachenberge;StB 2 Pieschen;04 Leipziger Vorstadt, Pieschen;60 - 64 Jahre;weiblich;138
2025;25 Pieschen-N/Trachenberge;StB 2 Pieschen;04 Leipziger Vorstadt, Pieschen;65 Jahre u.älter;männlich;274
2025;25 Pieschen-N/Trachenberge;StB 2 Pieschen;04 Leipziger Vorstadt, Pieschen;65 Jahre u.älter;weiblich;547
2025;31 Klotzsche;StB 3 Klotzsche/nördliche Ortschaften;06 StB Klotzsche und nördliche OS;bis 24 Jahre;männlich;147
2025;31 Klotzsche;StB 3 Klotzsche/nördliche Ortschaften;06 StB Klotzsche und nördliche OS;bis 24 Jahre;weiblich;86
2025;31 Klotzsche;StB 3 Klotzsche/nördliche Ortschaften;06 StB Klotzsche und nördliche OS;25 - 44 Jahre;männlich;620
2025;31 Klotzsche;StB 3 Klotzsche/nördliche Ortschaften;06 StB Klotzsche und nördliche OS;25 - 44 Jahre;weiblich;242
2025;31 Klotzsche;StB 3 Klotzsche/nördliche Ortschaften;06 StB Klotzsche und nördliche OS;45 - 59 Jahre;männlich;492
2025;31 Klotzsche;StB 3 Klotzsche/nördliche Ortschaften;06 StB Klotzsche und nördliche OS;45 - 59 Jahre;weiblich;299
2025;31 Klotzsche;StB 3 Klotzsche/nördliche Ortschaften;06 StB Klotzsche und nördliche OS;60 - 64 Jahre;männlich;167
2025;31 Klotzsche;StB 3 Klotzsche/nördliche Ortschaften;06 StB Klotzsche und nördliche OS;60 - 64 Jahre;weiblich;172
2025;31 Klotzsche;StB 3 Klotzsche/nördliche Ortschaften;06 StB Klotzsche und nördliche OS;65 Jahre u.älter;männlich;436
2025;31 Klotzsche;StB 3 Klotzsche/nördliche Ortschaften;06 StB Klotzsche und nördliche OS;65 Jahre u.älter;weiblich;939
2025;32 Hellerau/Wilschdorf;StB 3 Klotzsche/nördliche Ortschaften;06 StB Klotzsche und nördliche OS;bis 24 Jahre;männlich;32
2025;32 Hellerau/Wilschdorf;StB 3 Klotzsche/nördliche Ortschaften;06 StB Klotzsche und nördliche OS;bis 24 Jahre;weiblich;25
2025;32 Hellerau/Wilschdorf;StB 3 Klotzsche/nördliche Ortschaften;06 StB Klotzsche und nördliche OS;25 - 44 Jahre;männlich;112
2025;32 Hellerau/Wilschdorf;StB 3 Klotzsche/nördliche Ortschaften;06 StB Klotzsche und nördliche OS;25 - 44 Jahre;weiblich;54
2025;32 Hellerau/Wilschdorf;StB 3 Klotzsche/nördliche Ortschaften;06 StB Klotzsche und nördliche OS;45 - 59 Jahre;männlich;171
2025;32 Hellerau/Wilschdorf;StB 3 Klotzsche/nördliche Ortschaften;06 StB Klotzsche und nördliche OS;45 - 59 Jahre;weiblich;114
2025;32 Hellerau/Wilschdorf;StB 3 Klotzsche/nördliche Ortschaften;06 StB Klotzsche und nördliche OS;60 - 64 Jahre;männlich;68
2025;32 Hellerau/Wilschdorf;StB 3 Klotzsche/nördliche Ortschaften;06 StB Klotzsche und nördliche OS;60 - 64 Jahre;weiblich;57
2025;32 Hellerau/Wilschdorf;StB 3 Klotzsche/nördliche Ortschaften;06 StB Klotzsche und nördliche OS;65 Jahre u.älter;männlich;142
2025;32 Hellerau/Wilschdorf;StB 3 Klotzsche/nördliche Ortschaften;06 StB Klotzsche und nördliche OS;65 Jahre u.älter;weiblich;246
2025;35 Weixdorf;StB 3 Klotzsche/nördliche Ortschaften;06 StB Klotzsche und nördliche OS;bis 24 Jahre;männlich;19
2025;35 Weixdorf;StB 3 Klotzsche/nördliche Ortschaften;06 StB Klotzsche und nördliche OS;bis 24 Jahre;weiblich;22
2025;35 Weixdorf;StB 3 Klotzsche/nördliche Ortschaften;06 StB Klotzsche und nördliche OS;25 - 44 Jahre;männlich;84
2025;35 Weixdorf;StB 3 Klotzsche/nördliche Ortschaften;06 StB Klotzsche und nördliche OS;25 - 44 Jahre;weiblich;42
2025;35 Weixdorf;StB 3 Klotzsche/nördliche Ortschaften;06 StB Klotzsche und nördliche OS;45 - 59 Jahre;männlich;115
2025;35 Weixdorf;StB 3 Klotzsche/nördliche Ortschaften;06 StB Klotzsche und nördliche OS;45 - 59 Jahre;weiblich;66
2025;35 Weixdorf;StB 3 Klotzsche/nördliche Ortschaften;06 StB Klotzsche und nördliche OS;60 - 64 Jahre;männlich;50
2025;35 Weixdorf;StB 3 Klotzsche/nördliche Ortschaften;06 StB Klotzsche und nördliche OS;60 - 64 Jahre;weiblich;48
2025;35 Weixdorf;StB 3 Klotzsche/nördliche Ortschaften;06 StB Klotzsche und nördliche OS;65 Jahre u.älter;männlich;99
2025;35 Weixdorf;StB 3 Klotzsche/nördliche Ortschaften;06 StB Klotzsche und nördliche OS;65 Jahre u.älter;weiblich;220
2025;36 Langebrück/Schönborn;StB 3 Klotzsche/nördliche Ortschaften;06 StB Klotzsche und nördliche OS;bis 24 Jahre;männlich;24
2025;36 Langebrück/Schönborn;StB 3 Klotzsche/nördliche Ortschaften;06 StB Klotzsche und nördliche OS;bis 24 Jahre;weiblich;14
2025;36 Langebrück/Schönborn;StB 3 Klotzsche/nördliche Ortschaften;06 StB Klotzsche und nördliche OS;25 - 44 Jahre;männlich;76
2025;36 Langebrück/Schönborn;StB 3 Klotzsche/nördliche Ortschaften;06 StB Klotzsche und nördliche OS;25 - 44 Jahre;weiblich;40
2025;36 Langebrück/Schönborn;StB 3 Klotzsche/nördliche Ortschaften;06 StB Klotzsche und nördliche OS;45 - 59 Jahre;männlich;93
2025;36 Langebrück/Schönborn;StB 3 Klotzsche/nördliche Ortschaften;06 StB Klotzsche und nördliche OS;45 - 59 Jahre;weiblich;55
2025;36 Langebrück/Schönborn;StB 3 Klotzsche/nördliche Ortschaften;06 StB Klotzsche und nördliche OS;60 - 64 Jahre;männlich;35
2025;36 Langebrück/Schönborn;StB 3 Klotzsche/nördliche Ortschaften;06 StB Klotzsche und nördliche OS;60 - 64 Jahre;weiblich;29
2025;36 Langebrück/Schönborn;StB 3 Klotzsche/nördliche Ortschaften;06 StB Klotzsche und nördliche OS;65 Jahre u.älter;männlich;83
2025;36 Langebrück/Schönborn;StB 3 Klotzsche/nördliche Ortschaften;06 StB Klotzsche und nördliche OS;65 Jahre u.älter;weiblich;154
2025;41 Loschwitz/Wachwitz;StB 4 Loschwitz/OS Schönfeld-Weißig;07 StB Loschwitz und OS Schönfeld-Weißig;bis 24 Jahre;männlich;25
2025;41 Loschwitz/Wachwitz;StB 4 Loschwitz/OS Schönfeld-Weißig;07 StB Loschwitz und OS Schönfeld-Weißig;bis 24 Jahre;weiblich;29
2025;41 Loschwitz/Wachwitz;StB 4 Loschwitz/OS Schönfeld-Weißig;07 StB Loschwitz und OS Schönfeld-Weißig;25 - 44 Jahre;männlich;104
2025;41 Loschwitz/Wachwitz;StB 4 Loschwitz/OS Schönfeld-Weißig;07 StB Loschwitz und OS Schönfeld-Weißig;25 - 44 Jahre;weiblich;80
2025;41 Loschwitz/Wachwitz;StB 4 Loschwitz/OS Schönfeld-Weißig;07 StB Loschwitz und OS Schönfeld-Weißig;45 - 59 Jahre;männlich;146
2025;41 Loschwitz/Wachwitz;StB 4 Loschwitz/OS Schönfeld-Weißig;07 StB Loschwitz und OS Schönfeld-Weißig;45 - 59 Jahre;weiblich;143
2025;41 Loschwitz/Wachwitz;StB 4 Loschwitz/OS Schönfeld-Weißig;07 StB Loschwitz und OS Schönfeld-Weißig;60 - 64 Jahre;männlich;78
2025;41 Loschwitz/Wachwitz;StB 4 Loschwitz/OS Schönfeld-Weißig;07 StB Loschwitz und OS Schönfeld-Weißig;60 - 64 Jahre;weiblich;87
2025;41 Loschwitz/Wachwitz;StB 4 Loschwitz/OS Schönfeld-Weißig;07 StB Loschwitz und OS Schönfeld-Weißig;65 Jahre u.älter;männlich;163
2025;41 Loschwitz/Wachwitz;StB 4 Loschwitz/OS Schönfeld-Weißig;07 StB Loschwitz und OS Schönfeld-Weißig;65 Jahre u.älter;weiblich;277
2025;42 Bühlau/Weißer Hirsch;StB 4 Loschwitz/OS Schönfeld-Weißig;07 StB Loschwitz und OS Schönfeld-Weißig;bis 24 Jahre;männlich;53
2025;42 Bühlau/Weißer Hirsch;StB 4 Loschwitz/OS Schönfeld-Weißig;07 StB Loschwitz und OS Schönfeld-Weißig;bis 24 Jahre;weiblich;49
2025;42 Bühlau/Weißer Hirsch;StB 4 Loschwitz/OS Schönfeld-Weißig;07 StB Loschwitz und OS Schönfeld-Weißig;25 - 44 Jahre;männlich;255
2025;42 Bühlau/Weißer Hirsch;StB 4 Loschwitz/OS Schönfeld-Weißig;07 StB Loschwitz und OS Schönfeld-Weißig;25 - 44 Jahre;weiblich;159
2025;42 Bühlau/Weißer Hirsch;StB 4 Loschwitz/OS Schönfeld-Weißig;07 StB Loschwitz und OS Schönfeld-Weißig;45 - 59 Jahre;männlich;308
2025;42 Bühlau/Weißer Hirsch;StB 4 Loschwitz/OS Schönfeld-Weißig;07 StB Loschwitz und OS Schönfeld-Weißig;45 - 59 Jahre;weiblich;234
2025;42 Bühlau/Weißer Hirsch;StB 4 Loschwitz/OS Schönfeld-Weißig;07 StB Loschwitz und OS Schönfeld-Weißig;60 - 64 Jahre;männlich;107
2025;42 Bühlau/Weißer Hirsch;StB 4 Loschwitz/OS Schönfeld-Weißig;07 StB Loschwitz und OS Schönfeld-Weißig;60 - 64 Jahre;weiblich;126
2025;42 Bühlau/Weißer Hirsch;StB 4 Loschwitz/OS Schönfeld-Weißig;07 StB Loschwitz und OS Schönfeld-Weißig;65 Jahre u.älter;männlich;246
2025;42 Bühlau/Weißer Hirsch;StB 4 Loschwitz/OS Schönfeld-Weißig;07 StB Loschwitz und OS Schönfeld-Weißig;65 Jahre u.älter;weiblich;600
2025;43 Hosterwitz/Pillnitz;StB 4 Loschwitz/OS Schönfeld-Weißig;07 StB Loschwitz und OS Schönfeld-Weißig;bis 24 Jahre;männlich;12
2025;43 Hosterwitz/Pillnitz;StB 4 Loschwitz/OS Schönfeld-Weißig;07 StB Loschwitz und OS Schönfeld-Weißig;bis 24 Jahre;weiblich;9
2025;43 Hosterwitz/Pillnitz;StB 4 Loschwitz/OS Schönfeld-Weißig;07 StB Loschwitz und OS Schönfeld-Weißig;25 - 44 Jahre;männlich;55
2025;43 Hosterwitz/Pillnitz;StB 4 Loschwitz/OS Schönfeld-Weißig;07 StB Loschwitz und OS Schönfeld-Weißig;25 - 44 Jahre;weiblich;42
2025;43 Hosterwitz/Pillnitz;StB 4 Loschwitz/OS Schönfeld-Weißig;07 StB Loschwitz und OS Schönfeld-Weißig;45 - 59 Jahre;männlich;92
2025;43 Hosterwitz/Pillnitz;StB 4 Loschwitz/OS Schönfeld-Weißig;07 StB Loschwitz und OS Schönfeld-Weißig;45 - 59 Jahre;weiblich;66
2025;43 Hosterwitz/Pillnitz;StB 4 Loschwitz/OS Schönfeld-Weißig;07 StB Loschwitz und OS Schönfeld-Weißig;60 - 64 Jahre;männlich;37
2025;43 Hosterwitz/Pillnitz;StB 4 Loschwitz/OS Schönfeld-Weißig;07 StB Loschwitz und OS Schönfeld-Weißig;60 - 64 Jahre;weiblich;33
2025;43 Hosterwitz/Pillnitz;StB 4 Loschwitz/OS Schönfeld-Weißig;07 StB Loschwitz und OS Schönfeld-Weißig;65 Jahre u.älter;männlich;84
2025;43 Hosterwitz/Pillnitz;StB 4 Loschwitz/OS Schönfeld-Weißig;07 StB Loschwitz und OS Schönfeld-Weißig;65 Jahre u.älter;weiblich;182
2025;45 Weißig;StB 4 Loschwitz/OS Schönfeld-Weißig;07 StB Loschwitz und OS Schönfeld-Weißig;bis 24 Jahre;männlich;65
2025;45 Weißig;StB 4 Loschwitz/OS Schönfeld-Weißig;07 StB Loschwitz und OS Schönfeld-Weißig;bis 24 Jahre;weiblich;53
2025;45 Weißig;StB 4 Loschwitz/OS Schönfeld-Weißig;07 StB Loschwitz und OS Schönfeld-Weißig;25 - 44 Jahre;männlich;242
2025;45 Weißig;StB 4 Loschwitz/OS Schönfeld-Weißig;07 StB Loschwitz und OS Schönfeld-Weißig;25 - 44 Jahre;weiblich;117
2025;45 Weißig;StB 4 Loschwitz/OS Schönfeld-Weißig;07 StB Loschwitz und OS Schönfeld-Weißig;45 - 59 Jahre;männlich;223
2025;45 Weißig;StB 4 Loschwitz/OS Schönfeld-Weißig;07 StB Loschwitz und OS Schönfeld-Weißig;45 - 59 Jahre;weiblich;142
2025;45 Weißig;StB 4 Loschwitz/OS Schönfeld-Weißig;07 StB Loschwitz und OS Schönfeld-Weißig;60 - 64 Jahre;männlich;76
2025;45 Weißig;StB 4 Loschwitz/OS Schönfeld-Weißig;07 StB Loschwitz und OS Schönfeld-Weißig;60 - 64 Jahre;weiblich;67
2025;45 Weißig;StB 4 Loschwitz/OS Schönfeld-Weißig;07 StB Loschwitz und OS Schönfeld-Weißig;65 Jahre u.älter;männlich;146
2025;45 Weißig;StB 4 Loschwitz/OS Schönfeld-Weißig;07 StB Loschwitz und OS Schönfeld-Weißig;65 Jahre u.älter;weiblich;346
2025;46 Gönnsdorf/Pappritz;StB 4 Loschwitz/OS Schönfeld-Weißig;07 StB Loschwitz und OS Schönfeld-Weißig;bis 24 Jahre;männlich;11
2025;46 Gönnsdorf/Pappritz;StB 4 Loschwitz/OS Schönfeld-Weißig;07 StB Loschwitz und OS Schönfeld-Weißig;bis 24 Jahre;weiblich;10
2025;46 Gönnsdorf/Pappritz;StB 4 Loschwitz/OS Schönfeld-Weißig;07 StB Loschwitz und OS Schönfeld-Weißig;25 - 44 Jahre;männlich;46
2025;46 Gönnsdorf/Pappritz;StB 4 Loschwitz/OS Schönfeld-Weißig;07 StB Loschwitz und OS Schönfeld-Weißig;25 - 44 Jahre;weiblich;23
2025;46 Gönnsdorf/Pappritz;StB 4 Loschwitz/OS Schönfeld-Weißig;07 StB Loschwitz und OS Schönfeld-Weißig;45 - 59 Jahre;männlich;71
2025;46 Gönnsdorf/Pappritz;StB 4 Loschwitz/OS Schönfeld-Weißig;07 StB Loschwitz und OS Schönfeld-Weißig;45 - 59 Jahre;weiblich;52
2025;46 Gönnsdorf/Pappritz;StB 4 Loschwitz/OS Schönfeld-Weißig;07 StB Loschwitz und OS Schönfeld-Weißig;60 - 64 Jahre;männlich;38
2025;46 Gönnsdorf/Pappritz;StB 4 Loschwitz/OS Schönfeld-Weißig;07 StB Loschwitz und OS Schönfeld-Weißig;60 - 64 Jahre;weiblich;34
2025;46 Gönnsdorf/Pappritz;StB 4 Loschwitz/OS Schönfeld-Weißig;07 StB Loschwitz und OS Schönfeld-Weißig;65 Jahre u.älter;männlich;85
2025;46 Gönnsdorf/Pappritz;StB 4 Loschwitz/OS Schönfeld-Weißig;07 StB Loschwitz und OS Schönfeld-Weißig;65 Jahre u.älter;weiblich;150
2025;47 Schönfeld/Schullwitz;StB 4 Loschwitz/OS Schönfeld-Weißig;07 StB Loschwitz und OS Schönfeld-Weißig;bis 24 Jahre;männlich;11
2025;47 Schönfeld/Schullwitz;StB 4 Loschwitz/OS Schönfeld-Weißig;07 StB Loschwitz und OS Schönfeld-Weißig;bis 24 Jahre;weiblich;11
2025;47 Schönfeld/Schullwitz;StB 4 Loschwitz/OS Schönfeld-Weißig;07 StB Loschwitz und OS Schönfeld-Weißig;25 - 44 Jahre;männlich;40
2025;47 Schönfeld/Schullwitz;StB 4 Loschwitz/OS Schönfeld-Weißig;07 StB Loschwitz und OS Schönfeld-Weißig;25 - 44 Jahre;weiblich;27
2025;47 Schönfeld/Schullwitz;StB 4 Loschwitz/OS Schönfeld-Weißig;07 StB Loschwitz und OS Schönfeld-Weißig;45 - 59 Jahre;männlich;59
2025;47 Schönfeld/Schullwitz;StB 4 Loschwitz/OS Schönfeld-Weißig;07 StB Loschwitz und OS Schönfeld-Weißig;45 - 59 Jahre;weiblich;37
2025;47 Schönfeld/Schullwitz;StB 4 Loschwitz/OS Schönfeld-Weißig;07 StB Loschwitz und OS Schönfeld-Weißig;60 - 64 Jahre;männlich;27
2025;47 Schönfeld/Schullwitz;StB 4 Loschwitz/OS Schönfeld-Weißig;07 StB Loschwitz und OS Schönfeld-Weißig;60 - 64 Jahre;weiblich;23
2025;47 Schönfeld/Schullwitz;StB 4 Loschwitz/OS Schönfeld-Weißig;07 StB Loschwitz und OS Schönfeld-Weißig;65 Jahre u.älter;männlich;65
2025;47 Schönfeld/Schullwitz;StB 4 Loschwitz/OS Schönfeld-Weißig;07 StB Loschwitz und OS Schönfeld-Weißig;65 Jahre u.älter;weiblich;118
2025;51 Blasewitz;StB 5 Blasewitz;08 Blasewitz, Striesen;bis 24 Jahre;männlich;87
2025;51 Blasewitz;StB 5 Blasewitz;08 Blasewitz, Striesen;bis 24 Jahre;weiblich;132
2025;51 Blasewitz;StB 5 Blasewitz;08 Blasewitz, Striesen;25 - 44 Jahre;männlich;396
2025;51 Blasewitz;StB 5 Blasewitz;08 Blasewitz, Striesen;25 - 44 Jahre;weiblich;332
2025;51 Blasewitz;StB 5 Blasewitz;08 Blasewitz, Striesen;45 - 59 Jahre;männlich;312
2025;51 Blasewitz;StB 5 Blasewitz;08 Blasewitz, Striesen;45 - 59 Jahre;weiblich;284
2025;51 Blasewitz;StB 5 Blasewitz;08 Blasewitz, Striesen;60 - 64 Jahre;männlich;86
2025;51 Blasewitz;StB 5 Blasewitz;08 Blasewitz, Striesen;60 - 64 Jahre;weiblich;120
2025;51 Blasewitz;StB 5 Blasewitz;08 Blasewitz, Striesen;65 Jahre u.älter;männlich;223
2025;51 Blasewitz;StB 5 Blasewitz;08 Blasewitz, Striesen;65 Jahre u.älter;weiblich;560
2025;52 Striesen-Ost;StB 5 Blasewitz;08 Blasewitz, Striesen;bis 24 Jahre;männlich;150
2025;52 Striesen-Ost;StB 5 Blasewitz;08 Blasewitz, Striesen;bis 24 Jahre;weiblich;230
2025;52 Striesen-Ost;StB 5 Blasewitz;08 Blasewitz, Striesen;25 - 44 Jahre;männlich;809
2025;52 Striesen-Ost;StB 5 Blasewitz;08 Blasewitz, Striesen;25 - 44 Jahre;weiblich;610
2025;52 Striesen-Ost;StB 5 Blasewitz;08 Blasewitz, Striesen;45 - 59 Jahre;männlich;558
2025;52 Striesen-Ost;StB 5 Blasewitz;08 Blasewitz, Striesen;45 - 59 Jahre;weiblich;443
2025;52 Striesen-Ost;StB 5 Blasewitz;08 Blasewitz, Striesen;60 - 64 Jahre;männlich;166
2025;52 Striesen-Ost;StB 5 Blasewitz;08 Blasewitz, Striesen;60 - 64 Jahre;weiblich;197
2025;52 Striesen-Ost;StB 5 Blasewitz;08 Blasewitz, Striesen;65 Jahre u.älter;männlich;255
2025;52 Striesen-Ost;StB 5 Blasewitz;08 Blasewitz, Striesen;65 Jahre u.älter;weiblich;621
2025;53 Striesen-Süd;StB 5 Blasewitz;08 Blasewitz, Striesen;bis 24 Jahre;männlich;203
2025;53 Striesen-Süd;StB 5 Blasewitz;08 Blasewitz, Striesen;bis 24 Jahre;weiblich;257
2025;53 Striesen-Süd;StB 5 Blasewitz;08 Blasewitz, Striesen;25 - 44 Jahre;männlich;790
2025;53 Striesen-Süd;StB 5 Blasewitz;08 Blasewitz, Striesen;25 - 44 Jahre;weiblich;503
2025;53 Striesen-Süd;StB 5 Blasewitz;08 Blasewitz, Striesen;45 - 59 Jahre;männlich;383
2025;53 Striesen-Süd;StB 5 Blasewitz;08 Blasewitz, Striesen;45 - 59 Jahre;weiblich;262
2025;53 Striesen-Süd;StB 5 Blasewitz;08 Blasewitz, Striesen;60 - 64 Jahre;männlich;127
2025;53 Striesen-Süd;StB 5 Blasewitz;08 Blasewitz, Striesen;60 - 64 Jahre;weiblich;148
2025;53 Striesen-Süd;StB 5 Blasewitz;08 Blasewitz, Striesen;65 Jahre u.älter;männlich;365
2025;53 Striesen-Süd;StB 5 Blasewitz;08 Blasewitz, Striesen;65 Jahre u.älter;weiblich;872
2025;54 Striesen-West;StB 5 Blasewitz;08 Blasewitz, Striesen;bis 24 Jahre;männlich;179
2025;54 Striesen-West;StB 5 Blasewitz;08 Blasewitz, Striesen;bis 24 Jahre;weiblich;253
2025;54 Striesen-West;StB 5 Blasewitz;08 Blasewitz, Striesen;25 - 44 Jahre;männlich;797
2025;54 Striesen-West;StB 5 Blasewitz;08 Blasewitz, Striesen;25 - 44 Jahre;weiblich;581
2025;54 Striesen-West;StB 5 Blasewitz;08 Blasewitz, Striesen;45 - 59 Jahre;männlich;383
2025;54 Striesen-West;StB 5 Blasewitz;08 Blasewitz, Striesen;45 - 59 Jahre;weiblich;365
2025;54 Striesen-West;StB 5 Blasewitz;08 Blasewitz, Striesen;60 - 64 Jahre;männlich;149
2025;54 Striesen-West;StB 5 Blasewitz;08 Blasewitz, Striesen;60 - 64 Jahre;weiblich;192
2025;54 Striesen-West;StB 5 Blasewitz;08 Blasewitz, Striesen;65 Jahre u.älter;männlich;312
2025;54 Striesen-West;StB 5 Blasewitz;08 Blasewitz, Striesen;65 Jahre u.älter;weiblich;954
2025;55 Tolkewitz/Seidnitz-Nord;StB 5 Blasewitz;09 Tolkewitz, Seidnitz, Gruna;bis 24 Jahre;männlich;120
2025;55 Tolkewitz/Seidnitz-Nord;StB 5 Blasewitz;09 Tolkewitz, Seidnitz, Gruna;bis 24 Jahre;weiblich;122
2025;55 Tolkewitz/Seidnitz-Nord;StB 5 Blasewitz;09 Tolkewitz, Seidnitz, Gruna;25 - 44 Jahre;männlich;551
2025;55 Tolkewitz/Seidnitz-Nord;StB 5 Blasewitz;09 Tolkewitz, Seidnitz, Gruna;25 - 44 Jahre;weiblich;406
2025;55 Tolkewitz/Seidnitz-Nord;StB 5 Blasewitz;09 Tolkewitz, Seidnitz, Gruna;45 - 59 Jahre;männlich;380
2025;55 Tolkewitz/Seidnitz-Nord;StB 5 Blasewitz;09 Tolkewitz, Seidnitz, Gruna;45 - 59 Jahre;weiblich;316
2025;55 Tolkewitz/Seidnitz-Nord;StB 5 Blasewitz;09 Tolkewitz, Seidnitz, Gruna;60 - 64 Jahre;männlich;125
2025;55 Tolkewitz/Seidnitz-Nord;StB 5 Blasewitz;09 Tolkewitz, Seidnitz, Gruna;60 - 64 Jahre;weiblich;200
2025;55 Tolkewitz/Seidnitz-Nord;StB 5 Blasewitz;09 Tolkewitz, Seidnitz, Gruna;65 Jahre u.älter;männlich;313
2025;55 Tolkewitz/Seidnitz-Nord;StB 5 Blasewitz;09 Tolkewitz, Seidnitz, Gruna;65 Jahre u.älter;weiblich;807
2025;56 Seidnitz/Dobritz;StB 5 Blasewitz;09 Tolkewitz, Seidnitz, Gruna;bis 24 Jahre;männlich;243
2025;56 Seidnitz/Dobritz;StB 5 Blasewitz;09 Tolkewitz, Seidnitz, Gruna;bis 24 Jahre;weiblich;261
2025;56 Seidnitz/Dobritz;StB 5 Blasewitz;09 Tolkewitz, Seidnitz, Gruna;25 - 44 Jahre;männlich;962
2025;56 Seidnitz/Dobritz;StB 5 Blasewitz;09 Tolkewitz, Seidnitz, Gruna;25 - 44 Jahre;weiblich;481
2025;56 Seidnitz/Dobritz;StB 5 Blasewitz;09 Tolkewitz, Seidnitz, Gruna;45 - 59 Jahre;männlich;507
2025;56 Seidnitz/Dobritz;StB 5 Blasewitz;09 Tolkewitz, Seidnitz, Gruna;45 - 59 Jahre;weiblich;377
2025;56 Seidnitz/Dobritz;StB 5 Blasewitz;09 Tolkewitz, Seidnitz, Gruna;60 - 64 Jahre;männlich;172
2025;56 Seidnitz/Dobritz;StB 5 Blasewitz;09 Tolkewitz, Seidnitz, Gruna;60 - 64 Jahre;weiblich;189
2025;56 Seidnitz/Dobritz;StB 5 Blasewitz;09 Tolkewitz, Seidnitz, Gruna;65 Jahre u.älter;männlich;419
2025;56 Seidnitz/Dobritz;StB 5 Blasewitz;09 Tolkewitz, Seidnitz, Gruna;65 Jahre u.älter;weiblich;1173
2025;57 Gruna;StB 5 Blasewitz;09 Tolkewitz, Seidnitz, Gruna;bis 24 Jahre;männlich;174
2025;57 Gruna;StB 5 Blasewitz;09 Tolkewitz, Seidnitz, Gruna;bis 24 Jahre;weiblich;205
2025;57 Gruna;StB 5 Blasewitz;09 Tolkewitz, Seidnitz, Gruna;25 - 44 Jahre;männlich;711
2025;57 Gruna;StB 5 Blasewitz;09 Tolkewitz, Seidnitz, Gruna;25 - 44 Jahre;weiblich;418
2025;57 Gruna;StB 5 Blasewitz;09 Tolkewitz, Seidnitz, Gruna;45 - 59 Jahre;männlich;408
2025;57 Gruna;StB 5 Blasewitz;09 Tolkewitz, Seidnitz, Gruna;45 - 59 Jahre;weiblich;287
2025;57 Gruna;StB 5 Blasewitz;09 Tolkewitz, Seidnitz, Gruna;60 - 64 Jahre;männlich;139
2025;57 Gruna;StB 5 Blasewitz;09 Tolkewitz, Seidnitz, Gruna;60 - 64 Jahre;weiblich;175
2025;57 Gruna;StB 5 Blasewitz;09 Tolkewitz, Seidnitz, Gruna;65 Jahre u.älter;männlich;391
2025;57 Gruna;StB 5 Blasewitz;09 Tolkewitz, Seidnitz, Gruna;65 Jahre u.älter;weiblich;1099
2025;61 Leuben;StB 6 Leuben;10 StB Leuben;bis 24 Jahre;männlich;167
2025;61 Leuben;StB 6 Leuben;10 StB Leuben;bis 24 Jahre;weiblich;199
2025;61 Leuben;StB 6 Leuben;10 StB Leuben;25 - 44 Jahre;männlich;717
2025;61 Leuben;StB 6 Leuben;10 StB Leuben;25 - 44 Jahre;weiblich;351
2025;61 Leuben;StB 6 Leuben;10 StB Leuben;45 - 59 Jahre;männlich;495
2025;61 Leuben;StB 6 Leuben;10 StB Leuben;45 - 59 Jahre;weiblich;334
2025;61 Leuben;StB 6 Leuben;10 StB Leuben;60 - 64 Jahre;männlich;172
2025;61 Leuben;StB 6 Leuben;10 StB Leuben;60 - 64 Jahre;weiblich;210
2025;61 Leuben;StB 6 Leuben;10 StB Leuben;65 Jahre u.älter;männlich;406
2025;61 Leuben;StB 6 Leuben;10 StB Leuben;65 Jahre u.älter;weiblich;1021
2025;62 Laubegast;StB 6 Leuben;10 StB Leuben;bis 24 Jahre;männlich;119
2025;62 Laubegast;StB 6 Leuben;10 StB Leuben;bis 24 Jahre;weiblich;121
2025;62 Laubegast;StB 6 Leuben;10 StB Leuben;25 - 44 Jahre;männlich;521
2025;62 Laubegast;StB 6 Leuben;10 StB Leuben;25 - 44 Jahre;weiblich;324
2025;62 Laubegast;StB 6 Leuben;10 StB Leuben;45 - 59 Jahre;männlich;464
2025;62 Laubegast;StB 6 Leuben;10 StB Leuben;45 - 59 Jahre;weiblich;351
2025;62 Laubegast;StB 6 Leuben;10 StB Leuben;60 - 64 Jahre;männlich;174
2025;62 Laubegast;StB 6 Leuben;10 StB Leuben;60 - 64 Jahre;weiblich;197
2025;62 Laubegast;StB 6 Leuben;10 StB Leuben;65 Jahre u.älter;männlich;424
2025;62 Laubegast;StB 6 Leuben;10 StB Leuben;65 Jahre u.älter;weiblich;931
2025;63 Kleinzschachwitz;StB 6 Leuben;10 StB Leuben;bis 24 Jahre;männlich;43
2025;63 Kleinzschachwitz;StB 6 Leuben;10 StB Leuben;bis 24 Jahre;weiblich;42
2025;63 Kleinzschachwitz;StB 6 Leuben;10 StB Leuben;25 - 44 Jahre;männlich;162
2025;63 Kleinzschachwitz;StB 6 Leuben;10 StB Leuben;25 - 44 Jahre;weiblich;108
2025;63 Kleinzschachwitz;StB 6 Leuben;10 StB Leuben;45 - 59 Jahre;männlich;248
2025;63 Kleinzschachwitz;StB 6 Leuben;10 StB Leuben;45 - 59 Jahre;weiblich;169
2025;63 Kleinzschachwitz;StB 6 Leuben;10 StB Leuben;60 - 64 Jahre;männlich;90
2025;63 Kleinzschachwitz;StB 6 Leuben;10 StB Leuben;60 - 64 Jahre;weiblich;89
2025;63 Kleinzschachwitz;StB 6 Leuben;10 StB Leuben;65 Jahre u.älter;männlich;229
2025;63 Kleinzschachwitz;StB 6 Leuben;10 StB Leuben;65 Jahre u.älter;weiblich;471
2025;64 Großzschachwitz;StB 6 Leuben;10 StB Leuben;bis 24 Jahre;männlich;96
2025;64 Großzschachwitz;StB 6 Leuben;10 StB Leuben;bis 24 Jahre;weiblich;77
2025;64 Großzschachwitz;StB 6 Leuben;10 StB Leuben;25 - 44 Jahre;männlich;332
2025;64 Großzschachwitz;StB 6 Leuben;10 StB Leuben;25 - 44 Jahre;weiblich;127
2025;64 Großzschachwitz;StB 6 Leuben;10 StB Leuben;45 - 59 Jahre;männlich;261
2025;64 Großzschachwitz;StB 6 Leuben;10 StB Leuben;45 - 59 Jahre;weiblich;147
2025;64 Großzschachwitz;StB 6 Leuben;10 StB Leuben;60 - 64 Jahre;männlich;79
2025;64 Großzschachwitz;StB 6 Leuben;10 StB Leuben;60 - 64 Jahre;weiblich;64
2025;64 Großzschachwitz;StB 6 Leuben;10 StB Leuben;65 Jahre u.älter;männlich;192
2025;64 Großzschachwitz;StB 6 Leuben;10 StB Leuben;65 Jahre u.älter;weiblich;474
2025;71 Prohlis-Nord;StB 7 Prohlis;11 Prohlis, Reick (mit Sternhäuser, Am Koitschgraben);bis 24 Jahre;männlich;130
2025;71 Prohlis-Nord;StB 7 Prohlis;11 Prohlis, Reick (mit Sternhäuser, Am Koitschgraben);bis 24 Jahre;weiblich;69
2025;71 Prohlis-Nord;StB 7 Prohlis;11 Prohlis, Reick (mit Sternhäuser, Am Koitschgraben);25 - 44 Jahre;männlich;419
2025;71 Prohlis-Nord;StB 7 Prohlis;11 Prohlis, Reick (mit Sternhäuser, Am Koitschgraben);25 - 44 Jahre;weiblich;117
2025;71 Prohlis-Nord;StB 7 Prohlis;11 Prohlis, Reick (mit Sternhäuser, Am Koitschgraben);45 - 59 Jahre;männlich;269
2025;71 Prohlis-Nord;StB 7 Prohlis;11 Prohlis, Reick (mit Sternhäuser, Am Koitschgraben);45 - 59 Jahre;weiblich;177
2025;71 Prohlis-Nord;StB 7 Prohlis;11 Prohlis, Reick (mit Sternhäuser, Am Koitschgraben);60 - 64 Jahre;männlich;87
2025;71 Prohlis-Nord;StB 7 Prohlis;11 Prohlis, Reick (mit Sternhäuser, Am Koitschgraben);60 - 64 Jahre;weiblich;82
2025;71 Prohlis-Nord;StB 7 Prohlis;11 Prohlis, Reick (mit Sternhäuser, Am Koitschgraben);65 Jahre u.älter;männlich;222
2025;71 Prohlis-Nord;StB 7 Prohlis;11 Prohlis, Reick (mit Sternhäuser, Am Koitschgraben);65 Jahre u.älter;weiblich;472
2025;72 Prohlis-Süd;StB 7 Prohlis;11 Prohlis, Reick (mit Sternhäuser, Am Koitschgraben);bis 24 Jahre;männlich;181
2025;72 Prohlis-Süd;StB 7 Prohlis;11 Prohlis, Reick (mit Sternhäuser, Am Koitschgraben);bis 24 Jahre;weiblich;99
2025;72 Prohlis-Süd;StB 7 Prohlis;11 Prohlis, Reick (mit Sternhäuser, Am Koitschgraben);25 - 44 Jahre;männlich;598
2025;72 Prohlis-Süd;StB 7 Prohlis;11 Prohlis, Reick (mit Sternhäuser, Am Koitschgraben);25 - 44 Jahre;weiblich;234
2025;72 Prohlis-Süd;StB 7 Prohlis;11 Prohlis, Reick (mit Sternhäuser, Am Koitschgraben);45 - 59 Jahre;männlich;400
2025;72 Prohlis-Süd;StB 7 Prohlis;11 Prohlis, Reick (mit Sternhäuser, Am Koitschgraben);45 - 59 Jahre;weiblich;200
2025;72 Prohlis-Süd;StB 7 Prohlis;11 Prohlis, Reick (mit Sternhäuser, Am Koitschgraben);60 - 64 Jahre;männlich;144
2025;72 Prohlis-Süd;StB 7 Prohlis;11 Prohlis, Reick (mit Sternhäuser, Am Koitschgraben);60 - 64 Jahre;weiblich;111
2025;72 Prohlis-Süd;StB 7 Prohlis;11 Prohlis, Reick (mit Sternhäuser, Am Koitschgraben);65 Jahre u.älter;männlich;397
2025;72 Prohlis-Süd;StB 7 Prohlis;11 Prohlis, Reick (mit Sternhäuser, Am Koitschgraben);65 Jahre u.älter;weiblich;830
2025;73 Niedersedlitz;StB 7 Prohlis;12 Niedersedlitz, Leubnitz, Strehlen (ohne Sternhäuser, Am Koitschgraben);bis 24 Jahre;männlich;52
2025;73 Niedersedlitz;StB 7 Prohlis;12 Niedersedlitz, Leubnitz, Strehlen (ohne Sternhäuser, Am Koitschgraben);bis 24 Jahre;weiblich;51
2025;73 Niedersedlitz;StB 7 Prohlis;12 Niedersedlitz, Leubnitz, Strehlen (ohne Sternhäuser, Am Koitschgraben);25 - 44 Jahre;männlich;205
2025;73 Niedersedlitz;StB 7 Prohlis;12 Niedersedlitz, Leubnitz, Strehlen (ohne Sternhäuser, Am Koitschgraben);25 - 44 Jahre;weiblich;93
2025;73 Niedersedlitz;StB 7 Prohlis;12 Niedersedlitz, Leubnitz, Strehlen (ohne Sternhäuser, Am Koitschgraben);45 - 59 Jahre;männlich;171
2025;73 Niedersedlitz;StB 7 Prohlis;12 Niedersedlitz, Leubnitz, Strehlen (ohne Sternhäuser, Am Koitschgraben);45 - 59 Jahre;weiblich;127
2025;73 Niedersedlitz;StB 7 Prohlis;12 Niedersedlitz, Leubnitz, Strehlen (ohne Sternhäuser, Am Koitschgraben);60 - 64 Jahre;männlich;53
2025;73 Niedersedlitz;StB 7 Prohlis;12 Niedersedlitz, Leubnitz, Strehlen (ohne Sternhäuser, Am Koitschgraben);60 - 64 Jahre;weiblich;50
2025;73 Niedersedlitz;StB 7 Prohlis;12 Niedersedlitz, Leubnitz, Strehlen (ohne Sternhäuser, Am Koitschgraben);65 Jahre u.älter;männlich;145
2025;73 Niedersedlitz;StB 7 Prohlis;12 Niedersedlitz, Leubnitz, Strehlen (ohne Sternhäuser, Am Koitschgraben);65 Jahre u.älter;weiblich;277
2025;74 Lockwitz;StB 7 Prohlis;12 Niedersedlitz, Leubnitz, Strehlen (ohne Sternhäuser, Am Koitschgraben);bis 24 Jahre;männlich;29
2025;74 Lockwitz;StB 7 Prohlis;12 Niedersedlitz, Leubnitz, Strehlen (ohne Sternhäuser, Am Koitschgraben);bis 24 Jahre;weiblich;32
2025;74 Lockwitz;StB 7 Prohlis;12 Niedersedlitz, Leubnitz, Strehlen (ohne Sternhäuser, Am Koitschgraben);25 - 44 Jahre;männlich;137
2025;74 Lockwitz;StB 7 Prohlis;12 Niedersedlitz, Leubnitz, Strehlen (ohne Sternhäuser, Am Koitschgraben);25 - 44 Jahre;weiblich;78
2025;74 Lockwitz;StB 7 Prohlis;12 Niedersedlitz, Leubnitz, Strehlen (ohne Sternhäuser, Am Koitschgraben);45 - 59 Jahre;männlich;149
2025;74 Lockwitz;StB 7 Prohlis;12 Niedersedlitz, Leubnitz, Strehlen (ohne Sternhäuser, Am Koitschgraben);45 - 59 Jahre;weiblich;105
2025;74 Lockwitz;StB 7 Prohlis;12 Niedersedlitz, Leubnitz, Strehlen (ohne Sternhäuser, Am Koitschgraben);60 - 64 Jahre;männlich;54
2025;74 Lockwitz;StB 7 Prohlis;12 Niedersedlitz, Leubnitz, Strehlen (ohne Sternhäuser, Am Koitschgraben);60 - 64 Jahre;weiblich;68
2025;74 Lockwitz;StB 7 Prohlis;12 Niedersedlitz, Leubnitz, Strehlen (ohne Sternhäuser, Am Koitschgraben);65 Jahre u.älter;männlich;129
2025;74 Lockwitz;StB 7 Prohlis;12 Niedersedlitz, Leubnitz, Strehlen (ohne Sternhäuser, Am Koitschgraben);65 Jahre u.älter;weiblich;248
2025;75 Leubnitz-Neuostra;StB 7 Prohlis;12 Niedersedlitz, Leubnitz, Strehlen (ohne Sternhäuser, Am Koitschgraben);bis 24 Jahre;männlich;175
2025;75 Leubnitz-Neuostra;StB 7 Prohlis;12 Niedersedlitz, Leubnitz, Strehlen (ohne Sternhäuser, Am Koitschgraben);bis 24 Jahre;weiblich;166
2025;75 Leubnitz-Neuostra;StB 7 Prohlis;12 Niedersedlitz, Leubnitz, Strehlen (ohne Sternhäuser, Am Koitschgraben);25 - 44 Jahre;männlich;690
2025;75 Leubnitz-Neuostra;StB 7 Prohlis;12 Niedersedlitz, Leubnitz, Strehlen (ohne Sternhäuser, Am Koitschgraben);25 - 44 Jahre;weiblich;339
2025;75 Leubnitz-Neuostra;StB 7 Prohlis;12 Niedersedlitz, Leubnitz, Strehlen (ohne Sternhäuser, Am Koitschgraben);45 - 59 Jahre;männlich;497
2025;75 Leubnitz-Neuostra;StB 7 Prohlis;12 Niedersedlitz, Leubnitz, Strehlen (ohne Sternhäuser, Am Koitschgraben);45 - 59 Jahre;weiblich;321
2025;75 Leubnitz-Neuostra;StB 7 Prohlis;12 Niedersedlitz, Leubnitz, Strehlen (ohne Sternhäuser, Am Koitschgraben);60 - 64 Jahre;männlich;161
2025;75 Leubnitz-Neuostra;StB 7 Prohlis;12 Niedersedlitz, Leubnitz, Strehlen (ohne Sternhäuser, Am Koitschgraben);60 - 64 Jahre;weiblich;167
2025;75 Leubnitz-Neuostra;StB 7 Prohlis;12 Niedersedlitz, Leubnitz, Strehlen (ohne Sternhäuser, Am Koitschgraben);65 Jahre u.älter;männlich;411
2025;75 Leubnitz-Neuostra;StB 7 Prohlis;12 Niedersedlitz, Leubnitz, Strehlen (ohne Sternhäuser, Am Koitschgraben);65 Jahre u.älter;weiblich;945
2025;76 Strehlen;StB 7 Prohlis;11 Prohlis, Reick (mit Sternhäuser, Am Koitschgraben);bis 24 Jahre;männlich;94
2025;76 Strehlen;StB 7 Prohlis;11 Prohlis, Reick (mit Sternhäuser, Am Koitschgraben);bis 24 Jahre;weiblich;68
2025;76 Strehlen;StB 7 Prohlis;11 Prohlis, Reick (mit Sternhäuser, Am Koitschgraben);25 - 44 Jahre;männlich;350
2025;76 Strehlen;StB 7 Prohlis;11 Prohlis, Reick (mit Sternhäuser, Am Koitschgraben);25 - 44 Jahre;weiblich;123
2025;76 Strehlen;StB 7 Prohlis;11 Prohlis, Reick (mit Sternhäuser, Am Koitschgraben);45 - 59 Jahre;männlich;214
2025;76 Strehlen;StB 7 Prohlis;11 Prohlis, Reick (mit Sternhäuser, Am Koitschgraben);45 - 59 Jahre;weiblich;80
2025;76 Strehlen;StB 7 Prohlis;11 Prohlis, Reick (mit Sternhäuser, Am Koitschgraben);60 - 64 Jahre;männlich;69
2025;76 Strehlen;StB 7 Prohlis;11 Prohlis, Reick (mit Sternhäuser, Am Koitschgraben);60 - 64 Jahre;weiblich;54
2025;76 Strehlen;StB 7 Prohlis;11 Prohlis, Reick (mit Sternhäuser, Am Koitschgraben);65 Jahre u.älter;männlich;103
2025;76 Strehlen;StB 7 Prohlis;11 Prohlis, Reick (mit Sternhäuser, Am Koitschgraben);65 Jahre u.älter;weiblich;180
2025;76 Strehlen;StB 7 Prohlis;12 Niedersedlitz, Leubnitz, Strehlen (ohne Sternhäuser, Am Koitschgraben);bis 24 Jahre;männlich;122
2025;76 Strehlen;StB 7 Prohlis;12 Niedersedlitz, Leubnitz, Strehlen (ohne Sternhäuser, Am Koitschgraben);bis 24 Jahre;weiblich;162
2025;76 Strehlen;StB 7 Prohlis;12 Niedersedlitz, Leubnitz, Strehlen (ohne Sternhäuser, Am Koitschgraben);25 - 44 Jahre;männlich;397
2025;76 Strehlen;StB 7 Prohlis;12 Niedersedlitz, Leubnitz, Strehlen (ohne Sternhäuser, Am Koitschgraben);25 - 44 Jahre;weiblich;268
2025;76 Strehlen;StB 7 Prohlis;12 Niedersedlitz, Leubnitz, Strehlen (ohne Sternhäuser, Am Koitschgraben);45 - 59 Jahre;männlich;179
2025;76 Strehlen;StB 7 Prohlis;12 Niedersedlitz, Leubnitz, Strehlen (ohne Sternhäuser, Am Koitschgraben);45 - 59 Jahre;weiblich;128
2025;76 Strehlen;StB 7 Prohlis;12 Niedersedlitz, Leubnitz, Strehlen (ohne Sternhäuser, Am Koitschgraben);60 - 64 Jahre;männlich;51
2025;76 Strehlen;StB 7 Prohlis;12 Niedersedlitz, Leubnitz, Strehlen (ohne Sternhäuser, Am Koitschgraben);60 - 64 Jahre;weiblich;73
2025;76 Strehlen;StB 7 Prohlis;12 Niedersedlitz, Leubnitz, Strehlen (ohne Sternhäuser, Am Koitschgraben);65 Jahre u.älter;männlich;139
2025;76 Strehlen;StB 7 Prohlis;12 Niedersedlitz, Leubnitz, Strehlen (ohne Sternhäuser, Am Koitschgraben);65 Jahre u.älter;weiblich;326
2025;77 Reick;StB 7 Prohlis;11 Prohlis, Reick (mit Sternhäuser, Am Koitschgraben);bis 24 Jahre;männlich;87
2025;77 Reick;StB 7 Prohlis;11 Prohlis, Reick (mit Sternhäuser, Am Koitschgraben);bis 24 Jahre;weiblich;88
2025;77 Reick;StB 7 Prohlis;11 Prohlis, Reick (mit Sternhäuser, Am Koitschgraben);25 - 44 Jahre;männlich;310
2025;77 Reick;StB 7 Prohlis;11 Prohlis, Reick (mit Sternhäuser, Am Koitschgraben);25 - 44 Jahre;weiblich;163
2025;77 Reick;StB 7 Prohlis;11 Prohlis, Reick (mit Sternhäuser, Am Koitschgraben);45 - 59 Jahre;männlich;182
2025;77 Reick;StB 7 Prohlis;11 Prohlis, Reick (mit Sternhäuser, Am Koitschgraben);45 - 59 Jahre;weiblich;139
2025;77 Reick;StB 7 Prohlis;11 Prohlis, Reick (mit Sternhäuser, Am Koitschgraben);60 - 64 Jahre;männlich;64
2025;77 Reick;StB 7 Prohlis;11 Prohlis, Reick (mit Sternhäuser, Am Koitschgraben);60 - 64 Jahre;weiblich;76
2025;77 Reick;StB 7 Prohlis;11 Prohlis, Reick (mit Sternhäuser, Am Koitschgraben);65 Jahre u.älter;männlich;150
2025;77 Reick;StB 7 Prohlis;11 Prohlis, Reick (mit Sternhäuser, Am Koitschgraben);65 Jahre u.älter;weiblich;407
2025;81 Südvorstadt-West;StB 8 Plauen;13 Südvorstadt, Zschertnitz;bis 24 Jahre;männlich;388
2025;81 Südvorstadt-West;StB 8 Plauen;13 Südvorstadt, Zschertnitz;bis 24 Jahre;weiblich;315
2025;81 Südvorstadt-West;StB 8 Plauen;13 Südvorstadt, Zschertnitz;25 - 44 Jahre;männlich;1119
2025;81 Südvorstadt-West;StB 8 Plauen;13 Südvorstadt, Zschertnitz;25 - 44 Jahre;weiblich;560
2025;81 Südvorstadt-West;StB 8 Plauen;13 Südvorstadt, Zschertnitz;45 - 59 Jahre;männlich;317
2025;81 Südvorstadt-West;StB 8 Plauen;13 Südvorstadt, Zschertnitz;45 - 59 Jahre;weiblich;182
2025;81 Südvorstadt-West;StB 8 Plauen;13 Südvorstadt, Zschertnitz;60 - 64 Jahre;männlich;86
2025;81 Südvorstadt-West;StB 8 Plauen;13 Südvorstadt, Zschertnitz;60 - 64 Jahre;weiblich;100
2025;81 Südvorstadt-West;StB 8 Plauen;13 Südvorstadt, Zschertnitz;65 Jahre u.älter;männlich;274
2025;81 Südvorstadt-West;StB 8 Plauen;13 Südvorstadt, Zschertnitz;65 Jahre u.älter;weiblich;663
2025;82 Südvorstadt-Ost;StB 8 Plauen;13 Südvorstadt, Zschertnitz;bis 24 Jahre;männlich;290
2025;82 Südvorstadt-Ost;StB 8 Plauen;13 Südvorstadt, Zschertnitz;bis 24 Jahre;weiblich;202
2025;82 Südvorstadt-Ost;StB 8 Plauen;13 Südvorstadt, Zschertnitz;25 - 44 Jahre;männlich;631
2025;82 Südvorstadt-Ost;StB 8 Plauen;13 Südvorstadt, Zschertnitz;25 - 44 Jahre;weiblich;234
2025;82 Südvorstadt-Ost;StB 8 Plauen;13 Südvorstadt, Zschertnitz;45 - 59 Jahre;männlich;146
2025;82 Südvorstadt-Ost;StB 8 Plauen;13 Südvorstadt, Zschertnitz;45 - 59 Jahre;weiblich;77
2025;82 Südvorstadt-Ost;StB 8 Plauen;13 Südvorstadt, Zschertnitz;60 - 64 Jahre;männlich;41
2025;82 Südvorstadt-Ost;StB 8 Plauen;13 Südvorstadt, Zschertnitz;60 - 64 Jahre;weiblich;44
2025;82 Südvorstadt-Ost;StB 8 Plauen;13 Südvorstadt, Zschertnitz;65 Jahre u.älter;männlich;128
2025;82 Südvorstadt-Ost;StB 8 Plauen;13 Südvorstadt, Zschertnitz;65 Jahre u.älter;weiblich;245
2025;83 Räcknitz/Zschertnitz;StB 8 Plauen;13 Südvorstadt, Zschertnitz;bis 24 Jahre;männlich;233
2025;83 Räcknitz/Zschertnitz;StB 8 Plauen;13 Südvorstadt, Zschertnitz;bis 24 Jahre;weiblich;163
2025;83 Räcknitz/Zschertnitz;StB 8 Plauen;13 Südvorstadt, Zschertnitz;25 - 44 Jahre;männlich;640
2025;83 Räcknitz/Zschertnitz;StB 8 Plauen;13 Südvorstadt, Zschertnitz;25 - 44 Jahre;weiblich;283
2025;83 Räcknitz/Zschertnitz;StB 8 Plauen;13 Südvorstadt, Zschertnitz;45 - 59 Jahre;männlich;282
2025;83 Räcknitz/Zschertnitz;StB 8 Plauen;13 Südvorstadt, Zschertnitz;45 - 59 Jahre;weiblich;167
2025;83 Räcknitz/Zschertnitz;StB 8 Plauen;13 Südvorstadt, Zschertnitz;60 - 64 Jahre;männlich;93
2025;83 Räcknitz/Zschertnitz;StB 8 Plauen;13 Südvorstadt, Zschertnitz;60 - 64 Jahre;weiblich;99
2025;83 Räcknitz/Zschertnitz;StB 8 Plauen;13 Südvorstadt, Zschertnitz;65 Jahre u.älter;männlich;322
2025;83 Räcknitz/Zschertnitz;StB 8 Plauen;13 Südvorstadt, Zschertnitz;65 Jahre u.älter;weiblich;832
2025;84 Kleinpestitz/Mockritz;StB 8 Plauen;14 Mockritz, Coschütz, Plauen;bis 24 Jahre;männlich;94
2025;84 Kleinpestitz/Mockritz;StB 8 Plauen;14 Mockritz, Coschütz, Plauen;bis 24 Jahre;weiblich;78
2025;84 Kleinpestitz/Mockritz;StB 8 Plauen;14 Mockritz, Coschütz, Plauen;25 - 44 Jahre;männlich;320
2025;84 Kleinpestitz/Mockritz;StB 8 Plauen;14 Mockritz, Coschütz, Plauen;25 - 44 Jahre;weiblich;167
2025;84 Kleinpestitz/Mockritz;StB 8 Plauen;14 Mockritz, Coschütz, Plauen;45 - 59 Jahre;männlich;227
2025;84 Kleinpestitz/Mockritz;StB 8 Plauen;14 Mockritz, Coschütz, Plauen;45 - 59 Jahre;weiblich;151
2025;84 Kleinpestitz/Mockritz;StB 8 Plauen;14 Mockritz, Coschütz, Plauen;60 - 64 Jahre;männlich;69
2025;84 Kleinpestitz/Mockritz;StB 8 Plauen;14 Mockritz, Coschütz, Plauen;60 - 64 Jahre;weiblich;113
2025;84 Kleinpestitz/Mockritz;StB 8 Plauen;14 Mockritz, Coschütz, Plauen;65 Jahre u.älter;männlich;266
2025;84 Kleinpestitz/Mockritz;StB 8 Plauen;14 Mockritz, Coschütz, Plauen;65 Jahre u.älter;weiblich;561
2025;85 Coschütz/Gittersee;StB 8 Plauen;14 Mockritz, Coschütz, Plauen;bis 24 Jahre;männlich;78
2025;85 Coschütz/Gittersee;StB 8 Plauen;14 Mockritz, Coschütz, Plauen;bis 24 Jahre;weiblich;70
2025;85 Coschütz/Gittersee;StB 8 Plauen;14 Mockritz, Coschütz, Plauen;25 - 44 Jahre;männlich;341
2025;85 Coschütz/Gittersee;StB 8 Plauen;14 Mockritz, Coschütz, Plauen;25 - 44 Jahre;weiblich;134
2025;85 Coschütz/Gittersee;StB 8 Plauen;14 Mockritz, Coschütz, Plauen;45 - 59 Jahre;männlich;183
2025;85 Coschütz/Gittersee;StB 8 Plauen;14 Mockritz, Coschütz, Plauen;45 - 59 Jahre;weiblich;102
2025;85 Coschütz/Gittersee;StB 8 Plauen;14 Mockritz, Coschütz, Plauen;60 - 64 Jahre;männlich;60
2025;85 Coschütz/Gittersee;StB 8 Plauen;14 Mockritz, Coschütz, Plauen;60 - 64 Jahre;weiblich;66
2025;85 Coschütz/Gittersee;StB 8 Plauen;14 Mockritz, Coschütz, Plauen;65 Jahre u.älter;männlich;141
2025;85 Coschütz/Gittersee;StB 8 Plauen;14 Mockritz, Coschütz, Plauen;65 Jahre u.älter;weiblich;276
2025;86 Plauen;StB 8 Plauen;14 Mockritz, Coschütz, Plauen;bis 24 Jahre;männlich;239
2025;86 Plauen;StB 8 Plauen;14 Mockritz, Coschütz, Plauen;bis 24 Jahre;weiblich;199
2025;86 Plauen;StB 8 Plauen;14 Mockritz, Coschütz, Plauen;25 - 44 Jahre;männlich;830
2025;86 Plauen;StB 8 Plauen;14 Mockritz, Coschütz, Plauen;25 - 44 Jahre;weiblich;452
2025;86 Plauen;StB 8 Plauen;14 Mockritz, Coschütz, Plauen;45 - 59 Jahre;männlich;316
2025;86 Plauen;StB 8 Plauen;14 Mockritz, Coschütz, Plauen;45 - 59 Jahre;weiblich;212
2025;86 Plauen;StB 8 Plauen;14 Mockritz, Coschütz, Plauen;60 - 64 Jahre;männlich;94
2025;86 Plauen;StB 8 Plauen;14 Mockritz, Coschütz, Plauen;60 - 64 Jahre;weiblich;104
2025;86 Plauen;StB 8 Plauen;14 Mockritz, Coschütz, Plauen;65 Jahre u.älter;männlich;213
2025;86 Plauen;StB 8 Plauen;14 Mockritz, Coschütz, Plauen;65 Jahre u.älter;weiblich;463
2025;90 Cossebaude/Mobschatz/Oberw.;StB 9 Cotta/westliche Ortschaften;17 Briesnitz und westliche OS;bis 24 Jahre;männlich;38
2025;90 Cossebaude/Mobschatz/Oberw.;StB 9 Cotta/westliche Ortschaften;17 Briesnitz und westliche OS;bis 24 Jahre;weiblich;32
2025;90 Cossebaude/Mobschatz/Oberw.;StB 9 Cotta/westliche Ortschaften;17 Briesnitz und westliche OS;25 - 44 Jahre;männlich;200
2025;90 Cossebaude/Mobschatz/Oberw.;StB 9 Cotta/westliche Ortschaften;17 Briesnitz und westliche OS;25 - 44 Jahre;weiblich;126
2025;90 Cossebaude/Mobschatz/Oberw.;StB 9 Cotta/westliche Ortschaften;17 Briesnitz und westliche OS;45 - 59 Jahre;männlich;187
2025;90 Cossebaude/Mobschatz/Oberw.;StB 9 Cotta/westliche Ortschaften;17 Briesnitz und westliche OS;45 - 59 Jahre;weiblich;137
2025;90 Cossebaude/Mobschatz/Oberw.;StB 9 Cotta/westliche Ortschaften;17 Briesnitz und westliche OS;60 - 64 Jahre;männlich;101
2025;90 Cossebaude/Mobschatz/Oberw.;StB 9 Cotta/westliche Ortschaften;17 Briesnitz und westliche OS;60 - 64 Jahre;weiblich;98
2025;90 Cossebaude/Mobschatz/Oberw.;StB 9 Cotta/westliche Ortschaften;17 Briesnitz und westliche OS;65 Jahre u.älter;männlich;197
2025;90 Cossebaude/Mobschatz/Oberw.;StB 9 Cotta/westliche Ortschaften;17 Briesnitz und westliche OS;65 Jahre u.älter;weiblich;345
2025;91 Cotta;StB 9 Cotta/westliche Ortschaften;15 Cotta, Löbtau, Naußlitz, Dölzschen;bis 24 Jahre;männlich;235
2025;91 Cotta;StB 9 Cotta/westliche Ortschaften;15 Cotta, Löbtau, Naußlitz, Dölzschen;bis 24 Jahre;weiblich;293
2025;91 Cotta;StB 9 Cotta/westliche Ortschaften;15 Cotta, Löbtau, Naußlitz, Dölzschen;25 - 44 Jahre;männlich;952
2025;91 Cotta;StB 9 Cotta/westliche Ortschaften;15 Cotta, Löbtau, Naußlitz, Dölzschen;25 - 44 Jahre;weiblich;534
2025;91 Cotta;StB 9 Cotta/westliche Ortschaften;15 Cotta, Löbtau, Naußlitz, Dölzschen;45 - 59 Jahre;männlich;448
2025;91 Cotta;StB 9 Cotta/westliche Ortschaften;15 Cotta, Löbtau, Naußlitz, Dölzschen;45 - 59 Jahre;weiblich;302
2025;91 Cotta;StB 9 Cotta/westliche Ortschaften;15 Cotta, Löbtau, Naußlitz, Dölzschen;60 - 64 Jahre;männlich;131
2025;91 Cotta;StB 9 Cotta/westliche Ortschaften;15 Cotta, Löbtau, Naußlitz, Dölzschen;60 - 64 Jahre;weiblich;165
2025;91 Cotta;StB 9 Cotta/westliche Ortschaften;15 Cotta, Löbtau, Naußlitz, Dölzschen;65 Jahre u.älter;männlich;244
2025;91 Cotta;StB 9 Cotta/westliche Ortschaften;15 Cotta, Löbtau, Naußlitz, Dölzschen;65 Jahre u.älter;weiblich;544
2025;92 Löbtau-Nord;StB 9 Cotta/westliche Ortschaften;15 Cotta, Löbtau, Naußlitz, Dölzschen;bis 24 Jahre;männlich;347
2025;92 Löbtau-Nord;StB 9 Cotta/westliche Ortschaften;15 Cotta, Löbtau, Naußlitz, Dölzschen;bis 24 Jahre;weiblich;385
2025;92 Löbtau-Nord;StB 9 Cotta/westliche Ortschaften;15 Cotta, Löbtau, Naußlitz, Dölzschen;25 - 44 Jahre;männlich;1220
2025;92 Löbtau-Nord;StB 9 Cotta/westliche Ortschaften;15 Cotta, Löbtau, Naußlitz, Dölzschen;25 - 44 Jahre;weiblich;683
2025;92 Löbtau-Nord;StB 9 Cotta/westliche Ortschaften;15 Cotta, Löbtau, Naußlitz, Dölzschen;45 - 59 Jahre;männlich;281
2025;92 Löbtau-Nord;StB 9 Cotta/westliche Ortschaften;15 Cotta, Löbtau, Naußlitz, Dölzschen;45 - 59 Jahre;weiblich;159
2025;92 Löbtau-Nord;StB 9 Cotta/westliche Ortschaften;15 Cotta, Löbtau, Naußlitz, Dölzschen;60 - 64 Jahre;männlich;84
2025;92 Löbtau-Nord;StB 9 Cotta/westliche Ortschaften;15 Cotta, Löbtau, Naußlitz, Dölzschen;60 - 64 Jahre;weiblich;77
2025;92 Löbtau-Nord;StB 9 Cotta/westliche Ortschaften;15 Cotta, Löbtau, Naußlitz, Dölzschen;65 Jahre u.älter;männlich;101
2025;92 Löbtau-Nord;StB 9 Cotta/westliche Ortschaften;15 Cotta, Löbtau, Naußlitz, Dölzschen;65 Jahre u.älter;weiblich;271
2025;93 Löbtau-Süd;StB 9 Cotta/westliche Ortschaften;15 Cotta, Löbtau, Naußlitz, Dölzschen;bis 24 Jahre;männlich;407
2025;93 Löbtau-Süd;StB 9 Cotta/westliche Ortschaften;15 Cotta, Löbtau, Naußlitz, Dölzschen;bis 24 Jahre;weiblich;461
2025;93 Löbtau-Süd;StB 9 Cotta/westliche Ortschaften;15 Cotta, Löbtau, Naußlitz, Dölzschen;25 - 44 Jahre;männlich;1398
2025;93 Löbtau-Süd;StB 9 Cotta/westliche Ortschaften;15 Cotta, Löbtau, Naußlitz, Dölzschen;25 - 44 Jahre;weiblich;813
2025;93 Löbtau-Süd;StB 9 Cotta/westliche Ortschaften;15 Cotta, Löbtau, Naußlitz, Dölzschen;45 - 59 Jahre;männlich;391
2025;93 Löbtau-Süd;StB 9 Cotta/westliche Ortschaften;15 Cotta, Löbtau, Naußlitz, Dölzschen;45 - 59 Jahre;weiblich;210
2025;93 Löbtau-Süd;StB 9 Cotta/westliche Ortschaften;15 Cotta, Löbtau, Naußlitz, Dölzschen;60 - 64 Jahre;männlich;115
2025;93 Löbtau-Süd;StB 9 Cotta/westliche Ortschaften;15 Cotta, Löbtau, Naußlitz, Dölzschen;60 - 64 Jahre;weiblich;118
2025;93 Löbtau-Süd;StB 9 Cotta/westliche Ortschaften;15 Cotta, Löbtau, Naußlitz, Dölzschen;65 Jahre u.älter;männlich;208
2025;93 Löbtau-Süd;StB 9 Cotta/westliche Ortschaften;15 Cotta, Löbtau, Naußlitz, Dölzschen;65 Jahre u.älter;weiblich;369
2025;94 Naußlitz;StB 9 Cotta/westliche Ortschaften;15 Cotta, Löbtau, Naußlitz, Dölzschen;bis 24 Jahre;männlich;122
2025;94 Naußlitz;StB 9 Cotta/westliche Ortschaften;15 Cotta, Löbtau, Naußlitz, Dölzschen;bis 24 Jahre;weiblich;117
2025;94 Naußlitz;StB 9 Cotta/westliche Ortschaften;15 Cotta, Löbtau, Naußlitz, Dölzschen;25 - 44 Jahre;männlich;515
2025;94 Naußlitz;StB 9 Cotta/westliche Ortschaften;15 Cotta, Löbtau, Naußlitz, Dölzschen;25 - 44 Jahre;weiblich;268
2025;94 Naußlitz;StB 9 Cotta/westliche Ortschaften;15 Cotta, Löbtau, Naußlitz, Dölzschen;45 - 59 Jahre;männlich;280
2025;94 Naußlitz;StB 9 Cotta/westliche Ortschaften;15 Cotta, Löbtau, Naußlitz, Dölzschen;45 - 59 Jahre;weiblich;210
2025;94 Naußlitz;StB 9 Cotta/westliche Ortschaften;15 Cotta, Löbtau, Naußlitz, Dölzschen;60 - 64 Jahre;männlich;121
2025;94 Naußlitz;StB 9 Cotta/westliche Ortschaften;15 Cotta, Löbtau, Naußlitz, Dölzschen;60 - 64 Jahre;weiblich;119
2025;94 Naußlitz;StB 9 Cotta/westliche Ortschaften;15 Cotta, Löbtau, Naußlitz, Dölzschen;65 Jahre u.älter;männlich;232
2025;94 Naußlitz;StB 9 Cotta/westliche Ortschaften;15 Cotta, Löbtau, Naußlitz, Dölzschen;65 Jahre u.älter;weiblich;431
2025;95 Gorbitz-Süd;StB 9 Cotta/westliche Ortschaften;16 Gorbitz;bis 24 Jahre;männlich;307
2025;95 Gorbitz-Süd;StB 9 Cotta/westliche Ortschaften;16 Gorbitz;bis 24 Jahre;weiblich;119
2025;95 Gorbitz-Süd;StB 9 Cotta/westliche Ortschaften;16 Gorbitz;25 - 44 Jahre;männlich;956
2025;95 Gorbitz-Süd;StB 9 Cotta/westliche Ortschaften;16 Gorbitz;25 - 44 Jahre;weiblich;236
2025;95 Gorbitz-Süd;StB 9 Cotta/westliche Ortschaften;16 Gorbitz;45 - 59 Jahre;männlich;394
2025;95 Gorbitz-Süd;StB 9 Cotta/westliche Ortschaften;16 Gorbitz;45 - 59 Jahre;weiblich;198
2025;95 Gorbitz-Süd;StB 9 Cotta/westliche Ortschaften;16 Gorbitz;60 - 64 Jahre;männlich;141
2025;95 Gorbitz-Süd;StB 9 Cotta/westliche Ortschaften;16 Gorbitz;60 - 64 Jahre;weiblich;100
2025;95 Gorbitz-Süd;StB 9 Cotta/westliche Ortschaften;16 Gorbitz;65 Jahre u.älter;männlich;322
2025;95 Gorbitz-Süd;StB 9 Cotta/westliche Ortschaften;16 Gorbitz;65 Jahre u.älter;weiblich;494
2025;96 Gorbitz-Ost;StB 9 Cotta/westliche Ortschaften;16 Gorbitz;bis 24 Jahre;männlich;168
2025;96 Gorbitz-Ost;StB 9 Cotta/westliche Ortschaften;16 Gorbitz;bis 24 Jahre;weiblich;107
2025;96 Gorbitz-Ost;StB 9 Cotta/westliche Ortschaften;16 Gorbitz;25 - 44 Jahre;männlich;482
2025;96 Gorbitz-Ost;StB 9 Cotta/westliche Ortschaften;16 Gorbitz;25 - 44 Jahre;weiblich;160
2025;96 Gorbitz-Ost;StB 9 Cotta/westliche Ortschaften;16 Gorbitz;45 - 59 Jahre;männlich;213
2025;96 Gorbitz-Ost;StB 9 Cotta/westliche Ortschaften;16 Gorbitz;45 - 59 Jahre;weiblich;134
2025;96 Gorbitz-Ost;StB 9 Cotta/westliche Ortschaften;16 Gorbitz;60 - 64 Jahre;männlich;85
2025;96 Gorbitz-Ost;StB 9 Cotta/westliche Ortschaften;16 Gorbitz;60 - 64 Jahre;weiblich;93
2025;96 Gorbitz-Ost;StB 9 Cotta/westliche Ortschaften;16 Gorbitz;65 Jahre u.älter;männlich;224
2025;96 Gorbitz-Ost;StB 9 Cotta/westliche Ortschaften;16 Gorbitz;65 Jahre u.älter;weiblich;526
2025;97 Gorbitz-Nord/Neu-Omsewitz;StB 9 Cotta/westliche Ortschaften;16 Gorbitz;bis 24 Jahre;männlich;162
2025;97 Gorbitz-Nord/Neu-Omsewitz;StB 9 Cotta/westliche Ortschaften;16 Gorbitz;bis 24 Jahre;weiblich;77
2025;97 Gorbitz-Nord/Neu-Omsewitz;StB 9 Cotta/westliche Ortschaften;16 Gorbitz;25 - 44 Jahre;männlich;486
2025;97 Gorbitz-Nord/Neu-Omsewitz;StB 9 Cotta/westliche Ortschaften;16 Gorbitz;25 - 44 Jahre;weiblich;119
2025;97 Gorbitz-Nord/Neu-Omsewitz;StB 9 Cotta/westliche Ortschaften;16 Gorbitz;45 - 59 Jahre;männlich;225
2025;97 Gorbitz-Nord/Neu-Omsewitz;StB 9 Cotta/westliche Ortschaften;16 Gorbitz;45 - 59 Jahre;weiblich;131
2025;97 Gorbitz-Nord/Neu-Omsewitz;StB 9 Cotta/westliche Ortschaften;16 Gorbitz;60 - 64 Jahre;männlich;93
2025;97 Gorbitz-Nord/Neu-Omsewitz;StB 9 Cotta/westliche Ortschaften;16 Gorbitz;60 - 64 Jahre;weiblich;89
2025;97 Gorbitz-Nord/Neu-Omsewitz;StB 9 Cotta/westliche Ortschaften;16 Gorbitz;65 Jahre u.älter;männlich;201
2025;97 Gorbitz-Nord/Neu-Omsewitz;StB 9 Cotta/westliche Ortschaften;16 Gorbitz;65 Jahre u.älter;weiblich;369
2025;98 Briesnitz;StB 9 Cotta/westliche Ortschaften;17 Briesnitz und westliche OS;bis 24 Jahre;männlich;129
2025;98 Briesnitz;StB 9 Cotta/westliche Ortschaften;17 Briesnitz und westliche OS;bis 24 Jahre;weiblich;111
2025;98 Briesnitz;StB 9 Cotta/westliche Ortschaften;17 Briesnitz und westliche OS;25 - 44 Jahre;männlich;433
2025;98 Briesnitz;StB 9 Cotta/westliche Ortschaften;17 Briesnitz und westliche OS;25 - 44 Jahre;weiblich;253
2025;98 Briesnitz;StB 9 Cotta/westliche Ortschaften;17 Briesnitz und westliche OS;45 - 59 Jahre;männlich;392
2025;98 Briesnitz;StB 9 Cotta/westliche Ortschaften;17 Briesnitz und westliche OS;45 - 59 Jahre;weiblich;246
2025;98 Briesnitz;StB 9 Cotta/westliche Ortschaften;17 Briesnitz und westliche OS;60 - 64 Jahre;männlich;136
2025;98 Briesnitz;StB 9 Cotta/westliche Ortschaften;17 Briesnitz und westliche OS;60 - 64 Jahre;weiblich;145
2025;98 Briesnitz;StB 9 Cotta/westliche Ortschaften;17 Briesnitz und westliche OS;65 Jahre u.älter;männlich;288
2025;98 Briesnitz;StB 9 Cotta/westliche Ortschaften;17 Briesnitz und westliche OS;65 Jahre u.älter;weiblich;547
2025;99 Altfranken/Gompitz;StB 9 Cotta/westliche Ortschaften;17 Briesnitz und westliche OS;bis 24 Jahre;männlich;21
2025;99 Altfranken/Gompitz;StB 9 Cotta/westliche Ortschaften;17 Briesnitz und westliche OS;bis 24 Jahre;weiblich;16
2025;99 Altfranken/Gompitz;StB 9 Cotta/westliche Ortschaften;17 Briesnitz und westliche OS;25 - 44 Jahre;männlich;78
2025;99 Altfranken/Gompitz;StB 9 Cotta/westliche Ortschaften;17 Briesnitz und westliche OS;25 - 44 Jahre;weiblich;47
2025;99 Altfranken/Gompitz;StB 9 Cotta/westliche Ortschaften;17 Briesnitz und westliche OS;45 - 59 Jahre;männlich;65
2025;99 Altfranken/Gompitz;StB 9 Cotta/westliche Ortschaften;17 Briesnitz und westliche OS;45 - 59 Jahre;weiblich;53
2025;99 Altfranken/Gompitz;StB 9 Cotta/westliche Ortschaften;17 Briesnitz und westliche OS;60 - 64 Jahre;männlich;33
2025;99 Altfranken/Gompitz;StB 9 Cotta/westliche Ortschaften;17 Briesnitz und westliche OS;60 - 64 Jahre;weiblich;42
2025;99 Altfranken/Gompitz;StB 9 Cotta/westliche Ortschaften;17 Briesnitz und westliche OS;65 Jahre u.älter;männlich;99
2025;99 Altfranken/Gompitz;StB 9 Cotta/westliche Ortschaften;17 Briesnitz und westliche OS;65 Jahre u.älter;weiblich;167
