Jahr;Pos.-Nr. der ICD-10;Todesursache;1. Quartal;2. Quartal;3. Quartal;4. Quartal;Insgesamt
2015;A00-T98;"Insgesamt                                                                                                                                                                      ";1498;1242;1289;1455;5484
2015;A00-B99;"KAPITEL I: Bestimmte infektiöse und parasitäre Krankheiten                                                                                                                     ";23;22;18;28;91
2015;A00-A09;"Infektiöse Darmkrankheiten                                                                                                                                                     ";10;10;6;9;35
2015;C00-D48;"KAPITEL II: Neubildungen                                                                                                                                                       ";312;309;343;353;1317
2015;C00-C97;"Bösartige Neubildungen                                                                                                                                                         ";303;299;334;345;1281
2015;C00-C14;"Bösartige Neubildungen der Lippe, der Mundhöhle und des Pharynx                                                                                                                ";9;11;8;10;38
2015;C15-C26;"Bösartige Neubildungen der Verdauungsorgane                                                                                                                                    ";100;99;111;112;422
2015;C30-C39;"Bösartige Neubildungen der Atmungsorgane und sonstiger intrathorakaler Organe                                                                                                  ";51;41;69;51;212
2015;C43-C44;"Melanom und sonstige bösartige Neubildungen der Haut                                                                                                                           ";10;5;3;5;23
2015;C50;"Bösartige Neubildung der Brustdrüse                                                                                                                                            ";29;17;28;24;98
2015;C51-C58;"Bösartige Neubildungen der weiblichen Genitalorgane                                                                                                                            ";19;14;15;16;64
2015;C60-C63;"Bösartige Neubildungen der männlichen Genitalorgane                                                                                                                            ";11;22;19;22;74
2015;C64-C68;"Bösartige Neubildungen der Harnorgane                                                                                                                                          ";19;20;20;21;80
2015;C69-C72;"Bösartige Neubildungen des Auges, des Gehirns und des Zentralnervensystems                                                                                                     ";5;10;8;11;34
2015;C81-C96;"Bösartige Neubildungen des lymphatischen, blutbildenden und verwandten Gewebes                                                                                                 ";29;32;31;37;129
2015;D50-D89;"KAPITEL III: Krankheiten des Blutes und der blutbildenden Organe sowie bestimmte Störungen mit Beteiligung des Immunsystems                                                    ";4;3;5;6;18
2015;E00-E90;"KAPITEL IV: Endokrine, Ernährungs- und Stoffwechselkrankheiten                                                                                                                 ";42;46;40;46;174
2015;E10-E14;"Diabetes mellitus                                                                                                                                                              ";30;35;28;35;128
2015;F00-F99;"KAPITEL V: Psychische und Verhaltensstörungen                                                                                                                                  ";86;72;71;82;311
2015;F10-F19;"Psychische und Verhaltensstörungen durch psychotrope Substanzen                                                                                                                ";8;8;8;4;28
2015;G00-G99, H00-H95;"KAPITEL VI-VIII: Krankheiten des Nervensystems, des Auges und der Augenanhangsgebilde, des Ohres und des Warzenfortsatzes                                                      ";54;45;45;54;198
2015;I00-I99;"KAPITEL IX: Krankheiten des Kreislaufsystems                                                                                                                                   ";628;479;510;568;2185
2015;I10-I15;"Hypertonie (Hochdruckkrankheit)                                                                                                                                                ";106;89;71;92;358
2015;I20-I25;"Ischämische Herzkrankheiten                                                                                                                                                    ";249;178;210;227;864
2015;I21;"Akuter Myokardinfarkt                                                                                                                                                          ";84;63;64;94;305
2015;I30-I52;"Sonstige Formen der Herzkrankheit                                                                                                                                              ";148;104;126;126;504
2015;I60-I69;"Zerebrovaskuläre Krankheiten                                                                                                                                                   ";89;81;76;93;339
2015;I64;"Schlaganfall, nicht als Blutung oder Infarkt bez.                                                                                                                              ";14;12;16;16;58
2015;I70-I79;"Krankheiten der Arterien, Arteriolen und Kapillaren                                                                                                                            ";11;12;6;12;41
2015;J00-J99;"KAPITEL X: Krankheiten des Atmungssystems                                                                                                                                      ";120;69;75;76;340
2015;J09-J18;"Grippe und Pneumonie                                                                                                                                                           ";43;25;15;12;95
2015;J40-J47;"Chronische Krankheiten der unteren Atemwege                                                                                                                                    ";62;36;51;50;199
2015;K00-K93;"KAPITEL XI: Krankheiten des Verdauungssystems                                                                                                                                  ";66;58;58;54;236
2015;K70-K77;"Krankheiten der Leber                                                                                                                                                          ";34;30;30;23;117
2015;L00-L99, M00-M99;"Kapitel XII, XIII: Krankheiten der Haut und der Unterhaut, Krankheiten des Muskel-Skelett-Systems und des Bindegewebes                                                         ";12;8;10;18;48
2015;N00-N99;"KAPITEL XIV: Krankheiten des Urogenitalsystems                                                                                                                                 ";24;20;5;27;76
2015;N17-N19;"Niereninsuffizienz                                                                                                                                                             ";-;-;-;-;45
2015;O00-O99;"KAPITEL XV: Schwangerschaft, Geburt und Wochenbett                                                                                                                             ";0;0;0;0;0
2015;P00-P96, Q00-Q99;"KAPITEL XVI, XVII: Bestimmte Zustände, die ihren Ursprung in der Perinatalperiode haben, angeborene Fehlbildungen, Deformitäten und Chromosomenanomalien                       ";-;-;-;-;27
2015;R00-R99;"KAPITEL XVIII: Symptome und abnorme klinische und Laborbefunde, die a.n.k. sind                                                                                                ";44;37;26;52;159
2015;S00-T98;"KAPITEL XIX: Verletzungen, Vergiftungen und bestimmte andere Folgen äußerer Ursachen                                                                                           ";78;70;77;79;304
2015;S00-S09;"Verletzungen des Kopfes                                                                                                                                                        ";19;12;24;18;73
2015;S70-S79;"Verletzungen der Hüfte und des Oberschenkels                                                                                                                                   ";6;9;10;10;35
2015;T00-T07;"Verletzungen mit Beteiligung mehrerer Körperregionen                                                                                                                           ";8;7;4;13;32
2015;T66-T78;"Sonstige und n.n.bez. Schäden durch äußere Ursachen                                                                                                                            ";12;14;11;7;44
2015;W00-W19;"Stürze                                                                                                                                                                         ";25;23;28;32;108
2015;X60-X84;"Vorsätzliche Selbstbeschädigung                                                                                                                                                ";17;23;22;19;81
2016;A00-T98;"Insgesamt                                                                                                                                                                      ";1436;1150;1207;1342;5135
2016;A00-B99;"KAPITEL I: Bestimmte infektiöse und parasitäre Krankheiten                                                                                                                     ";22;10;11;20;63
2016;A00-A09;"Infektiöse Darmkrankheiten                                                                                                                                                     ";9;3;6;5;23
2016;C00-D48;"KAPITEL II: Neubildungen                                                                                                                                                       ";382;295;326;346;1349
2016;C00-C97;"Bösartige Neubildungen                                                                                                                                                         ";373;285;313;335;1306
2016;C00-C14;"Bösartige Neubildungen der Lippe, der Mundhöhle und des Pharynx                                                                                                                ";7;14;11;10;42
2016;C15-C26;"Bösartige Neubildungen der Verdauungsorgane                                                                                                                                    ";137;103;108;114;462
2016;C30-C39;"Bösartige Neubildungen der Atmungsorgane und sonstiger intrathorakaler Organe                                                                                                  ";60;37;55;64;216
2016;C43-C44;"Melanom und sonstige bösartige Neubildungen der Haut                                                                                                                           ";4;5;3;3;15
2016;C50;"Bösartige Neubildung der Brustdrüse                                                                                                                                            ";20;16;16;17;69
2016;C51-C58;"Bösartige Neubildungen der weiblichen Genitalorgane                                                                                                                            ";14;14;21;18;67
2016;C60-C63;"Bösartige Neubildungen der männlichen Genitalorgane                                                                                                                            ";19;12;17;22;70
2016;C64-C68;"Bösartige Neubildungen der Harnorgane                                                                                                                                          ";29;14;20;21;84
2016;C69-C72;"Bösartige Neubildungen des Auges, des Gehirns und des Zentralnervensystems                                                                                                     ";17;10;11;13;51
2016;C81-C96;"Bösartige Neubildungen des lymphatischen, blutbildenden und verwandten Gewebes                                                                                                 ";38;33;29;34;134
2016;D50-D89;"KAPITEL III: Krankheiten des Blutes und der blutbildenden Organe sowie bestimmte Störungen mit Beteiligung des Immunsystems                                                    ";9;4;5;6;24
2016;E00-E90;"KAPITEL IV: Endokrine, Ernährungs- und Stoffwechselkrankheiten                                                                                                                 ";28;35;22;32;117
2016;E10-E14;"Diabetes mellitus                                                                                                                                                              ";22;27;18;25;92
2016;F00-F99;"KAPITEL V: Psychische und Verhaltensstörungen                                                                                                                                  ";76;64;80;82;302
2016;F10-F19;"Psychische und Verhaltensstörungen durch psychotrope Substanzen                                                                                                                ";7;6;8;8;29
2016;G00-G99, H00-H95;"KAPITEL VI-VIII: Krankheiten des Nervensystems, des Auges und der Augenanhangsgebilde, des Ohres und des Warzenfortsatzes                                                      ";51;55;37;55;198
2016;I00-I99;"KAPITEL IX: Krankheiten des Kreislaufsystems                                                                                                                                   ";534;447;440;520;1941
2016;I10-I15;"Hypertonie (Hochdruckkrankheit)                                                                                                                                                ";92;77;77;82;328
2016;I20-I25;"Ischämische Herzkrankheiten                                                                                                                                                    ";236;176;200;188;800
2016;I21;"Akuter Myokardinfarkt                                                                                                                                                          ";81;57;80;64;282
2016;I30-I52;"Sonstige Formen der Herzkrankheit                                                                                                                                              ";102;96;91;128;417
2016;I60-I69;"Zerebrovaskuläre Krankheiten                                                                                                                                                   ";69;76;49;81;275
2016;I64;"Schlaganfall, nicht als Blutung oder Infarkt bez.                                                                                                                              ";11;19;12;15;57
2016;I70-I79;"Krankheiten der Arterien, Arteriolen und Kapillaren                                                                                                                            ";10;8;13;15;46
2016;J00-J99;"KAPITEL X: Krankheiten des Atmungssystems                                                                                                                                      ";98;54;58;74;284
2016;J09-J18;"Grippe und Pneumonie                                                                                                                                                           ";28;8;11;22;69
2016;J40-J47;"Chronische Krankheiten der unteren Atemwege                                                                                                                                    ";61;35;32;37;165
2016;K00-K93;"KAPITEL XI: Krankheiten des Verdauungssystems                                                                                                                                  ";69;61;67;49;246
2016;K70-K77;"Krankheiten der Leber                                                                                                                                                          ";31;30;24;17;102
2016;L00-L99, M00-M99;"Kapitel XII, XIII: Krankheiten der Haut und der Unterhaut, Krankheiten des Muskel-Skelett-Systems und des Bindegewebes                                                         ";6;10;9;9;34
2016;N00-N99;"KAPITEL XIV: Krankheiten des Urogenitalsystems                                                                                                                                 ";29;16;23;20;88
2016;N17-N19;"Niereninsuffizienz                                                                                                                                                             ";13;10;15;7;45
2016;O00-O99;"KAPITEL XV: Schwangerschaft, Geburt und Wochenbett                                                                                                                             ";-;-;-;-;-
2016;P00-P96, Q00-Q99;"KAPITEL XVI, XVII: Bestimmte Zustände, die ihren Ursprung in der Perinatalperiode haben, angeborene Fehlbildungen, Deformitäten und Chromosomenanomalien                       ";-;-;-;-;-
2016;R00-R99;"KAPITEL XVIII: Symptome und abnorme klinische und Laborbefunde, die a.n.k. sind                                                                                                ";37;41;54;50;182
2016;S00-T98;"KAPITEL XIX: Verletzungen, Vergiftungen und bestimmte andere Folgen äußerer Ursachen                                                                                           ";90;58;71;77;296
2016;S00-S09;"Verletzungen des Kopfes                                                                                                                                                        ";15;12;13;19;59
2016;S70-S79;"Verletzungen der Hüfte und des Oberschenkels                                                                                                                                   ";6;7;10;11;34
2016;T00-T07;"Verletzungen mit Beteiligung mehrerer Körperregionen                                                                                                                           ";6;6;7;6;25
2016;T66-T78;"Sonstige und n.n.bez. Schäden durch äußere Ursachen                                                                                                                            ";17;5;13;10;45
2016;W00-W19;"Stürze                                                                                                                                                                         ";25;18;24;31;98
2016;X60-X84;"Vorsätzliche Selbstbeschädigung                                                                                                                                                ";21;16;20;13;70
2017;A00-T98;"Insgesamt                                                                                                                                                                      ";1509;1287;1259;1304;5359
2017;A00-B99;"KAPITEL I: Bestimmte infektiöse und parasitäre Krankheiten                                                                                                                     ";32;17;11;16;76
2017;A00-A09;"Infektiöse Darmkrankheiten                                                                                                                                                     ";11;5;3;5;24
2017;C00-D48;"KAPITEL II: Neubildungen                                                                                                                                                       ";323;319;332;319;1293
2017;C00-C97;"Bösartige Neubildungen                                                                                                                                                         ";315;306;322;311;1254
2017;C00-C14;"Bösartige Neubildungen der Lippe, der Mundhöhle und des Pharynx                                                                                                                ";10;15;10;9;44
2017;C15-C26;"Bösartige Neubildungen der Verdauungsorgane                                                                                                                                    ";101;119;102;110;432
2017;C30-C39;"Bösartige Neubildungen der Atmungsorgane und sonstiger intrathorakaler Organe                                                                                                  ";59;35;46;50;190
2017;C43-C44;"Melanom und sonstige bösartige Neubildungen der Haut                                                                                                                           ";-;-;-;-;16
2017;C50;"Bösartige Neubildung der Brustdrüse                                                                                                                                            ";16;22;31;22;91
2017;C51-C58;"Bösartige Neubildungen der weiblichen Genitalorgane                                                                                                                            ";14;12;9;10;45
2017;C60-C63;"Bösartige Neubildungen der männlichen Genitalorgane                                                                                                                            ";16;20;27;16;79
2017;C64-C68;"Bösartige Neubildungen der Harnorgane                                                                                                                                          ";29;17;26;26;98
2017;C69-C72;"Bösartige Neubildungen des Auges, des Gehirns und des Zentralnervensystems                                                                                                     ";10;9;16;8;43
2017;C81-C96;"Bösartige Neubildungen des lymphatischen, blutbildenden und verwandten Gewebes                                                                                                 ";33;34;22;27;116
2017;D50-D89;"KAPITEL III: Krankheiten des Blutes und der blutbildenden Organe sowie bestimmte Störungen mit Beteiligung des Immunsystems                                                    ";-;-;-;-;12
2017;E00-E90;"KAPITEL IV: Endokrine, Ernährungs- und Stoffwechselkrankheiten                                                                                                                 ";49;34;28;36;147
2017;E10-E14;"Diabetes mellitus                                                                                                                                                              ";42;29;19;29;119
2017;F00-F99;"KAPITEL V: Psychische und Verhaltensstörungen                                                                                                                                  ";89;80;71;67;307
2017;F10-F19;"Psychische und Verhaltensstörungen durch psychotrope Substanzen                                                                                                                ";9;9;9;3;30
2017;G00-G99, H00-H95;"KAPITEL VI-VIII: Krankheiten des Nervensystems, des Auges und der Augenanhangsgebilde, des Ohres und des Warzenfortsatzes                                                      ";68;48;60;59;235
2017;I00-I99;"KAPITEL IX: Krankheiten des Kreislaufsystems                                                                                                                                   ";574;493;463;518;2048
2017;I10-I15;"Hypertonie (Hochdruckkrankheit)                                                                                                                                                ";109;89;72;88;358
2017;I20-I25;"Ischämische Herzkrankheiten                                                                                                                                                    ";192;203;189;209;793
2017;I21;"Akuter Myokardinfarkt                                                                                                                                                          ";56;70;69;69;264
2017;I30-I52;"Sonstige Formen der Herzkrankheit                                                                                                                                              ";143;104;103;122;472
2017;I60-I69;"Zerebrovaskuläre Krankheiten                                                                                                                                                   ";95;71;69;67;302
2017;I64;"Schlaganfall, nicht als Blutung oder Infarkt bez.                                                                                                                              ";10;9;10;11;40
2017;I70-I79;"Krankheiten der Arterien, Arteriolen und Kapillaren                                                                                                                            ";14;11;10;9;44
2017;J00-J99;"KAPITEL X: Krankheiten des Atmungssystems                                                                                                                                      ";116;75;51;68;310
2017;J09-J18;"Grippe und Pneumonie                                                                                                                                                           ";42;10;13;14;79
2017;J40-J47;"Chronische Krankheiten der unteren Atemwege                                                                                                                                    ";64;53;32;46;195
2017;K00-K93;"KAPITEL XI: Krankheiten des Verdauungssystems                                                                                                                                  ";69;67;68;58;262
2017;K70-K77;"Krankheiten der Leber                                                                                                                                                          ";33;35;40;24;132
2017;L00-L99, M00-M99;"Kapitel XII, XIII: Krankheiten der Haut und der Unterhaut, Krankheiten des Muskel-Skelett-Systems und des Bindegewebes                                                         ";13;7;8;10;38
2017;N00-N99;"KAPITEL XIV: Krankheiten des Urogenitalsystems                                                                                                                                 ";26;20;27;18;91
2017;N17-N19;"Niereninsuffizienz                                                                                                                                                             ";14;8;10;7;39
2017;O00-O99;"KAPITEL XV: Schwangerschaft, Geburt und Wochenbett                                                                                                                             ";0;0;0;0;0
2017;P00-P96, Q00-Q99;"KAPITEL XVI, XVII: Bestimmte Zustände, die ihren Ursprung in der Perinatalperiode haben, angeborene Fehlbildungen, Deformitäten und Chromosomenanomalien                       ";-;-;-;-;16
2017;R00-R99;"KAPITEL XVIII: Symptome und abnorme klinische und Laborbefunde, die a.n.k. sind                                                                                                ";57;38;50;34;179
2017;S00-T98;"KAPITEL XIX: Verletzungen, Vergiftungen und bestimmte andere Folgen äußerer Ursachen                                                                                           ";86;78;86;95;345
2017;S00-S09;"Verletzungen des Kopfes                                                                                                                                                        ";17;10;16;26;69
2017;S70-S79;"Verletzungen der Hüfte und des Oberschenkels                                                                                                                                   ";8;15;10;12;45
2017;T00-T07;"Verletzungen mit Beteiligung mehrerer Körperregionen                                                                                                                           ";-;-;-;-;24
2017;T66-T78;"Sonstige und n.n.bez. Schäden durch äußere Ursachen                                                                                                                            ";14;11;8;17;50
2017;W00-W19;"Stürze                                                                                                                                                                         ";37;30;34;36;137
2017;X60-X84;"Vorsätzliche Selbstbeschädigung                                                                                                                                                ";13;23;18;25;79
2018;A00-T98;"Insgesamt                                                                                                                                                                      ";1641;1287;1334;1306;5568
2018;A00-B99;"KAPITEL I: Bestimmte infektiöse und parasitäre Krankheiten                                                                                                                     ";22;16;9;18;65
2018;A00-A09;"Infektiöse Darmkrankheiten                                                                                                                                                     ";10;8;3;4;25
2018;C00-D48;"KAPITEL II: Neubildungen                                                                                                                                                       ";324;296;370;336;1326
2018;C00-C97;"Bösartige Neubildungen                                                                                                                                                         ";309;279;359;328;1275
2018;C00-C14;"Bösartige Neubildungen der Lippe, der Mundhöhle und des Pharynx                                                                                                                ";13;10;13;8;44
2018;C15-C26;"Bösartige Neubildungen der Verdauungsorgane                                                                                                                                    ";91;96;121;108;416
2018;C30-C39;"Bösartige Neubildungen der Atmungsorgane und sonstiger intrathorakaler Organe                                                                                                  ";65;46;46;57;214
2018;C43-C44;"Melanom und sonstige bösartige Neubildungen der Haut                                                                                                                           ";5;6;5;4;20
2018;C50;"Bösartige Neubildung der Brustdrüse                                                                                                                                            ";28;18;24;29;99
2018;C51-C58;"Bösartige Neubildungen der weiblichen Genitalorgane                                                                                                                            ";14;21;13;17;65
2018;C60-C63;"Bösartige Neubildungen der männlichen Genitalorgane                                                                                                                            ";15;16;21;20;72
2018;C64-C68;"Bösartige Neubildungen der Harnorgane                                                                                                                                          ";12;19;34;23;88
2018;C69-C72;"Bösartige Neubildungen des Auges, des Gehirns und des Zentralnervensystems                                                                                                     ";8;8;16;10;42
2018;C81-C96;"Bösartige Neubildungen des lymphatischen, blutbildenden und verwandten Gewebes                                                                                                 ";34;22;42;35;133
2018;D50-D89;"KAPITEL III: Krankheiten des Blutes und der blutbildenden Organe sowie bestimmte Störungen mit Beteiligung des Immunsystems                                                    ";-;4;-;5;11
2018;E00-E90;"KAPITEL IV: Endokrine, Ernährungs- und Stoffwechselkrankheiten                                                                                                                 ";43;41;35;36;155
2018;E10-E14;"Diabetes mellitus                                                                                                                                                              ";30;32;27;28;117
2018;F00-F99;"KAPITEL V: Psychische und Verhaltensstörungen                                                                                                                                  ";115;71;83;81;350
2018;F10-F19;"Psychische und Verhaltensstörungen durch psychotrope Substanzen                                                                                                                ";10;5;9;6;30
2018;G00-G99, H00-H95;"KAPITEL VI-VIII: Krankheiten des Nervensystems, des Auges und der Augenanhangsgebilde, des Ohres und des Warzenfortsatzes                                                      ";73;46;65;59;243
2018;I00-I99;"KAPITEL IX: Krankheiten des Kreislaufsystems                                                                                                                                   ";666;529;512;474;2181
2018;I10-I15;"Hypertonie (Hochdruckkrankheit)                                                                                                                                                ";119;85;97;70;371
2018;I20-I25;"Ischämische Herzkrankheiten                                                                                                                                                    ";227;201;195;191;814
2018;I21-I22;"Akuter und rezidivierender Myokardinfarkt                                                                                                                                      ";78;68;68;72;286
2018;I30-I52;"Sonstige Formen der Herzkrankheit                                                                                                                                              ";164;134;113;118;529
2018;I60-I69;"Zerebrovaskuläre Krankheiten                                                                                                                                                   ";115;69;70;67;321
2018;I64;"Schlaganfall, nicht als Blutung oder Infarkt bez.                                                                                                                              ";23;15;14;11;63
2018;I70-I79;"Krankheiten der Arterien, Arteriolen und Kapillaren                                                                                                                            ";16;15;10;11;52
2018;J00-J99;"KAPITEL X: Krankheiten des Atmungssystems                                                                                                                                      ";144;70;54;60;328
2018;J09-J18;"Grippe und Pneumonie                                                                                                                                                           ";64;25;11;13;113
2018;J40-J47;"Chronische Krankheiten der unteren Atemwege                                                                                                                                    ";63;35;31;35;164
2018;K00-K93;"KAPITEL XI: Krankheiten des Verdauungssystems                                                                                                                                  ";82;59;55;76;272
2018;K70-K77;"Krankheiten der Leber                                                                                                                                                          ";37;23;25;35;120
2018;L00-L99, M00-M99;"Kapitel XII, XIII: Krankheiten der Haut und der Unterhaut, Krankheiten des Muskel-Skelett-Systems und des Bindegewebes                                                         ";-;8;-;4;30
2018;N00-N99;"KAPITEL XIV: Krankheiten des Urogenitalsystems                                                                                                                                 ";20;17;23;30;90
2018;N17-N19;"Niereninsuffizienz                                                                                                                                                             ";10;11;8;14;43
2018;O00-O99;"KAPITEL XV: Schwangerschaft, Geburt und Wochenbett                                                                                                                             ";0;0;0;0;0
2018;P00-P96, Q00-Q99;"KAPITEL XVI, XVII: Bestimmte Zustände, die ihren Ursprung in der Perinatalperiode haben, angeborene Fehlbildungen, Deformitäten und Chromosomenanomalien                       ";4;7;5;3;19
2018;R00-R99;"KAPITEL XVIII: Symptome und abnorme klinische und Laborbefunde, die a.n.k. sind                                                                                                ";43;42;43;39;167
2018;S00-T98;"KAPITEL XIX: Verletzungen, Vergiftungen und bestimmte andere Folgen äußerer Ursachen                                                                                           ";93;81;72;85;331
2018;S00-S09;"Verletzungen des Kopfes                                                                                                                                                        ";16;19;16;17;68
2018;S70-S79;"Verletzungen der Hüfte und des Oberschenkels                                                                                                                                   ";14;9;9;19;51
2018;T00-T07;"Verletzungen mit Beteiligung mehrerer Körperregionen                                                                                                                           ";6;9;11;4;30
2018;T66-T78;"Sonstige und n.n.bez. Schäden durch äußere Ursachen                                                                                                                            ";19;13;14;8;54
2018;W00-W19;"Stürze                                                                                                                                                                         ";35;32;24;38;129
2018;X60-X84;"Vorsätzliche Selbstbeschädigung                                                                                                                                                ";24;22;17;15;78
2019;A00-T98;"Insgesamt                                                                                                                                                                      ";1452;1326;1332;1453;5563
2019;A00-B99;"KAPITEL I: Bestimmte infektiöse und parasitäre Krankheiten                                                                                                                     ";15;20;14;24;73
2019;A00-A09;"Infektiöse Darmkrankheiten                                                                                                                                                     ";6;6;4;9;25
2019;C00-D48;"KAPITEL II: Neubildungen                                                                                                                                                       ";346;322;352;368;1388
2019;C00-C97;"Bösartige Neubildungen                                                                                                                                                         ";331;307;344;350;1332
2019;C00-C14;"Bösartige Neubildungen der Lippe, der Mundhöhle und des Pharynx                                                                                                                ";4;9;15;10;38
2019;C15-C26;"Bösartige Neubildungen der Verdauungsorgane                                                                                                                                    ";99;98;113;122;432
2019;C30-C39;"Bösartige Neubildungen der Atmungsorgane und sonstiger intrathorakaler Organe                                                                                                  ";51;47;50;51;199
2019;C43-C44;"Melanom und sonstige bösartige Neubildungen der Haut                                                                                                                           ";6;0;6;5;17
2019;C50;"Bösartige Neubildung der Brustdrüse                                                                                                                                            ";21;18;21;25;85
2019;C51-C58;"Bösartige Neubildungen der weiblichen Genitalorgane                                                                                                                            ";29;18;14;13;74
2019;C60-C63;"Bösartige Neubildungen der männlichen Genitalorgane                                                                                                                            ";19;24;20;29;92
2019;C64-C68;"Bösartige Neubildungen der Harnorgane                                                                                                                                          ";24;30;36;24;114
2019;C69-C72;"Bösartige Neubildungen des Auges, des Gehirns und des Zentralnervensystems                                                                                                     ";13;7;9;11;40
2019;C81-C96;"Bösartige Neubildungen des lymphatischen, blutbildenden und verwandten Gewebes                                                                                                 ";43;34;30;33;140
2019;D50-D89;"KAPITEL III: Krankheiten des Blutes und der blutbildenden Organe sowie bestimmte Störungen mit Beteiligung des Immunsystems                                                    ";13;3;6;5;27
2019;E00-E90;"KAPITEL IV: Endokrine, Ernährungs- und Stoffwechselkrankheiten                                                                                                                 ";36;31;45;49;161
2019;E10-E14;"Diabetes mellitus                                                                                                                                                              ";28;23;36;38;125
2019;F00-F99;"KAPITEL V: Psychische und Verhaltensstörungen                                                                                                                                  ";89;81;95;87;352
2019;F10-F19;"Psychische und Verhaltensstörungen durch psychotrope Substanzen                                                                                                                ";9;9;7;4;29
2019;G00-G99, H00-H95;"KAPITEL VI-VIII: Krankheiten des Nervensystems, des Auges und der Augenanhangsgebilde, des Ohres und des Warzenfortsatzes                                                      ";58;59;70;85;272
2019;I00-I99;"KAPITEL IX: Krankheiten des Kreislaufsystems                                                                                                                                   ";527;522;490;520;2059
2019;I10-I15;"Hypertonie (Hochdruckkrankheit)                                                                                                                                                ";93;82;87;82;344
2019;I20-I25;"Ischämische Herzkrankheiten                                                                                                                                                    ";195;185;186;189;755
2019;I21-I22;"Akuter und rezidivierender Myokardinfarkt                                                                                                                                      ";63;60;74;67;264
2019;I30-I52;"Sonstige Formen der Herzkrankheit                                                                                                                                              ";132;147;108;134;521
2019;I60-I69;"Zerebrovaskuläre Krankheiten                                                                                                                                                   ";81;74;81;80;316
2019;I64;"Schlaganfall, nicht als Blutung oder Infarkt bez.                                                                                                                              ";11;10;12;14;47
2019;I70-I79;"Krankheiten der Arterien, Arteriolen und Kapillaren                                                                                                                            ";10;17;10;8;45
2019;J00-J99;"KAPITEL X: Krankheiten des Atmungssystems                                                                                                                                      ";97;79;59;86;321
2019;J09-J18;"Grippe und Pneumonie                                                                                                                                                           ";33;22;14;21;90
2019;J40-J47;"Chronische Krankheiten der unteren Atemwege                                                                                                                                    ";45;44;27;49;165
2019;K00-K93;"KAPITEL XI: Krankheiten des Verdauungssystems                                                                                                                                  ";60;50;57;57;224
2019;K70-K77;"Krankheiten der Leber                                                                                                                                                          ";30;20;16;27;93
2019;L00-L99, M00-M99;"Kapitel XII, XIII: Krankheiten der Haut und der Unterhaut, Krankheiten des Muskel-Skelett-Systems und des Bindegewebes                                                         ";13;13;10;14;50
2019;N00-N99;"KAPITEL XIV: Krankheiten des Urogenitalsystems                                                                                                                                 ";25;23;9;24;81
2019;N17-N19;"Niereninsuffizienz                                                                                                                                                             ";9;11;5;11;36
2019;O00-O99;"KAPITEL XV: Schwangerschaft, Geburt und Wochenbett                                                                                                                             ";0;0;0;0;0
2019;P00-P96, Q00-Q99;"KAPITEL XVI, XVII: Bestimmte Zustände, die ihren Ursprung in der Perinatalperiode haben, angeborene Fehlbildungen, Deformitäten und Chromosomenanomalien                       ";10;3;5;5;23
2019;R00-R99;"KAPITEL XVIII: Symptome und abnorme klinische und Laborbefunde, die a.n.k. sind                                                                                                ";54;34;31;42;161
2019;S00-T98;"KAPITEL XIX: Verletzungen, Vergiftungen und bestimmte andere Folgen äußerer Ursachen                                                                                           ";109;86;89;87;371
2019;S00-S09;"Verletzungen des Kopfes                                                                                                                                                        ";25;15;19;23;82
2019;S70-S79;"Verletzungen der Hüfte und des Oberschenkels                                                                                                                                   ";11;14;17;20;62
2019;T00-T07;"Verletzungen mit Beteiligung mehrerer Körperregionen                                                                                                                           ";7;12;6;3;28
2019;T66-T78;"Sonstige und n.n.bez. Schäden durch äußere Ursachen                                                                                                                            ";14;16;13;8;51
2019;W00-W19;"Stürze                                                                                                                                                                         ";48;36;48;46;178
2019;X60-X84;"Vorsätzliche Selbstbeschädigung                                                                                                                                                ";19;15;15;12;61
2020;A00-U48;"Insgesamt                                                                                                                                                                      ";1516;1307;1362;1980;6165
2020;A00-B99;"KAPITEL I: Bestimmte infektiöse und parasitäre Krankheiten                                                                                                                     ";13;11;12;12;48
2020;A00-A09;"Infektiöse Darmkrankheiten                                                                                                                                                     ";6;3;7;6;22
2020;C00-D48;"KAPITEL II: Neubildungen                                                                                                                                                       ";352;341;334;355;1382
2020;C00-C97;"Bösartige Neubildungen                                                                                                                                                         ";343;335;324;343;1345
2020;C00-C14;"Bösartige Neubildungen der Lippe, der Mundhöhle und des Pharynx                                                                                                                ";4;9;9;4;26
2020;C15-C26;"Bösartige Neubildungen der Verdauungsorgane                                                                                                                                    ";115;130;111;99;455
2020;C30-C39;"Bösartige Neubildungen der Atmungsorgane und sonstiger intrathorakaler Organe                                                                                                  ";58;51;53;63;225
2020;C43-C44;"Melanom und sonstige bösartige Neubildungen der Haut                                                                                                                           ";5;8;5;7;25
2020;C50;"Bösartige Neubildung der Brustdrüse                                                                                                                                            ";22;23;23;22;90
2020;C51-C58;"Bösartige Neubildungen der weiblichen Genitalorgane                                                                                                                            ";12;15;18;19;64
2020;C60-C63;"Bösartige Neubildungen der männlichen Genitalorgane                                                                                                                            ";28;20;26;26;100
2020;C64-C68;"Bösartige Neubildungen der Harnorgane                                                                                                                                          ";25;17;22;36;100
2020;C69-C72;"Bösartige Neubildungen des Auges, des Gehirns und des Zentralnervensystems                                                                                                     ";12;10;8;13;43
2020;C81-C96;"Bösartige Neubildungen des lymphatischen, blutbildenden und verwandten Gewebes                                                                                                 ";39;28;31;34;132
2020;D50-D89;"KAPITEL III: Krankheiten des Blutes und der blutbildenden Organe sowie bestimmte Störungen mit Beteiligung des Immunsystems                                                    ";7;3;7;6;23
2020;E00-E90;"KAPITEL IV: Endokrine, Ernährungs- und Stoffwechselkrankheiten                                                                                                                 ";43;37;32;54;166
2020;E10-E14;"Diabetes mellitus                                                                                                                                                              ";31;27;23;42;123
2020;F00-F99;"KAPITEL V: Psychische und Verhaltensstörungen                                                                                                                                  ";101;88;94;116;399
2020;F10-F19;"Psychische und Verhaltensstörungen durch psychotrope Substanzen                                                                                                                ";9;10;12;8;39
2020;G00-G99, H00-H95;"KAPITEL VI-VIII: Krankheiten des Nervensystems, des Auges und der Augenanhangsgebilde, des Ohres und des Warzenfortsatzes                                                      ";71;53;73;68;265
2020;I00-I99;"KAPITEL IX: Krankheiten des Kreislaufsystems                                                                                                                                   ";585;486;492;605;2168
2020;I10-I15;"Hypertonie (Hochdruckkrankheit)                                                                                                                                                ";112;97;69;114;392
2020;I20-I25;"Ischämische Herzkrankheiten                                                                                                                                                    ";201;175;177;199;752
2020;I21-I22;"Akuter und rezidivierender Myokardinfarkt                                                                                                                                      ";49;63;62;56;230
2020;I30-I52;"Sonstige Formen der Herzkrankheit                                                                                                                                              ";150;113;131;160;554
2020;I60-I69;"Zerebrovaskuläre Krankheiten                                                                                                                                                   ";79;72;79;105;335
2020;I64;"Schlaganfall, nicht als Blutung oder Infarkt bez.                                                                                                                              ";17;7;8;18;50
2020;I70-I79;"Krankheiten der Arterien, Arteriolen und Kapillaren                                                                                                                            ";18;10;16;10;54
2020;J00-J99;"KAPITEL X: Krankheiten des Atmungssystems                                                                                                                                      ";115;78;65;86;344
2020;J09-J18;"Grippe und Pneumonie                                                                                                                                                           ";46;24;19;23;112
2020;J40-J47;"Chronische Krankheiten der unteren Atemwege                                                                                                                                    ";56;43;37;52;188
2020;K00-K93;"KAPITEL XI: Krankheiten des Verdauungssystems                                                                                                                                  ";50;59;73;69;251
2020;K70-K77;"Krankheiten der Leber                                                                                                                                                          ";25;26;36;34;121
2020;L00-L99, M00-M99;"Kapitel XII, XIII: Krankheiten der Haut und der Unterhaut, Krankheiten des Muskel-Skelett-Systems und des Bindegewebes                                                         ";14;13;9;15;51
2020;N00-N99;"KAPITEL XIV: Krankheiten des Urogenitalsystems                                                                                                                                 ";19;25;25;18;87
2020;N17-N19;"Niereninsuffizienz                                                                                                                                                             ";9;11;11;6;37
2020;O00-O99;"KAPITEL XV: Schwangerschaft, Geburt und Wochenbett                                                                                                                             ";-;-;-;-;-
2020;P00-P96, Q00-Q99;"KAPITEL XVI, XVII: Bestimmte Zustände, die ihren Ursprung in der Perinatalperiode haben, angeborene Fehlbildungen, Deformitäten und Chromosomenanomalien                       ";4;3;-;-;12
2020;R00-R99;"KAPITEL XVIII: Symptome und abnorme klinische und Laborbefunde, die a.n.k. sind                                                                                                ";30;42;44;42;158
2020;S00-T98;"KAPITEL XIX: Verletzungen, Vergiftungen und bestimmte andere Folgen äußerer Ursachen                                                                                           ";107;62;96;107;372
2020;S00-S09;"Verletzungen des Kopfes                                                                                                                                                        ";18;19;27;23;87
2020;S70-S79;"Verletzungen der Hüfte und des Oberschenkels                                                                                                                                   ";17;12;13;15;57
2020;T00-T07;"Verletzungen mit Beteiligung mehrerer Körperregionen                                                                                                                           ";4;3;10;8;25
2020;T66-T78;"Sonstige und n.n.bez. Schäden durch äußere Ursachen                                                                                                                            ";22;7;14;13;56
2020;U00-U49;"KAPITEL XXII: Schlüsselnummern für besondere Zwecke                                                                                                                            ";-;6;-;425;437
2020;U07, U10;"Krankheiten in Verbindung mit Covid-19                                                                                                                                         ";-;6;-;425;437
2020;W00-W19;"Stürze                                                                                                                                                                         ";53;31;45;54;183
2020;X60-X84;"Vorsätzliche Selbstbeschädigung                                                                                                                                                ";21;14;14;18;67
2021;A00-T98;"Insgesamt                                                                                                                                                                      ";1846;1387;1333;1873;6439
2021;A00-B99;"KAPITEL I: Bestimmte infektiöse und parasitäre Krankheiten                                                                                                                     ";18;13;16;21;68
2021;A00-A09;"Infektiöse Darmkrankheiten                                                                                                                                                     ";8;4;-;-;20
2021;C00-D48;"KAPITEL II: Neubildungen                                                                                                                                                       ";330;342;375;356;1403
2021;C00-C97;"Bösartige Neubildungen                                                                                                                                                         ";323;329;368;347;1367
2021;C00-C14;"Bösartige Neubildungen der Lippe, der Mundhöhle und des Pharynx                                                                                                                ";8;12;8;10;38
2021;C15-C26;"Bösartige Neubildungen der Verdauungsorgane                                                                                                                                    ";110;109;115;119;453
2021;C30-C39;"Bösartige Neubildungen der Atmungsorgane und sonstiger intrathorakaler Organe                                                                                                  ";57;40;61;54;212
2021;C43-C44;"Melanom und sonstige bösartige Neubildungen der Haut                                                                                                                           ";9;7;11;7;34
2021;C50;"Bösartige Neubildung der Brustdrüse                                                                                                                                            ";26;17;28;27;98
2021;C51-C58;"Bösartige Neubildungen der weiblichen Genitalorgane                                                                                                                            ";14;16;22;20;72
2021;C60-C63;"Bösartige Neubildungen der männlichen Genitalorgane                                                                                                                            ";24;22;25;15;86
2021;C64-C68;"Bösartige Neubildungen der Harnorgane                                                                                                                                          ";31;27;30;22;110
2021;C69-C72;"Bösartige Neubildungen des Auges, des Gehirns und des Zentralnervensystems                                                                                                     ";10;9;10;12;41
2021;C81-C96;"Bösartige Neubildungen des lymphatischen, blutbildenden und verwandten Gewebes                                                                                                 ";16;34;30;41;121
2021;D50-D89;"KAPITEL III: Krankheiten des Blutes und der blutbildenden Organe sowie bestimmte Störungen mit Beteiligung des Immunsystems                                                    ";-;-;8;4;21
2021;E00-E90;"KAPITEL IV: Endokrine, Ernährungs- und Stoffwechselkrankheiten                                                                                                                 ";50;43;43;51;187
2021;E10-E14;"Diabetes mellitus                                                                                                                                                              ";33;31;30;34;128
2021;F00-F99;"KAPITEL V: Psychische und Verhaltensstörungen                                                                                                                                  ";100;72;75;119;366
2021;F10-F19;"Psychische und Verhaltensstörungen durch psychotrope Substanzen                                                                                                                ";8;10;5;9;32
2021;G00-G99, H00-H95;"KAPITEL VI-VIII: Krankheiten des Nervensystems, des Auges und der Augenanhangsgebilde, des Ohres und des Warzenfortsatzes                                                      ";69;52;64;69;254
2021;I00-I99;"KAPITEL IX: Krankheiten des Kreislaufsystems                                                                                                                                   ";555;488;446;532;2021
2021;I10-I15;"Hypertonie (Hochdruckkrankheit)                                                                                                                                                ";117;80;76;107;380
2021;I20-I25;"Ischämische Herzkrankheiten                                                                                                                                                    ";199;174;153;182;708
2021;I21;"Akuter und rezidivierender Myokardinfarkt                                                                                                                                      ";67;67;53;61;248
2021;I30-I52;"Sonstige Formen der Herzkrankheit                                                                                                                                              ";121;129;107;134;491
2021;I60-I69;"Zerebrovaskuläre Krankheiten                                                                                                                                                   ";80;71;83;76;310
2021;I64;"Schlaganfall, nicht als Blutung oder Infarkt bez.                                                                                                                              ";17;10;16;13;56
2021;I70-I79;"Krankheiten der Arterien, Arteriolen und Kapillaren                                                                                                                            ";11;14;11;10;46
2021;J00-J99;"KAPITEL X: Krankheiten des Atmungssystems                                                                                                                                      ";65;50;54;78;247
2021;J09-J18;"Grippe und Pneumonie                                                                                                                                                           ";17;10;14;21;62
2021;J40-J47;"Chronische Krankheiten der unteren Atemwege                                                                                                                                    ";38;26;29;47;140
2021;K00-K93;"KAPITEL XI: Krankheiten des Verdauungssystems                                                                                                                                  ";63;68;57;78;266
2021;K70-K77;"Krankheiten der Leber                                                                                                                                                          ";26;30;25;37;118
2021;L00-L99, M00-M99;"Kapitel XII, XIII: Krankheiten der Haut und der Unterhaut, Krankheiten des Muskel-Skelett-Systems und des Bindegewebes                                                         ";17;12;11;18;58
2021;N00-N99;"KAPITEL XIV: Krankheiten des Urogenitalsystems                                                                                                                                 ";24;28;24;36;112
2021;N17-N19;"Niereninsuffizienz                                                                                                                                                             ";17;11;12;10;50
2021;O00-O99;"KAPITEL XV: Schwangerschaft, Geburt und Wochenbett                                                                                                                             ";0;0;0;0;0
2021;P00-P96, Q00-Q99;"KAPITEL XVI, XVII: Bestimmte Zustände, die ihren Ursprung in der Perinatalperiode haben, angeborene Fehlbildungen, Deformitäten und Chromosomenanomalien                       ";-;-;6;4;14
2021;R00-R99;"KAPITEL XVIII: Symptome und abnorme klinische und Laborbefunde, die a.n.k. sind                                                                                                ";36;35;43;55;169
2021;S00-T98;"KAPITEL XIX: Verletzungen, Vergiftungen und bestimmte andere Folgen äußerer Ursachen                                                                                           ";103;95;101;104;403
2021;S00-S09;"Verletzungen des Kopfes                                                                                                                                                        ";21;18;13;27;79
2021;S70-S79;"Verletzungen der Hüfte und des Oberschenkels                                                                                                                                   ";15;12;11;13;51
2021;T00-T07;"Verletzungen mit Beteiligung mehrerer Körperregionen                                                                                                                           ";7;4;9;5;25
2021;T66-T78;"Sonstige und n.n.bez. Schäden durch äußere Ursachen                                                                                                                            ";22;18;15;12;67
2021;U00-U49;"KAPITEL XXII: Schlüsselnummern für besondere Zwecke                                                                                                                            ";408;84;10;348;850
2021;U07, U10;"Krankheiten in Verbindung mit Covid-19                                                                                                                                         ";408;84;10;348;850
2021;W00-W19;"Stürze                                                                                                                                                                         ";51;43;40;52;186
2021;X60-X84;"Vorsätzliche Selbstbeschädigung                                                                                                                                                ";26;15;18;18;77
2022;A00-T98;"Insgesamt                                                                                                                                                                      ";1523;1397;1426;1736;6082
2022;A00-B99;"KAPITEL I: Bestimmte infektiöse und parasitäre Krankheiten                                                                                                                     ";19;19;14;20;72
2022;A00-A09;"Infektiöse Darmkrankheiten                                                                                                                                                     ";8;9;-;-;23
2022;C00-D48;"KAPITEL II: Neubildungen                                                                                                                                                       ";318;346;366;365;1395
2022;C00-C97;"Bösartige Neubildungen                                                                                                                                                         ";299;334;356;354;1343
2022;C00-C14;"Bösartige Neubildungen der Lippe, der Mundhöhle und des Pharynx                                                                                                                ";5;7;9;5;26
2022;C15-C26;"Bösartige Neubildungen der Verdauungsorgane                                                                                                                                    ";100;114;122;115;451
2022;C30-C39;"Bösartige Neubildungen der Atmungsorgane und sonstiger intrathorakaler Organe                                                                                                  ";44;60;51;54;209
2022;C43-C44;"Melanom und sonstige bösartige Neubildungen der Haut                                                                                                                           ";-;-;4;8;18
2022;C50;"Bösartige Neubildung der Brustdrüse                                                                                                                                            ";25;22;29;26;102
2022;C51-C58;"Bösartige Neubildungen der weiblichen Genitalorgane                                                                                                                            ";12;17;12;22;63
2022;C60-C63;"Bösartige Neubildungen der männlichen Genitalorgane                                                                                                                            ";21;27;36;29;113
2022;C64-C68;"Bösartige Neubildungen der Harnorgane                                                                                                                                          ";19;30;20;26;95
2022;C69-C72;"Bösartige Neubildungen des Auges, des Gehirns und des Zentralnervensystems                                                                                                     ";10;11;11;13;45
2022;C81-C96;"Bösartige Neubildungen des lymphatischen, blutbildenden und verwandten Gewebes                                                                                                 ";40;18;33;36;127
2022;D50-D89;"KAPITEL III: Krankheiten des Blutes und der blutbildenden Organe sowie bestimmte Störungen mit Beteiligung des Immunsystems                                                    ";7;5;11;6;29
2022;E00-E90;"KAPITEL IV: Endokrine, Ernährungs- und Stoffwechselkrankheiten                                                                                                                 ";39;46;50;71;206
2022;E10-E14;"Diabetes mellitus                                                                                                                                                              ";28;30;37;46;141
2022;F00-F99;"KAPITEL V: Psychische und Verhaltensstörungen                                                                                                                                  ";92;80;100;111;383
2022;F10-F19;"Psychische und Verhaltensstörungen durch psychotrope Substanzen                                                                                                                ";7;7;11;15;40
2022;G00-G99, H00-H95;"KAPITEL VI-VIII: Krankheiten des Nervensystems, des Auges und der Augenanhangsgebilde, des Ohres und des Warzenfortsatzes                                                      ";63;50;68;90;271
2022;I00-I99;"KAPITEL IX: Krankheiten des Kreislaufsystems                                                                                                                                   ";548;479;462;606;2095
2022;I10-I15;"Hypertonie (Hochdruckkrankheit)                                                                                                                                                ";116;84;83;121;404
2022;I20-I25;"Ischämische Herzkrankheiten                                                                                                                                                    ";186;153;171;176;686
2022;I21;"Akuter und rezidivierender Myokardinfarkt                                                                                                                                      ";56;44;56;54;210
2022;I30-I52;"Sonstige Formen der Herzkrankheit                                                                                                                                              ";134;128;117;156;535
2022;I60-I69;"Zerebrovaskuläre Krankheiten                                                                                                                                                   ";86;88;63;114;351
2022;I64;"Schlaganfall, nicht als Blutung oder Infarkt bez.                                                                                                                              ";4;4;15;17;40
2022;I70-I79;"Krankheiten der Arterien, Arteriolen und Kapillaren                                                                                                                            ";8;9;13;15;45
2022;J00-J99;"KAPITEL X: Krankheiten des Atmungssystems                                                                                                                                      ";72;76;69;102;319
2022;J09-J18;"Grippe und Pneumonie                                                                                                                                                           ";11;14;17;33;75
2022;J40-J47;"Chronische Krankheiten der unteren Atemwege                                                                                                                                    ";49;45;39;55;188
2022;K00-K93;"KAPITEL XI: Krankheiten des Verdauungssystems                                                                                                                                  ";71;70;65;73;279
2022;K70-K77;"Krankheiten der Leber                                                                                                                                                          ";29;31;30;35;125
2022;L00-L99, M00-M99;"Kapitel XII, XIII: Krankheiten der Haut und der Unterhaut, Krankheiten des Muskel-Skelett-Systems und des Bindegewebes                                                         ";11;13;10;21;64
2022;N00-N99;"KAPITEL XIV: Krankheiten des Urogenitalsystems                                                                                                                                 ";16;29;31;35;111
2022;N17-N19;"Niereninsuffizienz                                                                                                                                                             ";6;13;12;21;52
2022;O00-O99;"KAPITEL XV: Schwangerschaft, Geburt und Wochenbett                                                                                                                             ";0;0;0;0;0
2022;P00-P96, Q00-Q99;"KAPITEL XVI, XVII: Bestimmte Zustände, die ihren Ursprung in der Perinatalperiode haben, angeborene Fehlbildungen, Deformitäten und Chromosomenanomalien                       ";-;-;-;-;9
2022;R00-R99;"KAPITEL XVIII: Symptome und abnorme klinische und Laborbefunde, die a.n.k. sind                                                                                                ";52;36;38;45;171
2022;S00-T98;"KAPITEL XIX: Verletzungen, Vergiftungen und bestimmte andere Folgen äußerer Ursachen                                                                                           ";98;97;93;107;395
2022;S00-S09;"Verletzungen des Kopfes                                                                                                                                                        ";16;24;18;21;79
2022;S70-S79;"Verletzungen der Hüfte und des Oberschenkels                                                                                                                                   ";17;20;10;25;72
2022;T00-T07;"Verletzungen mit Beteiligung mehrerer Körperregionen                                                                                                                           ";5;3;10;9;27
2022;T66-T78;"Sonstige und n.n.bez. Schäden durch äußere Ursachen                                                                                                                            ";20;13;11;6;50
2022;U00-U49;"KAPITEL XXII: Schlüsselnummern für besondere Zwecke                                                                                                                            ";109;47;44;78;278
2022;U07, U10;"Krankheiten in Verbindung mit Covid-19                                                                                                                                         ";109;47;44;78;278
2022;W00-W19;"Stürze                                                                                                                                                                         ";35;33;37;51;156
2022;X60-X84;"Vorsätzliche Selbstbeschädigung                                                                                                                                                ";23;19;25;19;86
2023;A00-T98;"Insgesamt                                                                                                                                                                      ";1672;1435;1315;1606;6028
2023;A00-B99;"KAPITEL I: Bestimmte infektiöse und parasitäre Krankheiten                                                                                                                     ";13;20;16;28;77
2023;A00-A09;"Infektiöse Darmkrankheiten                                                                                                                                                     ";5;8;-;-;23
2023;C00-D48;"KAPITEL II: Neubildungen                                                                                                                                                       ";330;354;338;348;1370
2023;C00-C97;"Bösartige Neubildungen                                                                                                                                                         ";323;341;332;330;1326
2023;C00-C14;"Bösartige Neubildungen der Lippe, der Mundhöhle und des Pharynx                                                                                                                ";15;14;13;17;59
2023;C15-C26;"Bösartige Neubildungen der Verdauungsorgane                                                                                                                                    ";103;119;106;111;439
2023;C30-C39;"Bösartige Neubildungen der Atmungsorgane und sonstiger intrathorakaler Organe                                                                                                  ";52;46;55;47;200
2023;C43-C44;"Melanom und sonstige bösartige Neubildungen der Haut                                                                                                                           ";8;3;4;9;24
2023;C50;"Bösartige Neubildung der Brustdrüse                                                                                                                                            ";22;25;24;27;98
2023;C51-C58;"Bösartige Neubildungen der weiblichen Genitalorgane                                                                                                                            ";16;20;15;19;70
2023;C60-C63;"Bösartige Neubildungen der männlichen Genitalorgane                                                                                                                            ";29;22;26;24;101
2023;C64-C68;"Bösartige Neubildungen der Harnorgane                                                                                                                                          ";24;32;18;24;98
2023;C69-C72;"Bösartige Neubildungen des Auges, des Gehirns und des Zentralnervensystems                                                                                                     ";15;12;13;7;47
2023;C81-C96;"Bösartige Neubildungen des lymphatischen, blutbildenden und verwandten Gewebes                                                                                                 ";21;29;28;30;108
2023;D50-D89;"KAPITEL III: Krankheiten des Blutes und der blutbildenden Organe sowie bestimmte Störungen mit Beteiligung des Immunsystems                                                    ";0;6;7;8;21
2023;E00-E90;"KAPITEL IV: Endokrine, Ernährungs- und Stoffwechselkrankheiten                                                                                                                 ";74;41;47;57;219
2023;E10-E14;"Diabetes mellitus                                                                                                                                                              ";45;30;31;42;148
2023;F00-F99;"KAPITEL V: Psychische und Verhaltensstörungen                                                                                                                                  ";119;116;119;123;477
2023;F10-F19;"Psychische und Verhaltensstörungen durch psychotrope Substanzen                                                                                                                ";-;-;10;11;29
2023;G00-G99, H00-H95;"KAPITEL VI-VIII: Krankheiten des Nervensystems, des Auges und der Augenanhangsgebilde, des Ohres und des Warzenfortsatzes                                                      ";78;63;82;82;308
2023;I00-I99;"KAPITEL IX: Krankheiten des Kreislaufsystems                                                                                                                                   ";602;498;432;524;2056
2023;I10-I15;"Hypertonie (Hochdruckkrankheit)                                                                                                                                                ";117;94;70;98;379
2023;I20-I25;"Ischämische Herzkrankheiten                                                                                                                                                    ";186;156;153;181;676
2023;I21-I22;"Akuter und rezidivierender Myokardinfarkt                                                                                                                                      ";56;45;59;69;229
2023;I30-I52;"Sonstige Formen der Herzkrankheit                                                                                                                                              ";150;132;106;147;535
2023;I60-I69;"Zerebrovaskuläre Krankheiten                                                                                                                                                   ";119;87;71;72;349
2023;I64;"Schlaganfall, nicht als Blutung oder Infarkt bez.                                                                                                                              ";15;6;19;10;50
2023;I70-I79;"Krankheiten der Arterien, Arteriolen und Kapillaren                                                                                                                            ";7;14;14;10;45
2023;J00-J99;"KAPITEL X: Krankheiten des Atmungssystems                                                                                                                                      ";118;76;44;81;319
2023;J09-J18;"Grippe und Pneumonie                                                                                                                                                           ";43;25;11;25;104
2023;J40-J47;"Chronische Krankheiten der unteren Atemwege                                                                                                                                    ";57;34;20;43;154
2023;K00-K93;"KAPITEL XI: Krankheiten des Verdauungssystems                                                                                                                                  ";81;58;57;70;266
2023;K70-K77;"Krankheiten der Leber                                                                                                                                                          ";36;26;22;31;115
2023;L00-L99, M00-M99;"Kapitel XII, XIII: Krankheiten der Haut und der Unterhaut, Krankheiten des Muskel-Skelett-Systems und des Bindegewebes                                                         ";14;11;13;18;63
2023;N00-N99;"KAPITEL XIV: Krankheiten des Urogenitalsystems                                                                                                                                 ";19;24;20;36;99
2023;N17-N19;"Niereninsuffizienz                                                                                                                                                             ";8;15;10;20;53
2023;O00-O99;"KAPITEL XV: Schwangerschaft, Geburt und Wochenbett                                                                                                                             ";0;0;0;0;0
2023;P00-P96, Q00-Q99;"KAPITEL XVI, XVII: Bestimmte Zustände, die ihren Ursprung in der Perinatalperiode haben, angeborene Fehlbildungen, Deformitäten und Chromosomenanomalien                       ";-;-;-;-;23
2023;R00-R99;"KAPITEL XVIII: Symptome und abnorme klinische und Laborbefunde, die a.n.k. sind                                                                                                ";49;37;42;47;175
2023;S00-T98;"KAPITEL XIX: Verletzungen, Vergiftungen und bestimmte andere Folgen äußerer Ursachen                                                                                           ";111;98;90;102;401
2023;S00-S09;"Verletzungen des Kopfes                                                                                                                                                        ";29;20;25;18;92
2023;S70-S79;"Verletzungen der Hüfte und des Oberschenkels                                                                                                                                   ";16;16;17;21;70
2023;T00-T07;"Verletzungen mit Beteiligung mehrerer Körperregionen                                                                                                                           ";6;5;-;-;16
2023;T66-T78;"Sonstige und n.n.bez. Schäden durch äußere Ursachen                                                                                                                            ";14;11;17;15;57
2023;U00-U49;"KAPITEL XXII: Schlüsselnummern für besondere Zwecke                                                                                                                            ";50;26;-;-;154
2023;U07, U10;"Krankheiten in Verbindung mit Covid-19                                                                                                                                         ";50;26;-;-;154
2023;W00-W19;"Stürze                                                                                                                                                                         ";58;46;41;54;199
2023;X60-X84;"Vorsätzliche Selbstbeschädigung                                                                                                                                                ";19;20;23;22;84
2024;A00-T98;"Insgesamt                                                                                                                                                                      ";1584;1357;1416;1503;5860
2024;A00-B99;"KAPITEL I: Bestimmte infektiöse und parasitäre Krankheiten                                                                                                                     ";20;16;18;19;73
2024;A00-A09;"Infektiöse Darmkrankheiten                                                                                                                                                     ";5;5;5;10;25
2024;C00-D48;"KAPITEL II: Neubildungen                                                                                                                                                       ";341;344;383;362;1430
2024;C00-C97;"Bösartige Neubildungen                                                                                                                                                         ";335;328;378;352;1393
2024;C00-C14;"Bösartige Neubildungen der Lippe, der Mundhöhle und des Pharynx                                                                                                                ";9;10;9;10;38
2024;C15-C26;"Bösartige Neubildungen der Verdauungsorgane                                                                                                                                    ";99;126;136;120;481
2024;C30-C39;"Bösartige Neubildungen der Atmungsorgane und sonstiger intrathorakaler Organe                                                                                                  ";60;45;47;54;206
2024;C43-C44;"Melanom und sonstige bösartige Neubildungen der Haut                                                                                                                           ";9;6;6;9;30
2024;C50;"Bösartige Neubildung der Brustdrüse                                                                                                                                            ";28;13;33;26;100
2024;C51-C58;"Bösartige Neubildungen der weiblichen Genitalorgane                                                                                                                            ";22;16;19;15;72
2024;C60-C63;"Bösartige Neubildungen der männlichen Genitalorgane                                                                                                                            ";14;28;27;30;99
2024;C64-C68;"Bösartige Neubildungen der Harnorgane                                                                                                                                          ";32;21;27;18;98
2024;C69-C72;"Bösartige Neubildungen des Auges, des Gehirns und des Zentralnervensystems                                                                                                     ";11;9;10;6;36
2024;C81-C96;"Bösartige Neubildungen des lymphatischen, blutbildenden und verwandten Gewebes                                                                                                 ";31;31;35;40;137
2024;D50-D89;"KAPITEL III: Krankheiten des Blutes und der blutbildenden Organe sowie bestimmte Störungen mit Beteiligung des Immunsystems                                                    ";8;7;-;-;24
2024;E00-E90;"KAPITEL IV: Endokrine, Ernährungs- und Stoffwechselkrankheiten                                                                                                                 ";73;34;54;49;210
2024;E10-E14;"Diabetes mellitus                                                                                                                                                              ";54;19;32;32;137
2024;F00-F99;"KAPITEL V: Psychische und Verhaltensstörungen                                                                                                                                  ";118;109;129;132;488
2024;F10-F19;"Psychische und Verhaltensstörungen durch psychotrope Substanzen                                                                                                                ";10;13;5;6;34
2024;G00-G99, H00-H95;"KAPITEL VI-VIII: Krankheiten des Nervensystems, des Auges und der Augenanhangsgebilde, des Ohres und des Warzenfortsatzes                                                      ";80;61;54;74;269
2024;I00-I99;"KAPITEL IX: Krankheiten des Kreislaufsystems                                                                                                                                   ";529;492;455;501;1977
2024;I10-I15;"Hypertonie (Hochdruckkrankheit)                                                                                                                                                ";112;84;87;94;377
2024;I20-I25;"Ischämische Herzkrankheiten                                                                                                                                                    ";174;155;138;170;637
2024;I21-I22;"Akuter und rezidivierender Myokardinfarkt                                                                                                                                      ";43;53;50;52;198
2024;I30-I52;"Sonstige Formen der Herzkrankheit                                                                                                                                              ";142;157;135;133;567
2024;I60-I69;"Zerebrovaskuläre Krankheiten                                                                                                                                                   ";64;61;65;74;264
2024;I64;"Schlaganfall, nicht als Blutung oder Infarkt bez.                                                                                                                              ";6;5;6;10;27
2024;I70-I79;"Krankheiten der Arterien, Arteriolen und Kapillaren                                                                                                                            ";18;16;10;10;54
2024;J00-J99;"KAPITEL X: Krankheiten des Atmungssystems                                                                                                                                      ";116;58;61;66;301
2024;J09-J18;"Grippe und Pneumonie                                                                                                                                                           ";41;15;16;20;92
2024;J40-J47;"Chronische Krankheiten der unteren Atemwege                                                                                                                                    ";60;31;29;33;153
2024;K00-K93;"KAPITEL XI: Krankheiten des Verdauungssystems                                                                                                                                  ";87;56;78;73;294
2024;K70-K77;"Krankheiten der Leber                                                                                                                                                          ";37;27;30;35;129
2024;L00-L99, M00-M99;"Kapitel XII, XIII: Krankheiten der Haut und der Unterhaut, Krankheiten des Muskel-Skelett-Systems und des Bindegewebes                                                         ";16;21;18;12;76
2024;N00-N99;"KAPITEL XIV: Krankheiten des Urogenitalsystems                                                                                                                                 ";25;28;29;31;113
2024;N17-N19;"Niereninsuffizienz                                                                                                                                                             ";13;14;19;10;56
2024;O00-O99;"KAPITEL XV: Schwangerschaft, Geburt und Wochenbett                                                                                                                             ";0;0;0;0;0
2024;P00-P96, Q00-Q99;"KAPITEL XVI, XVII: Bestimmte Zustände, die ihren Ursprung in der Perinatalperiode haben, angeborene Fehlbildungen, Deformitäten und Chromosomenanomalien                       ";-;-;-;-;14
2024;R00-R99;"KAPITEL XVIII: Symptome und abnorme klinische und Laborbefunde, die a.n.k. sind                                                                                                ";33;34;43;37;147
2024;S00-T98;"KAPITEL XIX: Verletzungen, Vergiftungen und bestimmte andere Folgen äußerer Ursachen                                                                                           ";111;92;77;101;381
2024;S00-S09;"Verletzungen des Kopfes                                                                                                                                                        ";30;23;24;22;99
2024;S70-S79;"Verletzungen der Hüfte und des Oberschenkels                                                                                                                                   ";23;13;10;21;67
2024;T00-T07;"Verletzungen mit Beteiligung mehrerer Körperregionen                                                                                                                           ";-;-;-;-;12
2024;T66-T78;"Sonstige und n.n.bez. Schäden durch äußere Ursachen                                                                                                                            ";20;10;12;14;56
2024;U00-U49;"KAPITEL XXII: Schlüsselnummern für besondere Zwecke                                                                                                                            ";-;-;9;34;63
2024;U07, U10;"Krankheiten in Verbindung mit Covid-19                                                                                                                                         ";-;-;9;34;63
2024;W00-W19;"Stürze                                                                                                                                                                         ";63;43;44;52;202
2024;X60-X84;"Vorsätzliche Selbstbeschädigung                                                                                                                                                ";23;25;16;22;86
