Jahr;Quartal;Monat;Hauptgruppen (WZ 08);Anzahl Betriebe;Tätige Personen (absolut);"Tätige Personen (Anteil an Gesamtbeschäftigten; in Prozent)";Geleistete Arbeitsstunden (gesamt in 1000h);Geleistete Arbeitsstunden je tätiger Person;Brutto-Entgelte (in 1000 EUR);Brutto-Entgelte je tätiger Person;Gesamtumsatz (in 1000 EUR);"Umsatzanteil Ausland am Gesamtumsatz (absolut; in 1000 EUR)";"Umsatzanteil Eurozone am Gesamtumsatz (absolut; in 1000 EUR)";Gesamtumsatz je tätiger Person;"Umsatzanteil (Anteil an Gesamtsumme des Verarb. Gewerbes; in Prozent)";Umsatz aus eigenen Erzeugnissen gesamt (in 1000 EUR);Umsatz aus eigenen Erzeugnissen Ausland (in 1000 EUR);Umsatz aus eigenen Erzeugnissen je tätiger Person
2014;1. Quartal;01;A+EN Vorleistungsgüter und Energie;39;10328;44;1539;149;36104;3496;187323;121947;-;18137;50,4;181396;119996;17564
2014;1. Quartal;01;B Investitionsgüter;56;8769;37,4;1303;149;30710;3502;102425;47436;-;11680;27,5;98598;46541;11244
2014;1. Quartal;01;GG Gebrauchsgüter;2;-;-;-;-;-;-;-;-;-;-;-;-;-;-
2014;1. Quartal;01;VG Verbrauchsgüter;22;-;-;-;-;-;-;-;-;-;-;-;-;-;-
2014;1. Quartal;01;Verarbeitendes Gewerbe gesamt;119;23468;100;3455;147;78925;3363;371782;189612;-;15842;100;359553;186644;15321
2014;1. Quartal;02;A+EN Vorleistungsgüter und Energie;39;10325;44;1421;138;37243;3607;285629;222329;196483;27664;55,7;279006;220176;27022
2014;1. Quartal;02;B Investitionsgüter;56;8775;37,4;1201;137;29483;3360;146723;84174;7808;16721;28,6;141002;82797;16069
2014;1. Quartal;02;GG Gebrauchsgüter;2;-;-;-;-;-;-;-;-;-;-;-;-;-;-
2014;1. Quartal;02;VG Verbrauchsgüter;22;-;-;-;-;-;-;-;-;-;-;-;-;-;-
2014;1. Quartal;02;Verarbeitendes Gewerbe gesamt;119;23452;100;3179;136;79025;3370;512998;328190;218297;21874;100;498067;324351;21238
2014;1. Quartal;03;A+EN Vorleistungsgüter und Energie;39;10324;44,1;1458;141;37181;3601;325041;263832;238655;31484;56,3;317750;261648;30778
2014;1. Quartal;03;B Investitionsgüter;55;8717;37,2;1260;145;28980;3325;162930;88429;9852;18691;28,2;153181;87617;17573
2014;1. Quartal;03;GG Gebrauchsgüter;2;-;-;-;-;-;-;-;-;-;-;-;-;-;-
2014;1. Quartal;03;VG Verbrauchsgüter;22;-;-;-;-;-;-;-;-;-;-;-;-;-;-
2014;1. Quartal;03;Verarbeitendes Gewerbe gesamt;118;23428;100;3308;141;82406;3517;577647;374047;263689;24656;100;557426;370944;23793
2014;1. Quartal;04;A+EN Vorleistungsgüter und Energie;40;10363;43,6;1460;141;37932;3660;226351;168464;147459;21842;50,1;221356;167204;21360
2014;1. Quartal;04;B Investitionsgüter;56;8912;37,5;1257;141;34478;3869;131049;70633;14685;14705;29;126047;69841;14144
2014;1. Quartal;04;GG Gebrauchsgüter;2;-;-;-;-;-;-;-;-;-;-;-;-;-;-
2014;1. Quartal;04;VG Verbrauchsgüter;23;-;-;-;-;-;-;-;-;-;-;-;-;-;-
2014;1. Quartal;04;Verarbeitendes Gewerbe gesamt;121;23763;100;3315;140;85490;3598;451826;259957;177073;19014;100;438160;257623;18439
2014;2. Quartal;05;A+EN Vorleistungsgüter und Energie;40;10315;43,5;1444;140;42716;4141;228116;163817;143061;22115;48,3;222883;162027;21608
2014;2. Quartal;05;B Investitionsgüter;56;8921;37,6;1238;139;35978;4033;155689;94959;19349;17452;33;148187;93999;16611
2014;2. Quartal;05;GG Gebrauchsgüter;2;-;-;-;-;-;-;-;-;-;-;-;-;-;-
2014;2. Quartal;05;VG Verbrauchsgüter;23;-;-;-;-;-;-;-;-;-;-;-;-;-;-
2014;2. Quartal;05;Verarbeitendes Gewerbe gesamt;121;23703;100;3273;138;91947;3879;472442;280923;177541;19932;100;456692;277988;19267
2014;2. Quartal;06;A+EN Vorleistungsgüter und Energie;40;10311;43,4;1424;138;47826;4638;227794;158935;132413;22092;43,8;223061;156706;21633
2014;2. Quartal;06;B Investitionsgüter;56;8976;37,8;1236;138;35310;3934;200426;86639;24638;22329;38,6;181150;73292;20182
2014;2. Quartal;06;GG Gebrauchsgüter;2;-;-;-;-;-;-;-;-;-;-;-;-;-;-
2014;2. Quartal;06;VG Verbrauchsgüter;23;-;-;-;-;-;-;-;-;-;-;-;-;-;-
2014;2. Quartal;06;Verarbeitendes Gewerbe gesamt;121;23746;100;3237;136;96801;4077;519869;267688;171147;21893;100;492735;251704;20750
2014;2. Quartal;07;A+EN Vorleistungsgüter und Energie;40;10287;43,3;1498;146;36458;3544;250798;174989;154760;24380;54,4;244186;172583;23737
2014;2. Quartal;07;B Investitionsgüter;56;8980;37,8;1315;146;31445;3502;115701;46946;12929;12884;25,1;107702;45371;11994
2014;2. Quartal;07;GG Gebrauchsgüter;2;-;-;-;-;-;-;-;-;-;-;-;-;-;-
2014;2. Quartal;07;VG Verbrauchsgüter;23;-;-;-;-;-;-;-;-;-;-;-;-;-;-
2014;2. Quartal;07;Verarbeitendes Gewerbe gesamt;121;23733;100;3445;145;80778;3404;461432;244629;182374;19443;100;442704;239950;18654
2014;3. Quartal;08;A+EN Vorleistungsgüter und Energie;40;10303;43,2;1427;139;38845;3770;300533;235806;216074;29169;63,1;295456;233874;28677
2014;3. Quartal;08;B Investitionsgüter;56;9049;38;1157;128;30250;3343;85599;33615;7853;9459;18;81530;33099;9010
2014;3. Quartal;08;GG Gebrauchsgüter;2;-;-;-;-;-;-;-;-;-;-;-;-;-;-
2014;3. Quartal;08;VG Verbrauchsgüter;23;-;-;-;-;-;-;-;-;-;-;-;-;-;-
2014;3. Quartal;08;Verarbeitendes Gewerbe gesamt;121;23827;100;3143;132;81719;3430;476099;291837;238534;19981;100;464143;289238;19480
2014;3. Quartal;09;A+EN Vorleistungsgüter und Energie;40;10330;43,1;1485;144;37020;3584;302109;227470;198011;29246;29,1;294041;223184;28465
2014;3. Quartal;09;B Investitionsgüter;56;9148;38,1;1322;145;30442;3328;634791;549620;9115;69391;61,2;624337;546027;68248
2014;3. Quartal;09;GG Gebrauchsgüter;2;-;-;-;-;-;-;-;-;-;-;-;-;-;-
2014;3. Quartal;09;VG Verbrauchsgüter;23;-;-;-;-;-;-;-;-;-;-;-;-;-;-
2014;3. Quartal;09;Verarbeitendes Gewerbe gesamt;121;23988;100;3410;142;80699;3364;1037144;800624;222808;43236;100;1015006;792616;42313
2014;4. Quartal;10;A+EN Vorleistungsgüter und Energie;39;10298;42,9;1460;142;36786;3572;315209;246600;205714;30609;61,2;302843;237924;29408
2014;4. Quartal;10;B Investitionsgüter;56;9147;38,1;1315;144;31219;3413;103828;43133;10929;11351;20,1;98697;42628;10790
2014;4. Quartal;10;GG Gebrauchsgüter;2;-;-;-;-;-;-;-;-;-;-;-;-;-;-
2014;4. Quartal;10;VG Verbrauchsgüter;23;-;-;-;-;-;-;-;-;-;-;-;-;-;-
2014;4. Quartal;10;Verarbeitendes Gewerbe gesamt;120;24007;100;3393;141;80997;3374;515408;311427;230816;21469;100;493936;302155;20575
2014;4. Quartal;11;A+EN Vorleistungsgüter und Energie;39;10291;42,9;1413;137;49977;4856;196114;131018;106167;19057;45,5;186917;127917;18163
2014;4. Quartal;11;B Investitionsgüter;56;9150;38,1;1258;137;40096;4382;137556;65628;10275;15033;31,9;129108;64096;14110
2014;4. Quartal;11;GG Gebrauchsgüter;2;-;-;-;-;-;-;-;-;-;-;-;-;-;-
2014;4. Quartal;11;VG Verbrauchsgüter;23;-;-;-;-;-;-;-;-;-;-;-;-;-;-
2014;4. Quartal;11;Verarbeitendes Gewerbe gesamt;120;24007;100;3248;135;109023;4541;431161;220310;132029;17960;100;410187;215561;17086
2014;4. Quartal;12;A+EN Vorleistungsgüter und Energie;39;10281;42,9;1339;130;42713;4155;170593;109696;79032;16593;37,4;165201;107573;16069
2014;4. Quartal;12;B Investitionsgüter;56;9158;38,2;1149;125;33358;3642;192400;99877;11829;21009;42,2;175098;93128;19120
2014;4. Quartal;12;GG Gebrauchsgüter;2;-;-;-;-;-;-;-;-;-;-;-;-;-;-
2014;4. Quartal;12;VG Verbrauchsgüter;23;-;-;-;-;-;-;-;-;-;-;-;-;-;-
2014;4. Quartal;12;Verarbeitendes Gewerbe gesamt;120;23979;100;2995;125;89685;3740;455584;233995;107807;18999;100;429405;224925;17908
2015;1. Quartal;01;A+EN Vorleistungsgüter und Energie;39;10276;43,2;1467;143;37772;3676;231707;165514;136977;22548;54,8;226537;163403;22045
2015;1. Quartal;01;B Investitionsgüter;55;9044;38;1295;143;32066;3546;112546;47114;12033;12444;26,6;108442;45587;11990
2015;1. Quartal;01;GG Gebrauchsgüter;2;-;-;-;-;-;-;-;-;-;-;-;-;-;-
2015;1. Quartal;01;VG Verbrauchsgüter;24;-;-;-;-;-;-;-;-;-;-;-;-;-;-
2015;1. Quartal;01;Verarbeitendes Gewerbe gesamt;120;23771;100;3310;139;82571;3474;422650;234206;164188;17780;100;409459;229865;17225
2015;1. Quartal;02;A+EN Vorleistungsgüter und Energie;39;10311;43,4;1386;134;38339;3718;378950;315361;293824;36752;62,1;368951;313058;35782
2015;1. Quartal;02;B Investitionsgüter;55;9065;38,2;1217;134;30830;3401;148418;86785;21956;16373;24,3;141225;83510;15579
2015;1. Quartal;02;GG Gebrauchsgüter;2;-;-;-;-;-;-;-;-;-;-;-;-;-;-
2015;1. Quartal;02;VG Verbrauchsgüter;23;-;-;-;-;-;-;-;-;-;-;-;-;-;-
2015;1. Quartal;02;Verarbeitendes Gewerbe gesamt;119;23756;100;3166;133;82118;3457;610357;424574;332129;25693;100;590013;418912;24836
2015;1. Quartal;03;A+EN Vorleistungsgüter und Energie;39;10337;43,5;1542;149;37615;3639;540011;471896;445383;52241;69,3;533774;470003;51637
2015;1. Quartal;03;B Investitionsgüter;55;9049;38;1336;148;30365;3356;144396;66253;10806;15957;18,5;136456;62712;15080
2015;1. Quartal;03;GG Gebrauchsgüter;2;-;-;-;-;-;-;-;-;-;-;-;-;-;-
2015;1. Quartal;03;VG Verbrauchsgüter;23;-;-;-;-;-;-;-;-;-;-;-;-;-;-
2015;1. Quartal;03;Verarbeitendes Gewerbe gesamt;119;23783;100;3503;147;83555;3513;779142;560463;470524;32760;100;760766;554760;31988
2015;1. Quartal;04;A+EN Vorleistungsgüter und Energie;40;10412;43,6;1461;140;45658;4385;233342;116765;89983;22411;50,3;229253;114566;22018
2015;1. Quartal;04;B Investitionsgüter;55;9108;38,1;1270;139;35792;3930;137734;66725;7863;15122;29,7;132346;65244;14531
2015;1. Quartal;04;GG Gebrauchsgüter;2;-;-;-;-;-;-;-;-;-;-;-;-;-;-
2015;1. Quartal;04;VG Verbrauchsgüter;23;-;-;-;-;-;-;-;-;-;-;-;-;-;-
2015;1. Quartal;04;Verarbeitendes Gewerbe gesamt;120;23896;100;3321;139;94885;3971;463528;209696;113669;19398;100;450868;205793;18868
2015;2. Quartal;05;A+EN Vorleistungsgüter und Energie;40;10471;43,6;1378;132;44199;4221;272571;137014;113420;26031;57,2;266673;134671;25468
2015;2. Quartal;05;B Investitionsgüter;55;9189;38,3;1090;119;32928;3583;115640;50736;9966;12585;24,3;107526;46131;11702
2015;2. Quartal;05;GG Gebrauchsgüter;2;-;-;-;-;-;-;-;-;-;-;-;-;-;-
2015;2. Quartal;05;VG Verbrauchsgüter;22;-;-;-;-;-;-;-;-;-;-;-;-;-;-
2015;2. Quartal;05;Verarbeitendes Gewerbe gesamt;119;24018;100;2992;125;90450;3766;476711;212655;140421;19848;100;459728;205592;19141
2015;2. Quartal;06;A+EN Vorleistungsgüter und Energie;40;10570;43,9;1518;144;46179;4369;388009;289184;258987;36709;62,6;381939;286479;36134
2015;2. Quartal;06;B Investitionsgüter;55;9115;37,9;1343;147;35996;3949;140582;62771;14109;15423;22,7;133896;60573;14690
2015;2. Quartal;06;GG Gebrauchsgüter;2;-;-;-;-;-;-;-;-;-;-;-;-;-;-
2015;2. Quartal;06;VG Verbrauchsgüter;22;-;-;-;-;-;-;-;-;-;-;-;-;-;-
2015;2. Quartal;06;Verarbeitendes Gewerbe gesamt;119;24058;100;3479;145;96691;4019;619529;377275;288554;25751;100;603406;372186;25081
2015;2. Quartal;07;A+EN Vorleistungsgüter und Energie;40;10559;43,9;1477;140;37947;3594;235953;127171;101467;22346;50,8;230302;124922;21811
2015;2. Quartal;07;B Investitionsgüter;55;9107;37,9;1293;142;32696;3590;128914;53364;12280;14155;27,8;121168;49645;13305
2015;2. Quartal;07;GG Gebrauchsgüter;2;-;-;-;-;-;-;-;-;-;-;-;-;-;-
2015;2. Quartal;07;VG Verbrauchsgüter;22;-;-;-;-;-;-;-;-;-;-;-;-;-;-
2015;2. Quartal;07;Verarbeitendes Gewerbe gesamt;119;24054;100;3389;141;83768;3482;464073;208156;129750;19293;100;447592;201921;18608
2015;3. Quartal;08;A+EN Vorleistungsgüter und Energie;40;10598;43,8;1398;132;38385;3622;237526;123891;95027;22412;51,1;231093;120134;21805
2015;3. Quartal;08;B Investitionsgüter;55;9186;38;1163;127;31427;3421;130117;71056;14130;14165;28;123809;67875;13478
2015;3. Quartal;08;GG Gebrauchsgüter;2;-;-;-;-;-;-;-;-;-;-;-;-;-;-
2015;3. Quartal;08;VG Verbrauchsgüter;22;-;-;-;-;-;-;-;-;-;-;-;-;-;-
2015;3. Quartal;08;Verarbeitendes Gewerbe gesamt;119;24202;100;3130;129;83073;3432;465173;221699;126286;19220;100;448387;214074;18527
2015;3. Quartal;09;A+EN Vorleistungsgüter und Energie;40;10600;42,6;1494;141;37770;3563;392466;277180;233332;37025;62,2;375859;266636;35458
2015;3. Quartal;09;B Investitionsgüter;54;9869;39,6;1318;134;30671;3108;140006;70342;13673;14186;22,2;133328;67892;13510
2015;3. Quartal;09;GG Gebrauchsgüter;2;-;-;-;-;-;-;-;-;-;-;-;-;-;-
2015;3. Quartal;09;VG Verbrauchsgüter;22;-;-;-;-;-;-;-;-;-;-;-;-;-;-
2015;3. Quartal;09;Verarbeitendes Gewerbe gesamt;118;24909;100;3413;137;81687;3279;631267;373909;265407;25343;100;604323;360656;24261
2015;4. Quartal;10;A+EN Vorleistungsgüter und Energie;40;10602;42,5;1501;142;38734;3653;206755;97801;75878;19502;48,3;201861;96025;19040
2015;4. Quartal;10;B Investitionsgüter;54;9882;39,7;1306;132;31552;3193;120492;45821;9727;12193;28,1;113922;43862;11528
2015;4. Quartal;10;GG Gebrauchsgüter;2;-;-;-;-;-;-;-;-;-;-;-;-;-;-
2015;4. Quartal;10;VG Verbrauchsgüter;22;-;-;-;-;-;-;-;-;-;-;-;-;-;-
2015;4. Quartal;10;Verarbeitendes Gewerbe gesamt;118;24921;100;3422;137;84008;3371;428392;169798;102738;17190;100;413469;165794;16591
2015;4. Quartal;11;A+EN Vorleistungsgüter und Energie;40;10588;42,6;1466;138;51230;4838;285785;182631;159385;26991;54,7;279337;180649;26382
2015;4. Quartal;11;B Investitionsgüter;54;9807;39,5;1276;130;41377;4219;133995;67899;15549;13663;25,6;128196;66301;13072
2015;4. Quartal;11;GG Gebrauchsgüter;2;-;-;-;-;-;-;-;-;-;-;-;-;-;-
2015;4. Quartal;11;VG Verbrauchsgüter;22;-;-;-;-;-;-;-;-;-;-;-;-;-;-
2015;4. Quartal;11;Verarbeitendes Gewerbe gesamt;118;24829;100;3337;134;111858;4505;522559;276348;191036;21046;100;506435;272520;20397
2015;4. Quartal;12;A+EN Vorleistungsgüter und Energie;40;10578;43,9;1363;129;61105;5777;479941;370840;337424;45372;65,1;474104;368133;44820
2015;4. Quartal;12;B Investitionsgüter;54;9118;37,9;1144;125;33193;3640;156602;71239;16716;17175;21,3;141413;68674;15509
2015;4. Quartal;12;GG Gebrauchsgüter;2;-;-;-;-;-;-;-;-;-;-;-;-;-;-
2015;4. Quartal;12;VG Verbrauchsgüter;22;-;-;-;-;-;-;-;-;-;-;-;-;-;-
2015;4. Quartal;12;Verarbeitendes Gewerbe gesamt;118;24076;100;3041;126;107603;4469;736916;467099;370925;30608;100;712488;461746;29593
2016;1. Quartal;01;A+EN Vorleistungsgüter und Energie;37;10410;43,4;1453;140;44367;4262;186096;77979;55196;17877;50;181602;76725;17445
2016;1. Quartal;01;B Investitionsgüter;55;9200;38,4;1297;141;32328;3514;100373;41502;10313;10910;27;95733;40037;10406
2016;1. Quartal;01;GG Gebrauchsgüter;2;-;-;-;-;-;-;-;-;-;-;-;-;-;-
2016;1. Quartal;01;VG Verbrauchsgüter;22;-;-;-;-;-;-;-;-;-;-;-;-;-;-
2016;1. Quartal;01;Verarbeitendes Gewerbe gesamt;116;23963;100;3334;139;89498;3735;372010;147528;85136;15524;100;359882;144245;15018
2016;1. Quartal;02;A+EN Vorleistungsgüter und Energie;37;10338;43,3;1430;138;39116;3784;253048;160381;141102;24477;56,1;246809;159193;23874
2016;1. Quartal;02;B Investitionsgüter;55;9206;38,6;1301;141;32325;3511;106712;50272;12176;11592;23,7;102593;48954;11144
2016;1. Quartal;02;GG Gebrauchsgüter;2;-;-;-;-;-;-;-;-;-;-;-;-;-;-
2016;1. Quartal;02;VG Verbrauchsgüter;22;-;-;-;-;-;-;-;-;-;-;-;-;-;-
2016;1. Quartal;02;Verarbeitendes Gewerbe gesamt;116;23854;100;3330;140;84791;3555;450771;240589;172868;18897;100;437323;237544;18333
2016;1. Quartal;03;A+EN Vorleistungsgüter und Energie;37;10336;43,3;1472;142;38153;3691;265111;160840;137558;25649;53;260084;159595;25163
2016;1. Quartal;03;B Investitionsgüter;55;9204;38,6;1306;142;32185;3497;133895;64322;11896;14547;26,8;128041;62589;13911
2016;1. Quartal;03;GG Gebrauchsgüter;2;-;-;-;-;-;-;-;-;-;-;-;-;-;-
2016;1. Quartal;03;VG Verbrauchsgüter;22;-;-;-;-;-;-;-;-;-;-;-;-;-;-
2016;1. Quartal;03;Verarbeitendes Gewerbe gesamt;116;23853;100;3376;142;86930;3644;500150;259603;170547;20968;100;486400;256362;20392
2016;1. Quartal;04;A+EN Vorleistungsgüter und Energie;37;10325;43,2;1456;141;38086;3689;211990;111739;90352;20532;50,9;208619;110511;20205
2016;1. Quartal;04;B Investitionsgüter;57;9245;38,7;1343;145;35117;3798;113797;53983;12514;12309;27,3;109028;52648;11793
2016;1. Quartal;04;GG Gebrauchsgüter;2;-;-;-;-;-;-;-;-;-;-;-;-;-;-
2016;1. Quartal;04;VG Verbrauchsgüter;22;-;-;-;-;-;-;-;-;-;-;-;-;-;-
2016;1. Quartal;04;Verarbeitendes Gewerbe gesamt;118;23884;100;3419;143;87371;3658;416142;194185;123833;17423;100;404707;191203;16945
2016;2. Quartal;05;A+EN Vorleistungsgüter und Energie;37;10283;43,1;1418;138;46463;4518;243777;139660;109412;23707;53,2;239091;138938;23251
2016;2. Quartal;05;B Investitionsgüter;57;9228;38,7;1250;135;35576;3855;119455;58120;13881;12945;26,1;114535;56663;12412
2016;2. Quartal;05;GG Gebrauchsgüter;2;-;-;-;-;-;-;-;-;-;-;-;-;-;-
2016;2. Quartal;05;VG Verbrauchsgüter;22;-;-;-;-;-;-;-;-;-;-;-;-;-;-
2016;2. Quartal;05;Verarbeitendes Gewerbe gesamt;118;23863;100;3241;136;95573;4005;458317;225565;142438;19206;100;445671;223232;18676
2016;2. Quartal;06;A+EN Vorleistungsgüter und Energie;37;10243;43;1457;142;44886;4382;273590;177130;145836;26710;53,1;269230;176064;26284
2016;2. Quartal;06;B Investitionsgüter;57;9214;38,7;1332;145;36728;3986;144977;72186;16609;15734;28,2;138220;70518;15001
2016;2. Quartal;06;GG Gebrauchsgüter;2;-;-;-;-;-;-;-;-;-;-;-;-;-;-
2016;2. Quartal;06;VG Verbrauchsgüter;22;-;-;-;-;-;-;-;-;-;-;-;-;-;-
2016;2. Quartal;06;Verarbeitendes Gewerbe gesamt;118;23808;100;3396;143;95578;4015;514984;277672;184791;21631;100;500242;274604;21012
2016;2. Quartal;07;A+EN Vorleistungsgüter und Energie;37;10272;43,2;1310;128;37315;3633;211769;112629;88940;20616;52,3;205007;110655;19958
2016;2. Quartal;07;B Investitionsgüter;57;9206;38,8;1155;125;32924;3576;102286;46713;11741;11111;25,3;97067;44642;10544
2016;2. Quartal;07;GG Gebrauchsgüter;2;-;-;-;-;-;-;-;-;-;-;-;-;-;-
2016;2. Quartal;07;VG Verbrauchsgüter;22;-;-;-;-;-;-;-;-;-;-;-;-;-;-
2016;2. Quartal;07;Verarbeitendes Gewerbe gesamt;118;23752;100;3040;128;83521;3516;404624;186837;120154;17035;100;389327;182678;16391
2016;3. Quartal;08;A+EN Vorleistungsgüter und Energie;37;10348;43;1464;141;39461;3813;265993;157972;138516;25705;56,3;258536;156783;24984
2016;3. Quartal;08;B Investitionsgüter;57;9281;38,6;1334;144;31500;3394;107816;45970;13914;11617;22,8;102324;43547;11025
2016;3. Quartal;08;GG Gebrauchsgüter;2;-;-;-;-;-;-;-;-;-;-;-;-;-;-
2016;3. Quartal;08;VG Verbrauchsgüter;22;-;-;-;-;-;-;-;-;-;-;-;-;-;-
2016;3. Quartal;08;Verarbeitendes Gewerbe gesamt;118;24070;100;3423;142;84395;3506;472699;231543;173395;19639;100;456206;227512;18953
2016;3. Quartal;09;A+EN Vorleistungsgüter und Energie;37;10363;42,8;1445;139;40087;3868;296239;190825;169367;28586;53,4;289752;188523;27960
2016;3. Quartal;09;B Investitionsgüter;57;9346;38,6;1339;143;31257;3344;148577;82951;9453;15897;26,8;142619;80760;15260
2016;3. Quartal;09;GG Gebrauchsgüter;2;-;-;-;-;-;-;-;-;-;-;-;-;-;-
2016;3. Quartal;09;VG Verbrauchsgüter;22;-;-;-;-;-;-;-;-;-;-;-;-;-;-
2016;3. Quartal;09;Verarbeitendes Gewerbe gesamt;118;24204;100;3388;140;84786;3503;554386;303680;200215;22905;100;537926;298754;22225
2016;4. Quartal;10;A+EN Vorleistungsgüter und Energie;37;10216;42,5;1358;133;37715;3692;230081;128935;106084;22522;50,8;226372;128434;22159
2016;4. Quartal;10;B Investitionsgüter;57;9342;38,8;1211;130;31917;3417;111832;46008;12908;11971;24,7;107458;44611;11503
2016;4. Quartal;10;GG Gebrauchsgüter;2;-;-;-;-;-;-;-;-;-;-;-;-;-;-
2016;4. Quartal;10;VG Verbrauchsgüter;22;-;-;-;-;-;-;-;-;-;-;-;-;-;-
2016;4. Quartal;10;Verarbeitendes Gewerbe gesamt;118;24057;100;3127;130;83419;3468;453140;213854;145906;18836;100;440821;211756;18324
2016;4. Quartal;11;A+EN Vorleistungsgüter und Energie;37;10193;42,4;1454;143;50251;4930;304891;198682;172579;29912;53,9;298002;198021;29236
2016;4. Quartal;11;B Investitionsgüter;57;9341;38,8;1339;143;42351;4534;144020;65037;23236;15418;25,5;137647;62756;14736
2016;4. Quartal;11;GG Gebrauchsgüter;2;-;-;-;-;-;-;-;-;-;-;-;-;-;-
2016;4. Quartal;11;VG Verbrauchsgüter;22;-;-;-;-;-;-;-;-;-;-;-;-;-;-
2016;4. Quartal;11;Verarbeitendes Gewerbe gesamt;118;24052;100;3411;142;114394;4756;565381;301067;226084;23507;100;547818;297790;22776
2016;4. Quartal;12;A+EN Vorleistungsgüter und Energie;37;10153;42,4;1315;130;43383;4273;256976;158142;134336;25310;47,6;252452;156883;24865
2016;4. Quartal;12;B Investitionsgüter;57;9297;38,8;1156;124;32933;3542;167914;84187;19959;18061;31,1;161293;82195;17349
2016;4. Quartal;12;GG Gebrauchsgüter;2;-;-;-;-;-;-;-;-;-;-;-;-;-;-
2016;4. Quartal;12;VG Verbrauchsgüter;22;-;-;-;-;-;-;-;-;-;-;-;-;-;-
2016;4. Quartal;12;Verarbeitendes Gewerbe gesamt;118;23962;100;3008;126;90284;3768;539401;285364;188402;22511;100;524182;281430;21876
2017;1. Quartal;01;A+EN Vorleistungsgüter und Energie;37;10117;42,1;1467;145;41906;4142;254048;155872;132795;25111;59,3;249913;154942;24702
2017;1. Quartal;01;B Investitionsgüter;58;9524;39,6;1396;147;33355;3502;92148;37529;9108;9675;21,5;88773;36390;9321
2017;1. Quartal;01;GG Gebrauchsgüter;2;-;-;-;-;-;-;-;-;-;-;-;-;-;-
2017;1. Quartal;01;VG Verbrauchsgüter;22;-;-;-;-;-;-;-;-;-;-;-;-;-;-
2017;1. Quartal;01;Verarbeitendes Gewerbe gesamt;119;24052;100;3485;145;89242;3710;428770;221619;162035;17827;100;418559;219323;17402
2017;1. Quartal;02;A+EN Vorleistungsgüter und Energie;37;10157;42,3;1335;131;39008;3841;243378;139968;120639;23962;56,4;237254;138247;23359
2017;1. Quartal;02;B Investitionsgüter;57;9426;39,3;1254;133;31884;3383;98492;36678;12849;10449;22,8;95056;35634;10084
2017;1. Quartal;02;GG Gebrauchsgüter;2;-;-;-;-;-;-;-;-;-;-;-;-;-;-
2017;1. Quartal;02;VG Verbrauchsgüter;22;-;-;-;-;-;-;-;-;-;-;-;-;-;-
2017;1. Quartal;02;Verarbeitendes Gewerbe gesamt;118;23984;100;3152;131;84600;3527;431403;206599;153816;17987;100;419235;203659;17480
2017;1. Quartal;03;A+EN Vorleistungsgüter und Energie;37;10088;42,1;1532;152;37905;3757;297185;179782;149509;29459;56,4;292755;178980;29020
2017;1. Quartal;03;B Investitionsgüter;57;9428;39,3;1453;154;31923;3386;123741;47271;14575;13125;23,5;119121;45787;12635
2017;1. Quartal;03;GG Gebrauchsgüter;2;-;-;-;-;-;-;-;-;-;-;-;-;-;-
2017;1. Quartal;03;VG Verbrauchsgüter;22;-;-;-;-;-;-;-;-;-;-;-;-;-;-
2017;1. Quartal;03;Verarbeitendes Gewerbe gesamt;118;23968;100;3618;151;87353;3645;526646;260968;186063;21973;100;514048;258492;21447
2017;1. Quartal;04;A+EN Vorleistungsgüter und Energie;37;10083;42;1318;131;46273;4589;239758;136593;114413;23778;52,9;235058;135147;23312
2017;1. Quartal;04;B Investitionsgüter;57;9420;39,3;1187;126;36939;3921;118777;53393;13810;12609;26,2;113329;52172;12031
2017;1. Quartal;04;GG Gebrauchsgüter;2;-;-;-;-;-;-;-;-;-;-;-;-;-;-
2017;1. Quartal;04;VG Verbrauchsgüter;22;-;-;-;-;-;-;-;-;-;-;-;-;-;-
2017;1. Quartal;04;Verarbeitendes Gewerbe gesamt;118;23987;100;3057;127;97466;4063;453110;219784;148011;18890;100;439614;216886;18327
2017;2. Quartal;05;A+EN Vorleistungsgüter und Energie;37;10077;42;1429;142;43654;4332;244476;131718;106238;24261;49,6;238807;130029;23698
2017;2. Quartal;05;B Investitionsgüter;57;9424;39,3;1328;141;37406;3969;144466;76945;23367;15330;29,3;140028;75443;14859
2017;2. Quartal;05;GG Gebrauchsgüter;2;-;-;-;-;-;-;-;-;-;-;-;-;-;-
2017;2. Quartal;05;VG Verbrauchsgüter;22;-;-;-;-;-;-;-;-;-;-;-;-;-;-
2017;2. Quartal;05;Verarbeitendes Gewerbe gesamt;118;23977;100;3361;140;95324;3976;493260;243839;152347;20572;100;478989;240395;19977
2017;2. Quartal;06;A+EN Vorleistungsgüter und Energie;37;10116;42,1;1388;137;45203;4468;204356;96775;69418;20201;45,1;199641;95037;19735
2017;2. Quartal;06;B Investitionsgüter;57;9445;39,3;1300;138;36022;3814;149583;74875;18578;15837;33;145017;73055;15354
2017;2. Quartal;06;GG Gebrauchsgüter;2;-;-;-;-;-;-;-;-;-;-;-;-;-;-
2017;2. Quartal;06;VG Verbrauchsgüter;22;-;-;-;-;-;-;-;-;-;-;-;-;-;-
2017;2. Quartal;06;Verarbeitendes Gewerbe gesamt;118;24037;100;3294;137;97051;4038;452869;204047;110736;18840;100;440578;200176;18329
2017;2. Quartal;07;A+EN Vorleistungsgüter und Energie;37;10133;42,1;1314;130;38072;3757;240755;136981;114507;23759;50;234614;135938;23153
2017;2. Quartal;07;B Investitionsgüter;57;9493;39,4;1183;125;34232;3606;142884;55690;20324;15052;29,6;138621;54025;14602
2017;2. Quartal;07;GG Gebrauchsgüter;2;-;-;-;-;-;-;-;-;-;-;-;-;-;-
2017;2. Quartal;07;VG Verbrauchsgüter;22;-;-;-;-;-;-;-;-;-;-;-;-;-;-
2017;2. Quartal;07;Verarbeitendes Gewerbe gesamt;118;24096;100;3062;127;86409;3586;481920;224726;156398;20000;100;467193;221642;19389
2017;3. Quartal;08;A+EN Vorleistungsgüter und Energie;37;10214;42,1;1468;144;40156;3931;263998;158928;131596;25847;49,8;259299;157666;25387
2017;3. Quartal;08;B Investitionsgüter;57;9549;39,4;1373;144;32656;3420;165546;79933;33100;17336;31,2;160993;78240;16860
2017;3. Quartal;08;GG Gebrauchsgüter;2;-;-;-;-;-;-;-;-;-;-;-;-;-;-
2017;3. Quartal;08;VG Verbrauchsgüter;22;-;-;-;-;-;-;-;-;-;-;-;-;-;-
2017;3. Quartal;08;Verarbeitendes Gewerbe gesamt;118;24257;100;3458;143;86657;3572;530470;270067;188060;21869;100;518124;266811;21360
2017;3. Quartal;09;A+EN Vorleistungsgüter und Energie;37;10246;42;1403;137;37752;3685;257813;156308;114827;25162;48,7;251891;153798;24584
2017;3. Quartal;09;B Investitionsgüter;57;9613;39,4;1312;136;32857;3418;169458;82839;19546;17628;32;162679;81245;16923
2017;3. Quartal;09;GG Gebrauchsgüter;2;-;-;-;-;-;-;-;-;-;-;-;-;-;-
2017;3. Quartal;09;VG Verbrauchsgüter;22;-;-;-;-;-;-;-;-;-;-;-;-;-;-
2017;3. Quartal;09;Verarbeitendes Gewerbe gesamt;118;24380;100;3292;135;84683;3473;529531;272795;157306;21720;100;513551;268286;21064
2017;4. Quartal;10;A+EN Vorleistungsgüter und Energie;37;10310;42;1360;132;39054;3788;202250;111829;85885;19617;45,6;198230;111405;19227
2017;4. Quartal;10;B Investitionsgüter;56;9671;39,4;1245;129;34399;3557;131917;62124;15834;13640;29,7;126115;60190;13041
2017;4. Quartal;10;GG Gebrauchsgüter;2;-;-;-;-;-;-;-;-;-;-;-;-;-;-
2017;4. Quartal;10;VG Verbrauchsgüter;22;-;-;-;-;-;-;-;-;-;-;-;-;-;-
2017;4. Quartal;10;Verarbeitendes Gewerbe gesamt;117;24548;100;3147;128;87695;3572;443485;210630;130905;18066;100;428910;208065;17472
2017;4. Quartal;11;A+EN Vorleistungsgüter und Energie;37;10347;42,1;1462;141;51417;4969;248309;139974;111632;23998;44,7;240283;138525;23222
2017;4. Quartal;11;B Investitionsgüter;56;9687;39,4;1370;141;44391;4583;192241;107226;27985;19845;34,6;186411;104598;19243
2017;4. Quartal;11;GG Gebrauchsgüter;2;-;-;-;-;-;-;-;-;-;-;-;-;-;-
2017;4. Quartal;11;VG Verbrauchsgüter;22;-;-;-;-;-;-;-;-;-;-;-;-;-;-
2017;4. Quartal;11;Verarbeitendes Gewerbe gesamt;117;24596;100;3444;140;118438;4815;555874;288289;172260;22600;100;538088;283956;21877
2017;4. Quartal;12;A+EN Vorleistungsgüter und Energie;37;10420;42,1;1279;123;45434;4360;475790;364577;333492;45661;58,2;471308;363995;45231
2017;4. Quartal;12;B Investitionsgüter;56;9766;39,5;1130;116;37793;3870;244889;157602;29774;25076;30;237356;154348;24304
2017;4. Quartal;12;GG Gebrauchsgüter;2;-;-;-;-;-;-;-;-;-;-;-;-;-;-
2017;4. Quartal;12;VG Verbrauchsgüter;22;-;-;-;-;-;-;-;-;-;-;-;-;-;-
2017;4. Quartal;12;Verarbeitendes Gewerbe gesamt;117;24750;100;2924;118;97849;3953;817071;553783;382219;33013;100;800556;549758;32346
2018;1. Quartal;01;A+EN Vorleistungsgüter und Energie;41;10558;42,7;1581;150;41748;3954;164307;57736;35689;15562;41,6;159982;56817;15153
2018;1. Quartal;01;B Investitionsgüter;56;9666;39,1;1419;147;34786;3599;144635;61944;23636;14963;36,6;139319;58918;14413
2018;1. Quartal;01;GG Gebrauchsgüter;2;-;-;-;-;-;-;-;-;-;-;-;-;-;-
2018;1. Quartal;01;VG Verbrauchsgüter;22;-;-;-;-;-;-;-;-;-;-;-;-;-;-
2018;1. Quartal;01;Verarbeitendes Gewerbe gesamt;121;24733;100;3639;147;90957;3678;394721;151695;82063;15959;100;381827;147367;15438
2018;1. Quartal;02;A+EN Vorleistungsgüter und Energie;41;10601;42,7;1429;135;41121;3879;228465;126524;99967;21551;48,7;222133;125001;20954
2018;1. Quartal;02;B Investitionsgüter;56;9709;39,1;1256;129;33728;3474;155080;80533;19644;15973;33,1;149582;78397;15407
2018;1. Quartal;02;GG Gebrauchsgüter;2;-;-;-;-;-;-;-;-;-;-;-;-;-;-
2018;1. Quartal;02;VG Verbrauchsgüter;22;-;-;-;-;-;-;-;-;-;-;-;-;-;-
2018;1. Quartal;02;Verarbeitendes Gewerbe gesamt;121;24809;100;3273;132;89922;3625;468780;237538;141464;18896;100;453910;233609;18296
2018;1. Quartal;03;A+EN Vorleistungsgüter und Energie;41;10616;42,7;1504;142;39507;3721;341652;230469;199170;32183;55,4;336400;229201;31688
2018;1. Quartal;03;B Investitionsgüter;56;9728;39,2;1328;137;34441;3540;175387;103283;17919;18029;28,4;170067;101564;17482
2018;1. Quartal;03;GG Gebrauchsgüter;2;-;-;-;-;-;-;-;-;-;-;-;-;-;-
2018;1. Quartal;03;VG Verbrauchsgüter;22;-;-;-;-;-;-;-;-;-;-;-;-;-;-
2018;1. Quartal;03;Verarbeitendes Gewerbe gesamt;121;24848;100;3452;139;91923;3699;616938;368468;242183;24828;100;600997;365109;24187
2018;2. Quartal;04;A+EN Vorleistungsgüter und Energie;41;10651;42,6;1488;140;40159;3770;217080;103249;70644;20381;44,8;209690;100682;19687
2018;2. Quartal;04;B Investitionsgüter;57;9816;39,2;1299;132;39709;4045;177995;101744;27278;18133;36,7;172535;100148;17577
2018;2. Quartal;04;GG Gebrauchsgüter;2;-;-;-;-;-;-;-;-;-;-;-;-;-;-
2018;2. Quartal;04;VG Verbrauchsgüter;22;-;-;-;-;-;-;-;-;-;-;-;-;-;-
2018;2. Quartal;04;Verarbeitendes Gewerbe gesamt;122;25013;100;3394;136;95186;3805;484510;235563;117905;19370;100;468485;231064;18730
2018;2. Quartal;05;A+EN Vorleistungsgüter und Energie;41;10695;42,5;1484;139;45236;4230;275476;171872;140183;25757;52,4;270022;170339;25247
2018;2. Quartal;05;B Investitionsgüter;57;9837;39,1;1296;132;40619;4129;155147;84131;26978;15772;29,5;150151;82923;15264
2018;2. Quartal;05;GG Gebrauchsgüter;2;-;-;-;-;-;-;-;-;-;-;-;-;-;-
2018;2. Quartal;05;VG Verbrauchsgüter;22;-;-;-;-;-;-;-;-;-;-;-;-;-;-
2018;2. Quartal;05;Verarbeitendes Gewerbe gesamt;122;25163;100;3390;135;100981;4013;526058;290309;190309;20906;100;512136;287216;20353
2018;2. Quartal;06;A+EN Vorleistungsgüter und Energie;41;10704;42,4;1509;141;47745;4460;288971;179339;140507;26997;46;283643;177800;26499
2018;2. Quartal;06;B Investitionsgüter;57;9927;39,3;1350;136;38127;3841;247306;163826;35680;24912;39,3;237142;162672;23889
2018;2. Quartal;06;GG Gebrauchsgüter;2;-;-;-;-;-;-;-;-;-;-;-;-;-;-
2018;2. Quartal;06;VG Verbrauchsgüter;22;-;-;-;-;-;-;-;-;-;-;-;-;-;-
2018;2. Quartal;06;Verarbeitendes Gewerbe gesamt;122;25240;100;3433;136;103094;4085;628605;375216;200091;24905;100;608568;372084;24111
2018;3. Quartal;07;A+EN Vorleistungsgüter und Energie;41;10712;42,4;1448;135;39835;3719;224352;115350;86709;20944;49,4;217332;113705;20289
2018;3. Quartal;07;B Investitionsgüter;57;9954;39,4;1259;126;36223;3639;137779;71051;14797;13842;30,3;133193;69968;13381
2018;3. Quartal;07;GG Gebrauchsgüter;2;-;-;-;-;-;-;-;-;-;-;-;-;-;-
2018;3. Quartal;07;VG Verbrauchsgüter;22;-;-;-;-;-;-;-;-;-;-;-;-;-;-
2018;3. Quartal;07;Verarbeitendes Gewerbe gesamt;122;25284;100;3314;131;90779;3590;454128;218275;123082;17961;100;439084;215302;17366
2018;3. Quartal;08;A+EN Vorleistungsgüter und Energie;40;10585;41,8;1459;138;40952;3869;279882;173538;141543;26441;46,7;273672;172234;25855
2018;3. Quartal;08;B Investitionsgüter;57;10055;39,7;1398;139;36531;3633;222991;116637;32899;22177;37,2;218158;115331;21696
2018;3. Quartal;08;GG Gebrauchsgüter;2;-;-;-;-;-;-;-;-;-;-;-;-;-;-
2018;3. Quartal;08;VG Verbrauchsgüter;22;-;-;-;-;-;-;-;-;-;-;-;-;-;-
2018;3. Quartal;08;Verarbeitendes Gewerbe gesamt;121;25301;100;3497;138;92301;3648;599569;320883;195309;23697;100;585071;318012;23124
2018;3. Quartal;09;A+EN Vorleistungsgüter und Energie;40;10671;42;1373;129;39100;3664;332859;228536;188962;31193;52,6;325066;225665;30463
2018;3. Quartal;09;B Investitionsgüter;57;10090;39,7;1317;131;35937;3562;205313;100675;31104;20348;32,4;200613;99400;19882
2018;3. Quartal;09;GG Gebrauchsgüter;2;-;-;-;-;-;-;-;-;-;-;-;-;-;-
2018;3. Quartal;09;VG Verbrauchsgüter;22;-;-;-;-;-;-;-;-;-;-;-;-;-;-
2018;3. Quartal;09;Verarbeitendes Gewerbe gesamt;121;25415;100;3269;129;89826;3534;632980;359303;241211;24906;100;615172;354645;24205
2018;4. Quartal;10;A+EN Vorleistungsgüter und Energie;40;10685;42;1390;130;40927;3830;194422;91764;60473;18196;37,2;189901;91293;17773
2018;4. Quartal;10;B Investitionsgüter;57;10127;39,8;1369;135;36922;3646;213413;121683;58919;21074;40,9;208960;120444;20634
2018;4. Quartal;10;GG Gebrauchsgüter;2;-;-;-;-;-;-;-;-;-;-;-;-;-;-
2018;4. Quartal;10;VG Verbrauchsgüter;22;-;-;-;-;-;-;-;-;-;-;-;-;-;-
2018;4. Quartal;10;Verarbeitendes Gewerbe gesamt;121;25430;100;3362;132;92761;3648;522038;253929;149558;20528;100;509277;251857;20027
2018;4. Quartal;11;A+EN Vorleistungsgüter und Energie;40;10680;41,9;1432;134;52365;4903;256566;153794;120851;24023;44,6;249511;152132;23362
2018;4. Quartal;11;B Investitionsgüter;57;10192;40;1411;138;47447;4655;208412;121453;37444;20449;36,2;203637;120335;19980
2018;4. Quartal;11;GG Gebrauchsgüter;2;-;-;-;-;-;-;-;-;-;-;-;-;-;-
2018;4. Quartal;11;VG Verbrauchsgüter;22;-;-;-;-;-;-;-;-;-;-;-;-;-;-
2018;4. Quartal;11;Verarbeitendes Gewerbe gesamt;121;25504;100;3470;136;123667;4849;575690;315131;186896;22573;100;559585;311717;21941
2018;4. Quartal;12;A+EN Vorleistungsgüter und Energie;40;10608;41,9;1252;118;47221;4451;277054;185395;142482;26117;47,3;271287;184085;25574
2018;4. Quartal;12;B Investitionsgüter;57;10114;40;1101;109;38392;3796;208643;97984;38395;20629;35,6;201881;96590;19961
2018;4. Quartal;12;GG Gebrauchsgüter;2;-;-;-;-;-;-;-;-;-;-;-;-;-;-
2018;4. Quartal;12;VG Verbrauchsgüter;22;-;-;-;-;-;-;-;-;-;-;-;-;-;-
2018;4. Quartal;12;Verarbeitendes Gewerbe gesamt;121;25296;100;2860;113;102224;4041;585347;319898;204128;23140;100;568396;316876;22470
2019;1. Quartal;01;A+EN Vorleistungsgüter und Energie;39;10597;42;1498;141;44989;4245;235203;121001;86765;22195;46;229440;119505;21651
2019;1. Quartal;01;B Investitionsgüter;57;9987;39,6;1415;142;36635;3668;190035;124292;32305;19028;37,2;181959;120307;18220
2019;1. Quartal;01;GG Gebrauchsgüter;2;-;-;-;-;-;-;-;-;-;-;-;-;-;-
2019;1. Quartal;01;VG Verbrauchsgüter;22;-;-;-;-;-;-;-;-;-;-;-;-;-;-
2019;1. Quartal;01;Verarbeitendes Gewerbe gesamt;120;25248;100;3578;142;97497;3862;511271;281731;142934;20250;100;494160;275981;19572
2019;1. Quartal;02;A+EN Vorleistungsgüter und Energie;39;10535;41,8;1398;133;46421;4406;227421;135649;99100;21587;45,8;219628;133991;20847
2019;1. Quartal;02;B Investitionsgüter;57;10007;39,7;1292;129;36670;3664;183753;103151;24940;18362;37;177807;101141;17768
2019;1. Quartal;02;GG Gebrauchsgüter;2;-;-;-;-;-;-;-;-;-;-;-;-;-;-
2019;1. Quartal;02;VG Verbrauchsgüter;22;-;-;-;-;-;-;-;-;-;-;-;-;-;-
2019;1. Quartal;02;Verarbeitendes Gewerbe gesamt;120;25229;100;3297;131;99478;3943;496529;273240;145717;19681;100;479709;269288;19014
2019;1. Quartal;03;A+EN Vorleistungsgüter und Energie;39;10572;41,8;1493;141;51531;4874;366166;259510;216790;34635;57,2;359903;257525;34043
2019;1. Quartal;03;B Investitionsgüter;57;10055;39,8;1371;136;37408;3720;182055;91223;26795;18106;28,4;173236;89710;17229
2019;1. Quartal;03;GG Gebrauchsgüter;2;-;-;-;-;-;-;-;-;-;-;-;-;-;-
2019;1. Quartal;03;VG Verbrauchsgüter;22;-;-;-;-;-;-;-;-;-;-;-;-;-;-
2019;1. Quartal;03;Verarbeitendes Gewerbe gesamt;120;25294;100;3505;139;108723;4298;639939;386148;265783;25300;100;620514;382279;24532
2019;1. Quartal;04;A+EN Vorleistungsgüter und Energie;39;10588;41,7;1439;136;40350;3811;280496;187597;155757;26492;50,7;273149;185793;25798
2019;1. Quartal;04;B Investitionsgüter;59;10114;39,8;1315;130;44296;4380;179231;105308;32190;17721;32,4;171524;103864;16959
2019;1. Quartal;04;GG Gebrauchsgüter;2;-;-;-;-;-;-;-;-;-;-;-;-;-;-
2019;1. Quartal;04;VG Verbrauchsgüter;22;-;-;-;-;-;-;-;-;-;-;-;-;-;-
2019;1. Quartal;04;Verarbeitendes Gewerbe gesamt;122;25404;100;3368;133;100727;3965;553336;325290;207575;21781;100;534376;321611;21035
2019;2. Quartal;05;A+EN Vorleistungsgüter und Energie;39;10529;41,4;1475;140;48951;4649;285167;182163;142747;27084;47,5;281776;180879;26762
2019;2. Quartal;05;B Investitionsgüter;59;10160;39,9;1365;134;42345;4168;220491;129459;35377;21702;36,7;212850;126575;20950
2019;2. Quartal;05;GG Gebrauchsgüter;2;-;-;-;-;-;-;-;-;-;-;-;-;-;-
2019;2. Quartal;05;VG Verbrauchsgüter;22;-;-;-;-;-;-;-;-;-;-;-;-;-;-
2019;2. Quartal;05;Verarbeitendes Gewerbe gesamt;122;25451;100;3478;137;107804;4236;600494;346361;202373;23594;100;585368;341525;23000
2019;2. Quartal;06;A+EN Vorleistungsgüter und Energie;39;10545;41,4;1373;130;48909;4638;220883;138727;97765;20947;44,8;212280;136223;20131
2019;2. Quartal;06;B Investitionsgüter;59;10204;40,1;1252;123;40534;3972;186564;102716;24634;18283;37,8;178935;99867;17536
2019;2. Quartal;06;GG Gebrauchsgüter;2;-;-;-;-;-;-;-;-;-;-;-;-;-;-
2019;2. Quartal;06;VG Verbrauchsgüter;22;-;-;-;-;-;-;-;-;-;-;-;-;-;-
2019;2. Quartal;06;Verarbeitendes Gewerbe gesamt;122;25449;100;3181;125;107492;4224;492967;272505;144897;19371;100;472820;266772;18579
2019;3. Quartal;07;A+EN Vorleistungsgüter und Energie;39;10523;41,4;1449;138;39330;3738;218256;119039;82635;20741;45,7;209876;116377;19945
2019;3. Quartal;07;B Investitionsgüter;59;10202;40,1;1366;134;40208;3941;169851;80224;31885;16649;35,6;161308;77133;15811
2019;3. Quartal;07;GG Gebrauchsgüter;2;-;-;-;-;-;-;-;-;-;-;-;-;-;-
2019;3. Quartal;07;VG Verbrauchsgüter;22;-;-;-;-;-;-;-;-;-;-;-;-;-;-
2019;3. Quartal;07;Verarbeitendes Gewerbe gesamt;122;25428;100;3431;135;94940;3734;477430;230221;136793;18776;100;456529;224047;17954
2019;3. Quartal;08;A+EN Vorleistungsgüter und Energie;39;10409;40,9;1412;136;42287;4063;247144;139859;97141;23743;47,8;236911;137607;22760
2019;3. Quartal;08;B Investitionsgüter;59;10317;40,5;1335;129;38079;3691;186959;102168;27987;18121;36,2;178472;98927;17299
2019;3. Quartal;08;GG Gebrauchsgüter;2;-;-;-;-;-;-;-;-;-;-;-;-;-;-
2019;3. Quartal;08;VG Verbrauchsgüter;22;-;-;-;-;-;-;-;-;-;-;-;-;-;-
2019;3. Quartal;08;Verarbeitendes Gewerbe gesamt;122;25479;100;3330;131;96055;3770;517110;273910;148178;20296;100;494130;267952;19394
2019;3. Quartal;09;A+EN Vorleistungsgüter und Energie;39;10454;40,8;1434;137;39372;3766;222771;146464;110142;21310;38,4;213581;142545;20431
2019;3. Quartal;09;B Investitionsgüter;59;10391;40,5;1369;132;37586;3617;263411;158559;29966;25350;45,4;255320;155899;24571
2019;3. Quartal;09;GG Gebrauchsgüter;2;-;-;-;-;-;-;-;-;-;-;-;-;-;-
2019;3. Quartal;09;VG Verbrauchsgüter;22;-;-;-;-;-;-;-;-;-;-;-;-;-;-
2019;3. Quartal;09;Verarbeitendes Gewerbe gesamt;122;25639;100;3397;132;92690;3615;580094;339148;164513;22625;100;557132;332118;21730
2019;4. Quartal;10;A+EN Vorleistungsgüter und Energie;39;10475;40,8;1422;136;40169;3835;286730;205900;171116;27373;49,1;281909;205586;26913
2019;4. Quartal;10;B Investitionsgüter;59;10417;40,6;1354;130;38334;3680;197251;112117;34148;18935;33,8;190685;110857;18305
2019;4. Quartal;10;GG Gebrauchsgüter;2;-;-;-;-;-;-;-;-;-;-;-;-;-;-
2019;4. Quartal;10;VG Verbrauchsgüter;22;-;-;-;-;-;-;-;-;-;-;-;-;-;-
2019;4. Quartal;10;Verarbeitendes Gewerbe gesamt;122;25675;100;3372;131;94426;3678;583557;354539;230726;22729;100;565651;352358;22031
2019;4. Quartal;11;A+EN Vorleistungsgüter und Energie;39;10486;40,8;1424;136;57280;5463;247135;160274;125248;23568;43,5;241082;159026;22991
2019;4. Quartal;11;B Investitionsgüter;59;10454;40,7;1359;130;49901;4773;209419;107783;27377;20032;36,9;202246;106380;19346
2019;4. Quartal;11;GG Gebrauchsgüter;2;-;-;-;-;-;-;-;-;-;-;-;-;-;-
2019;4. Quartal;11;VG Verbrauchsgüter;22;-;-;-;-;-;-;-;-;-;-;-;-;-;-
2019;4. Quartal;11;Verarbeitendes Gewerbe gesamt;122;25709;100;3384;132;130558;5078;568234;310359;183961;22103;100;547625;307299;21301
2019;4. Quartal;12;A+EN Vorleistungsgüter und Energie;39;10604;41,2;1285;121;47315;4462;219195;146388;107599;20671;39,7;213567;145079;20140
2019;4. Quartal;12;B Investitionsgüter;59;10398;40,4;1150;111;39703;3818;232580;132398;25509;22368;42,2;223625;129841;21507
2019;4. Quartal;12;GG Gebrauchsgüter;2;-;-;-;-;-;-;-;-;-;-;-;-;-;-
2019;4. Quartal;12;VG Verbrauchsgüter;22;-;-;-;-;-;-;-;-;-;-;-;-;-;-
2019;4. Quartal;12;Verarbeitendes Gewerbe gesamt;122;25722;100;2946;115;103008;4005;551722;320724;167921;21449;100;528038;316531;20529
2020;1. Quartal;01;A+EN Vorleistungsgüter und Energie;37;10480;40,7;1514;144;48311;4610;211529;123710;84998;20184;44,4;202003;123092;19275
2020;1. Quartal;01;B Investitionsgüter;62;10771;41,8;1547;144;40486;3759;181709;64576;17953;16870;38,2;173981;62781;16153
2020;1. Quartal;01;GG Gebrauchsgüter;1;-;-;-;-;-;-;-;-;-;-;-;-;-;-
2020;1. Quartal;01;VG Verbrauchsgüter;23;-;-;-;-;-;-;-;-;-;-;-;-;-;-
2020;1. Quartal;01;Verarbeitendes Gewerbe gesamt;123;25756;100;3684;143;103651;4024;476206;223335;126318;18489;100;452082;220567;17552
2020;1. Quartal;02;A+EN Vorleistungsgüter und Energie;37;10379;40,4;1404;135;41806;4028;186375;98818;58443;17957;41,2;179330;96776;17278
2020;1. Quartal;02;B Investitionsgüter;62;10785;41,9;1407;130;39516;3664;185284;66831;18832;17180;41;178073;65496;16511
2020;1. Quartal;02;GG Gebrauchsgüter;1;-;-;-;-;-;-;-;-;-;-;-;-;-;-
2020;1. Quartal;02;VG Verbrauchsgüter;23;-;-;-;-;-;-;-;-;-;-;-;-;-;-
2020;1. Quartal;02;Verarbeitendes Gewerbe gesamt;123;25722;100;3376;131;97468;3789;451892;198597;98838;17568;100;431519;194655;16776
2020;1. Quartal;03;A+EN Vorleistungsgüter und Energie;37;10390;40,4;1516;146;41180;3963;250856;162983;120699;24144;47,1;240185;156768;23117
2020;1. Quartal;03;B Investitionsgüter;62;10785;41,9;1476;137;40035;3712;180715;72986;31305;16756;34;170258;70390;15787
2020;1. Quartal;03;GG Gebrauchsgüter;1;-;-;-;-;-;-;-;-;-;-;-;-;-;-
2020;1. Quartal;03;VG Verbrauchsgüter;23;-;-;-;-;-;-;-;-;-;-;-;-;-;-
2020;1. Quartal;03;Verarbeitendes Gewerbe gesamt;123;25747;100;3585;139;101073;3926;532219;279555;182337;20671;100;503967;270332;19574
2020;2. Quartal;04;A+EN Vorleistungsgüter und Energie;37;10480;40,3;1411;135;51437;4908;235402;153318;111221;22462;54,2;225928;150352;21558
2020;2. Quartal;04;B Investitionsgüter;62;10783;41,5;1286;119;42035;3898;128458;51492;17472;11913;29,6;121820;49990;11297
2020;2. Quartal;04;GG Gebrauchsgüter;1;-;-;-;-;-;-;-;-;-;-;-;-;-;-
2020;2. Quartal;04;VG Verbrauchsgüter;26;-;-;-;-;-;-;-;-;-;-;-;-;-;-
2020;2. Quartal;04;Verarbeitendes Gewerbe gesamt;126;25979;100;3262;126;108777;4187;434249;237232;149170;16715;100;414491;232592;15955
2020;2. Quartal;05;A+EN Vorleistungsgüter und Energie;37;10423;40,2;1396;134;44108;4232;177032;94701;52462;16985;42,7;165595;91273;15887
2020;2. Quartal;05;B Investitionsgüter;61;10778;41,6;1235;115;44344;4114;157995;56384;13471;14659;38,1;152830;54721;14180
2020;2. Quartal;05;GG Gebrauchsgüter;1;-;-;-;-;-;-;-;-;-;-;-;-;-;-
2020;2. Quartal;05;VG Verbrauchsgüter;26;-;-;-;-;-;-;-;-;-;-;-;-;-;-
2020;2. Quartal;05;Verarbeitendes Gewerbe gesamt;125;25925;100;3162;122;104619;4035;414574;182191;84882;15991;100;392368;176866;15135
2020;2. Quartal;06;A+EN Vorleistungsgüter und Energie;38;10626;40,7;1465;138;47727;4492;209760;130605;89461;19740;44,6;198424;124342;18673
2020;2. Quartal;06;B Investitionsgüter;61;10751;41,2;1344;125;40909;3805;170132;58314;28013;15825;36,2;161458;55767;15018
2020;2. Quartal;06;GG Gebrauchsgüter;1;-;-;-;-;-;-;-;-;-;-;-;-;-;-
2020;2. Quartal;06;VG Verbrauchsgüter;26;-;-;-;-;-;-;-;-;-;-;-;-;-;-
2020;2. Quartal;06;Verarbeitendes Gewerbe gesamt;126;26107;100;3408;131;106061;4063;470276;223303;138932;18013;100;443042;214246;16970
2020;3. Quartal;07;A+EN Vorleistungsgüter und Energie;38;10663;40,9;1466;137;42678;4002;179099;97665;59112;16796;41,4;169363;95964;15883
2020;3. Quartal;07;B Investitionsgüter;61;10725;41,1;1368;128;39001;3636;167408;72800;21100;15609;38,7;160081;70347;14926
2020;3. Quartal;07;GG Gebrauchsgüter;1;-;-;-;-;-;-;-;-;-;-;-;-;-;-
2020;3. Quartal;07;VG Verbrauchsgüter;26;-;-;-;-;-;-;-;-;-;-;-;-;-;-
2020;3. Quartal;07;Verarbeitendes Gewerbe gesamt;126;26099;100;3438;132;96735;3706;432634;204597;101796;16577;100;409772;199973;15701
2020;3. Quartal;08;A+EN Vorleistungsgüter und Energie;38;10704;40,8;1348;126;41465;3874;224545;141616;98856;20978;50,1;215499;138248;20133
2020;3. Quartal;08;B Investitionsgüter;61;10803;41,2;1145;106;38456;3560;140527;61228;13566;13008;31,4;131039;57059;12130
2020;3. Quartal;08;GG Gebrauchsgüter;1;-;-;-;-;-;-;-;-;-;-;-;-;-;-
2020;3. Quartal;08;VG Verbrauchsgüter;26;-;-;-;-;-;-;-;-;-;-;-;-;-;-
2020;3. Quartal;08;Verarbeitendes Gewerbe gesamt;126;26242;100;3042;116;95076;3623;448163;236574;134440;17078;100;421682;228769;16069
2020;3. Quartal;09;A+EN Vorleistungsgüter und Energie;38;10782;41;1479;137;42206;3914;244159;147893;99793;22645;44,6;184556;125958;17117
2020;3. Quartal;09;B Investitionsgüter;61;10747;40,9;1358;126;38793;3610;210494;77965;19796;19586;38,4;202049;75663;18801
2020;3. Quartal;09;GG Gebrauchsgüter;1;-;-;-;-;-;-;-;-;-;-;-;-;-;-
2020;3. Quartal;09;VG Verbrauchsgüter;26;-;-;-;-;-;-;-;-;-;-;-;-;-;-
2020;3. Quartal;09;Verarbeitendes Gewerbe gesamt;126;26292;100;3446;131;97014;3690;547957;259820;141129;20841;100;474254;235255;18038
2020;4. Quartal;10;A+EN Vorleistungsgüter und Energie;38;10878;41,4;1479;136;42745;3929;187490;115007;74404;17236;40,8;181907;113720;16722
2020;4. Quartal;10;B Investitionsgüter;61;10652;40,5;1323;124;40203;3774;178524;62013;29014;16760;38,8;169536;59918;15916
2020;4. Quartal;10;GG Gebrauchsgüter;1;-;-;-;-;-;-;-;-;-;-;-;-;-;-
2020;4. Quartal;10;VG Verbrauchsgüter;26;-;-;-;-;-;-;-;-;-;-;-;-;-;-
2020;4. Quartal;10;Verarbeitendes Gewerbe gesamt;126;26301;100;3409;130;99295;3775;459570;208876;124476;17473;100;438609;205238;16677
2020;4. Quartal;11;A+EN Vorleistungsgüter und Energie;38;10901;41,4;1477;135;54389;4989;194828;122470;79564;17872;37,6;188767;121639;17316
2020;4. Quartal;11;B Investitionsgüter;61;10683;40,6;1275;119;48266;4518;229210;83106;30186;21456;44,3;217970;78414;20403
2020;4. Quartal;11;GG Gebrauchsgüter;1;-;-;-;-;-;-;-;-;-;-;-;-;-;-
2020;4. Quartal;11;VG Verbrauchsgüter;26;-;-;-;-;-;-;-;-;-;-;-;-;-;-
2020;4. Quartal;11;Verarbeitendes Gewerbe gesamt;126;26339;100;3349;127;126055;4786;517980;237455;130707;19666;100;493525;231602;18737
2020;4. Quartal;12;A+EN Vorleistungsgüter und Energie;38;10881;41,5;1397;128;47907;4403;291200;195344;146436;26762;43,5;284233;191819;26122
2020;4. Quartal;12;B Investitionsgüter;61;10647;40,6;1071;101;40706;3823;292105;148572;75278;27435;43,7;283759;146201;26652
2020;4. Quartal;12;GG Gebrauchsgüter;1;-;-;-;-;-;-;-;-;-;-;-;-;-;-
2020;4. Quartal;12;VG Verbrauchsgüter;26;-;-;-;-;-;-;-;-;-;-;-;-;-;-
2020;4. Quartal;12;Verarbeitendes Gewerbe gesamt;126;26225;100;3017;115;105115;4008;668780;384244;252608;25502;100;647998;378102;24709
2021;1. Quartal;01;A+EN Vorleistungsgüter und Energie;38;10927;41,9;1528;140;50460;4618;204230;124929;19749;18690;51,6;198669;123243;18181
2021;1. Quartal;01;B Investitionsgüter;59;10476;40,2;1318;126;38165;3643;113207;65341;12499;10806;28,6;106551;63457;10171
2021;1. Quartal;01;GG Gebrauchsgüter;2;-;-;-;-;-;-;-;-;-;-;-;-;-;-
2021;1. Quartal;01;VG Verbrauchsgüter;24;-;-;-;-;-;-;-;-;-;-;-;-;-;-
2021;1. Quartal;01;Verarbeitendes Gewerbe gesamt;123;26048;100;3423;131;103908;3989;395543;222384;53285;15185;100;378103;218494;14516
2021;1. Quartal;02;A+EN Vorleistungsgüter und Energie;38;10958;41,9;1506;137;43785;3996;198758;126828;16512;18138;50,1;192972;124932;17610
2021;1. Quartal;02;B Investitionsgüter;59;10561;40,4;1335;126;39062;3699;120823;55308;14330;11440;30,4;114109;53804;10805
2021;1. Quartal;02;GG Gebrauchsgüter;2;-;-;-;-;-;-;-;-;-;-;-;-;-;-
2021;1. Quartal;02;VG Verbrauchsgüter;24;-;-;-;-;-;-;-;-;-;-;-;-;-;-
2021;1. Quartal;02;Verarbeitendes Gewerbe gesamt;123;26124;100;3403;130;99128;3795;396956;212860;51853;15195;100;378886;209062;14503
2021;1. Quartal;03;A+EN Vorleistungsgüter und Energie;38;10950;41,9;1659;152;57375;5240;243369;151182;21810;22225;38;236421;150218;21591
2021;1. Quartal;03;B Investitionsgüter;59;10571;40,5;1455;138;39604;3746;303785;200181;21293;28738;47,4;291290;194676;27556
2021;1. Quartal;03;GG Gebrauchsgüter;2;-;-;-;-;-;-;-;-;-;-;-;-;-;-
2021;1. Quartal;03;VG Verbrauchsgüter;24;-;-;-;-;-;-;-;-;-;-;-;-;-;-
2021;1. Quartal;03;Verarbeitendes Gewerbe gesamt;123;26118;100;3748;144;114424;4381;641176;384572;65390;24549;100;615760;377861;23576
2021;2. Quartal;04;A+EN Vorleistungsgüter und Energie;38;11002;41,9;1511;137;45486;4134;202085;121570;20805;18368;49;194569;120369;17685
2021;2. Quartal;04;B Investitionsgüter;60;10645;40,6;1299;122;42898;4030;133415;63742;17141;12533;32,3;122650;61330;11522
2021;2. Quartal;04;GG Gebrauchsgüter;2;-;-;-;-;-;-;-;-;-;-;-;-;-;-
2021;2. Quartal;04;VG Verbrauchsgüter;24;-;-;-;-;-;-;-;-;-;-;-;-;-;-
2021;2. Quartal;04;Verarbeitendes Gewerbe gesamt;124;26244;100;3382;129;104996;4001;412543;214921;58557;15720;100;389030;211031;14824
2021;2. Quartal;05;A+EN Vorleistungsgüter und Energie;38;11037;42;1474;134;47831;4334;270908;177362;24814;24545;56;260371;175617;23591
2021;2. Quartal;05;B Investitionsgüter;60;10633;40,5;1218;115;46524;4375;116593;48358;22101;10965;24,1;109512;46197;10299
2021;2. Quartal;05;GG Gebrauchsgüter;2;-;-;-;-;-;-;-;-;-;-;-;-;-;-
2021;2. Quartal;05;VG Verbrauchsgüter;24;-;-;-;-;-;-;-;-;-;-;-;-;-;-
2021;2. Quartal;05;Verarbeitendes Gewerbe gesamt;124;26258;100;3240;123;110697;4216;483824;271321;82845;18426;100;460594;266926;17541
2021;2. Quartal;06;A+EN Vorleistungsgüter und Energie;38;11068;42;1578;143;50785;4588;271470;172323;27039;24527;50,9;262704;170243;23735
2021;2. Quartal;06;B Investitionsgüter;60;10624;40,3;1423;134;46363;4364;160827;69112;29722;15138;30,2;146714;66807;13810
2021;2. Quartal;06;GG Gebrauchsgüter;2;-;-;-;-;-;-;-;-;-;-;-;-;-;-
2021;2. Quartal;06;VG Verbrauchsgüter;24;-;-;-;-;-;-;-;-;-;-;-;-;-;-
2021;2. Quartal;06;Verarbeitendes Gewerbe gesamt;124;26330;100;3605;137;115375;4382;533129;289467;93644;20248;100;503273;284757;19114
2021;3. Quartal;07;A+EN Vorleistungsgüter und Energie;38;11066;42,1;1526;138;45975;4155;236594;146822;25457;21380;45,6;226197;144009;20441
2021;3. Quartal;07;B Investitionsgüter;60;10640;40,5;1343;126;41715;3921;187837;88006;22213;17654;36,2;170829;85386;16055
2021;3. Quartal;07;GG Gebrauchsgüter;2;-;-;-;-;-;-;-;-;-;-;-;-;-;-
2021;3. Quartal;07;VG Verbrauchsgüter;24;-;-;-;-;-;-;-;-;-;-;-;-;-;-
2021;3. Quartal;07;Verarbeitendes Gewerbe gesamt;124;26300;100;3459;132;103219;3925;518913;279033;82457;19731;100;485463;273162;18459
2021;3. Quartal;08;A+EN Vorleistungsgüter und Energie;38;11088;42;1423;128;44438;4008;253638;148214;16853;22875;52,8;244582;146212;22058
2021;3. Quartal;08;B Investitionsgüter;60;10646;40,3;1229;115;40263;3782;128815;60531;20111;12100;26,8;118629;57573;11143
2021;3. Quartal;08;GG Gebrauchsgüter;2;-;-;-;-;-;-;-;-;-;-;-;-;-;-
2021;3. Quartal;08;VG Verbrauchsgüter;24;-;-;-;-;-;-;-;-;-;-;-;-;-;-
2021;3. Quartal;08;Verarbeitendes Gewerbe gesamt;124;26405;100;3227;122;100480;3805;480379;252997;72963;18193;100;456007;247769;17270
2021;3. Quartal;09;A+EN Vorleistungsgüter und Energie;38;11179;41,9;1517;136;44719;4000;292030;165646;36719;26123;50,1;271772;152691;24311
2021;3. Quartal;09;B Investitionsgüter;60;10731;40,2;1377;128;40029;3730;179336;91864;24810;16712;30,8;166986;88352;15561
2021;3. Quartal;09;GG Gebrauchsgüter;2;-;-;-;-;-;-;-;-;-;-;-;-;-;-
2021;3. Quartal;09;VG Verbrauchsgüter;24;-;-;-;-;-;-;-;-;-;-;-;-;-;-
2021;3. Quartal;09;Verarbeitendes Gewerbe gesamt;124;26672;100;3483;131;100555;3770;583100;308031;100847;21862;100;544458;291072;20413
2021;4. Quartal;10;A+EN Vorleistungsgüter und Energie;38;11306;42,1;1502;133;45888;4059;253258;157538;28301;22400;49,6;242832;155499;21478
2021;4. Quartal;10;B Investitionsgüter;60;10799;40,3;1334;124;41185;3814;153898;70528;21643;14251;30,1;141868;67636;13137
2021;4. Quartal;10;GG Gebrauchsgüter;2;-;-;-;-;-;-;-;-;-;-;-;-;-;-
2021;4. Quartal;10;VG Verbrauchsgüter;24;-;-;-;-;-;-;-;-;-;-;-;-;-;-
2021;4. Quartal;10;Verarbeitendes Gewerbe gesamt;124;26826;100;3418;127;103379;3854;510621;271138;83883;19035;100;481985;265930;17967
2021;4. Quartal;11;A+EN Vorleistungsgüter und Energie;38;11337;42,2;1561;138;56986;5027;278864;166690;24742;24598;49;267040;162405;23555
2021;4. Quartal;11;B Investitionsgüter;60;10814;40,2;1402;130;52892;4891;180917;81418;18804;16730;31,8;171652;78521;15873
2021;4. Quartal;11;GG Gebrauchsgüter;2;-;-;-;-;-;-;-;-;-;-;-;-;-;-
2021;4. Quartal;11;VG Verbrauchsgüter;24;-;-;-;-;-;-;-;-;-;-;-;-;-;-
2021;4. Quartal;11;Verarbeitendes Gewerbe gesamt;124;26868;100;3562;133;134265;4997;569200;294860;82540;21185;100;541761;287292;20164
2021;4. Quartal;12;A+EN Vorleistungsgüter und Energie;38;11375;42,5;1436;126;58047;5103;326223;198438;28096;28679;51,6;309843;188050;27239
2021;4. Quartal;12;B Investitionsgüter;60;10722;40;1182;110;42563;3970;218812;116942;32063;20408;34,6;205291;113649;19147
2021;4. Quartal;12;GG Gebrauchsgüter;2;-;-;-;-;-;-;-;-;-;-;-;-;-;-
2021;4. Quartal;12;VG Verbrauchsgüter;24;-;-;-;-;-;-;-;-;-;-;-;-;-;-
2021;4. Quartal;12;Verarbeitendes Gewerbe gesamt;124;26784;100;3159;118;117133;4373;632689;346178;82777;23622;100;596901;331994;22286
2022;1. Quartal;01;A+EN Vorleistungsgüter und Energie;38;11422;42,7;1643;144;60285;5278;297860;186332;23659;26078;55,9;287509;183092;25172
2022;1. Quartal;01;B Investitionsgüter;59;10746;40,1;1351;126;38237;3558;160950;79120;43898;14978;30,2;151042;76296;14056
2022;1. Quartal;01;GG Gebrauchsgüter;2;-;-;-;-;-;-;-;-;-;-;-;-;-;-
2022;1. Quartal;01;VG Verbrauchsgüter;23;-;-;-;-;-;-;-;-;-;-;-;-;-;-
2022;1. Quartal;01;Verarbeitendes Gewerbe gesamt;122;26769;100;3596;134;114194;4266;533115;295446;88116;19915;100;501667;288878;18741
2022;1. Quartal;02;A+EN Vorleistungsgüter und Energie;38;11490;42,9;1555;135;47252;4112;296744;176340;25702;25826;57,6;283444;170455;24669
2022;1. Quartal;02;B Investitionsgüter;59;10771;40,3;1317;122;42423;3939;135413;55421;17840;12572;26,3;127879;52511;11873
2022;1. Quartal;02;GG Gebrauchsgüter;2;-;-;-;-;-;-;-;-;-;-;-;-;-;-
2022;1. Quartal;02;VG Verbrauchsgüter;23;-;-;-;-;-;-;-;-;-;-;-;-;-;-
2022;1. Quartal;02;Verarbeitendes Gewerbe gesamt;122;26756;100;3412;128;106996;3999;515235;265050;65792;19257;100;482826;255985;18046
2022;1. Quartal;03;A+EN Vorleistungsgüter und Energie;38;11512;42,9;1733;151;65109;5656;329374;196475;36214;28611;52;310137;187262;26940
2022;1. Quartal;03;B Investitionsgüter;60;10879;40,5;1508;139;42877;3941;202266;61425;20864;18592;31,9;190148;58334;17478
2022;1. Quartal;03;GG Gebrauchsgüter;2;-;-;-;-;-;-;-;-;-;-;-;-;-;-
2022;1. Quartal;03;VG Verbrauchsgüter;22;-;-;-;-;-;-;-;-;-;-;-;-;-;-
2022;1. Quartal;03;Verarbeitendes Gewerbe gesamt;122;26840;100;3855;144;128002;4769;633321;296350;83643;23596;100;585732;283180;21823
2022;2. Quartal;04;A+EN Vorleistungsgüter und Energie;38;11540;42,9;1562;135;51865;4494;314042;183233;26863;27213;54,8;293792;175910;25459
2022;2. Quartal;04;B Investitionsgüter;59;10889;40,5;1290;118;46326;4254;176688;93269;52723;16226;30,8;168461;90665;15471
2022;2. Quartal;04;GG Gebrauchsgüter;2;-;-;-;-;-;-;-;-;-;-;-;-;-;-
2022;2. Quartal;04;VG Verbrauchsgüter;22;-;-;-;-;-;-;-;-;-;-;-;-;-;-
2022;2. Quartal;04;Verarbeitendes Gewerbe gesamt;121;26887;100;3374;125;115392;4292;572868;305883;99030;21307;100;532385;295537;19801
2022;2. Quartal;05;A+EN Vorleistungsgüter und Energie;38;11594;43;1633;141;54791;4726;340619;212274;28068;29379;56,4;315849;205053;27242
2022;2. Quartal;05;B Investitionsgüter;59;10877;40,4;1397;128;52333;4811;165678;79545;42638;15232;27,4;156670;75663;14404
2022;2. Quartal;05;GG Gebrauchsgüter;2;-;-;-;-;-;-;-;-;-;-;-;-;-;-
2022;2. Quartal;05;VG Verbrauchsgüter;22;-;-;-;-;-;-;-;-;-;-;-;-;-;-
2022;2. Quartal;05;Verarbeitendes Gewerbe gesamt;121;26932;100;3594;133;125305;4653;604126;326235;95722;22432;100;554078;314247;20573
2022;2. Quartal;06;A+EN Vorleistungsgüter und Energie;38;11629;43;1607;138;57741;4965;369853;215853;38914;31804;54,2;342391;203394;29443
2022;2. Quartal;06;B Investitionsgüter;59;10921;40,4;1378;126;46700;4276;218860;97735;31837;20040;32,1;205515;92790;18818
2022;2. Quartal;06;GG Gebrauchsgüter;2;-;-;-;-;-;-;-;-;-;-;-;-;-;-
2022;2. Quartal;06;VG Verbrauchsgüter;22;-;-;-;-;-;-;-;-;-;-;-;-;-;-
2022;2. Quartal;06;Verarbeitendes Gewerbe gesamt;121;27019;100;3544;131;124581;4611;682765;345957;94391;25270;100;626817;328009;23199
2022;3. Quartal;07;A+EN Vorleistungsgüter und Energie;37;11641;43;1533;132;52311;4494;371767;232389;36991;31936;58,9;348877;223696;29970
2022;3. Quartal;07;B Investitionsgüter;59;10958;40,5;1289;118;45833;4183;170982;79480;29331;15603;27,1;161909;77206;14775
2022;3. Quartal;07;GG Gebrauchsgüter;2;-;-;-;-;-;-;-;-;-;-;-;-;-;-
2022;3. Quartal;07;VG Verbrauchsgüter;22;-;-;-;-;-;-;-;-;-;-;-;-;-;-
2022;3. Quartal;07;Verarbeitendes Gewerbe gesamt;120;27060;100;3343;124;113910;4210;631467;343803;87872;23336;100;587716;332527;21719
2022;3. Quartal;08;A+EN Vorleistungsgüter und Energie;37;11776;43,2;1564;133;54592;4636;410018;247707;40234;34818;52;383420;240129;32559
2022;3. Quartal;08;B Investitionsgüter;59;10992;40,4;1337;122;43021;3914;281809;115211;63011;25638;35,7;272595;111106;24799
2022;3. Quartal;08;GG Gebrauchsgüter;2;-;-;-;-;-;-;-;-;-;-;-;-;-;-
2022;3. Quartal;08;VG Verbrauchsgüter;22;-;-;-;-;-;-;-;-;-;-;-;-;-;-
2022;3. Quartal;08;Verarbeitendes Gewerbe gesamt;120;27234;100;3446;127;113268;4159;788959;400818;126858;28970;100;740759;388677;27200
2022;3. Quartal;09;A+EN Vorleistungsgüter und Energie;36;11918;43,3;1616;136;55736;4677;490727;324212;50987;41175;54;460813;314847;38665
2022;3. Quartal;09;B Investitionsgüter;59;11096;40,3;1423;128;43350;3907;319179;129650;27658;28765;35,1;304248;124525;27420
2022;3. Quartal;09;GG Gebrauchsgüter;2;-;-;-;-;-;-;-;-;-;-;-;-;-;-
2022;3. Quartal;09;VG Verbrauchsgüter;22;-;-;-;-;-;-;-;-;-;-;-;-;-;-
2022;3. Quartal;09;Verarbeitendes Gewerbe gesamt;119;27514;100;3596;131;116554;4236;908312;491022;103811;33013;100;849511;475680;30876
2022;4. Quartal;10;A+EN Vorleistungsgüter und Energie;36;12032;43,4;1526;127;52394;4355;333472;193288;31850;27715;56,1;303499;181693;25224
2022;4. Quartal;10;B Investitionsgüter;59;11143;40,2;1279;115;44625;4005;152627;69525;25901;13697;25,7;143775;66073;12903
2022;4. Quartal;10;GG Gebrauchsgüter;2;-;-;-;-;-;-;-;-;-;-;-;-;-;-
2022;4. Quartal;10;VG Verbrauchsgüter;22;-;-;-;-;-;-;-;-;-;-;-;-;-;-
2022;4. Quartal;10;Verarbeitendes Gewerbe gesamt;119;27703;100;3299;119;113705;4104;594444;301905;85223;21458;100;541277;285285;19539
2022;4. Quartal;11;A+EN Vorleistungsgüter und Energie;36;12087;43,5;1690;140;64214;5313;390789;227552;33295;32331;54,4;364224;221898;30134
2022;4. Quartal;11;B Investitionsgüter;59;11186;40,2;1446;129;56353;5038;215394;96883;35836;19256;30;205042;93957;18330
2022;4. Quartal;11;GG Gebrauchsgüter;2;-;-;-;-;-;-;-;-;-;-;-;-;-;-
2022;4. Quartal;11;VG Verbrauchsgüter;22;-;-;-;-;-;-;-;-;-;-;-;-;-;-
2022;4. Quartal;11;Verarbeitendes Gewerbe gesamt;119;27801;100;3689;133;147268;5297;718889;364138;93485;25858;100;667099;354331;23996
2022;4. Quartal;12;A+EN Vorleistungsgüter und Energie;36;12131;43,6;1526;126;66778;5505;326821;173540;35983;26941;41,2;305179;166940;25157
2022;4. Quartal;12;B Investitionsgüter;59;11207;40,3;1141;102;47859;4270;362471;222269;56642;32343;45,7;350287;216744;31256
2022;4. Quartal;12;GG Gebrauchsgüter;2;-;-;-;-;-;-;-;-;-;-;-;-;-;-
2022;4. Quartal;12;VG Verbrauchsgüter;22;-;-;-;-;-;-;-;-;-;-;-;-;-;-
2022;4. Quartal;12;Verarbeitendes Gewerbe gesamt;119;27806;100;3161;114;135502;4873;793169;444419;125115;28525;100;748162;431538;26906
2023;1. Quartal;01;A+EN Vorleistungsgüter und Energie;34;11706;42,9;1698;145;65814;5622;359059;208705;35109;30673;57,4;339318;202951;28987
2023;1. Quartal;01;B Investitionsgüter;58;11557;42,4;1593;138;52921;4579;175446;82396;28953;15181;28,1;166629;79083;14418
2023;1. Quartal;01;GG Gebrauchsgüter;2;-;-;-;-;-;-;-;-;-;-;-;-;-;-
2023;1. Quartal;01;VG Verbrauchsgüter;21;-;-;-;-;-;-;-;-;-;-;-;-;-;-
2023;1. Quartal;01;Verarbeitendes Gewerbe gesamt;115;27274;100;3831;140;134220;4921;625446;332869;88530;22932;100;583218;323074;21384
2023;1. Quartal;02;A+EN Vorleistungsgüter und Energie;34;11733;42,9;1572;134;51382;4379;305632;154503;33943;26049;53,9;287521;150962;24505
2023;1. Quartal;02;B Investitionsgüter;58;11626;42,5;1450;125;49890;4291;173125;98739;44600;14891;30,6;164111;94674;14116
2023;1. Quartal;02;GG Gebrauchsgüter;2;-;-;-;-;-;-;-;-;-;-;-;-;-;-
2023;1. Quartal;02;VG Verbrauchsgüter;21;-;-;-;-;-;-;-;-;-;-;-;-;-;-
2023;1. Quartal;02;Verarbeitendes Gewerbe gesamt;115;27372;100;3515;128;117385;4289;566687;292318;102422;20703;100;527014;283947;19254
2023;1. Quartal;03;A+EN Vorleistungsgüter und Energie;34;11828;42,9;1749;148;67970;5747;392637;214909;41035;33196;54,5;367610;210075;31080
2023;1. Quartal;03;B Investitionsgüter;58;11713;42,5;1683;144;47742;4076;221248;122799;47236;18889;30,7;206582;114442;17637
2023;1. Quartal;03;GG Gebrauchsgüter;2;-;-;-;-;-;-;-;-;-;-;-;-;-;-
2023;1. Quartal;03;VG Verbrauchsgüter;21;-;-;-;-;-;-;-;-;-;-;-;-;-;-
2023;1. Quartal;03;Verarbeitendes Gewerbe gesamt;115;27555;100;3989;145;136909;4969;721096;385439;117305;26169;100;665826;371020;24164
2023;2. Quartal;04;A+EN Vorleistungsgüter und Energie;34;11835;42,8;1511;128;63746;5386;355472;204650;20804;30036;56,1;334267;200701;28244
2023;2. Quartal;04;B Investitionsgüter;58;11831;42,7;1354;114;54116;4574;191074;101711;54338;16150;30,1;180859;98202;15287
2023;2. Quartal;04;GG Gebrauchsgüter;2;-;-;-;-;-;-;-;-;-;-;-;-;-;-
2023;2. Quartal;04;VG Verbrauchsgüter;21;-;-;-;-;-;-;-;-;-;-;-;-;-;-
2023;2. Quartal;04;Verarbeitendes Gewerbe gesamt;115;27684;100;3321;120;134323;4852;633901;342967;99739;22898;100;589932;335152;21309
2023;2. Quartal;05;A+EN Vorleistungsgüter und Energie;34;11836;42,6;1608;136;56962;4813;333980;184225;26676;28217;55,6;312129;179152;26371
2023;2. Quartal;05;B Investitionsgüter;58;11933;42,9;1481;124;57801;4844;185795;87126;28048;15570;30,9;175542;82986;14711
2023;2. Quartal;05;GG Gebrauchsgüter;2;-;-;-;-;-;-;-;-;-;-;-;-;-;-
2023;2. Quartal;05;VG Verbrauchsgüter;21;-;-;-;-;-;-;-;-;-;-;-;-;-;-
2023;2. Quartal;05;Verarbeitendes Gewerbe gesamt;115;27794;100;3585;129;130754;4704;601081;309542;79404;21626;100;552476;299221;19878
2023;2. Quartal;06;A+EN Vorleistungsgüter und Energie;34;11804;42,4;1644;139;61048;5172;419215;248563;43694;35515;56,7;398527;245242;33762
2023;2. Quartal;06;B Investitionsgüter;58;11983;43,1;1607;134;53459;4461;241540;142942;41645;20157;32,7;230152;138928;19207
2023;2. Quartal;06;GG Gebrauchsgüter;2;-;-;-;-;-;-;-;-;-;-;-;-;-;-
2023;2. Quartal;06;VG Verbrauchsgüter;21;-;-;-;-;-;-;-;-;-;-;-;-;-;-
2023;2. Quartal;06;Verarbeitendes Gewerbe gesamt;115;27823;100;3775;136;131441;4724;738794;428841;109356;26553;100;692693;420886;24896
2023;3. Quartal;07;A+EN Vorleistungsgüter und Energie;34;11789;42,4;1532;130;54934;4660;359001;200241;20315;30452;60,9;341403;196851;28959
2023;3. Quartal;07;B Investitionsgüter;58;11981;43,1;1426;119;51375;4288;158846;89755;37169;13258;27;146007;82847;12187
2023;3. Quartal;07;GG Gebrauchsgüter;2;-;-;-;-;-;-;-;-;-;-;-;-;-;-
2023;3. Quartal;07;VG Verbrauchsgüter;21;-;-;-;-;-;-;-;-;-;-;-;-;-;-
2023;3. Quartal;07;Verarbeitendes Gewerbe gesamt;115;27800;100;3431;123;121572;4373;589188;323855;81309;21194;100;546788;312960;19669
2023;3. Quartal;08;A+EN Vorleistungsgüter und Energie;34;11784;42,1;1613;137;55072;4673;392162;213675;28159;33279;57,2;376421;211012;31943
2023;3. Quartal;08;B Investitionsgüter;58;12116;43,3;1580;130;51242;4229;208257;97937;59580;17189;30,4;198951;95357;16421
2023;3. Quartal;08;GG Gebrauchsgüter;2;-;-;-;-;-;-;-;-;-;-;-;-;-;-
2023;3. Quartal;08;VG Verbrauchsgüter;21;-;-;-;-;-;-;-;-;-;-;-;-;-;-
2023;3. Quartal;08;Verarbeitendes Gewerbe gesamt;115;27969;100;3695;132;121550;4346;685268;353440;115359;24501;100;649248;347706;23213
2023;3. Quartal;09;A+EN Vorleistungsgüter und Energie;34;11922;42,3;1619;136;55409;4648;407713;238628;37882;34198;56,9;391470;234945;32836
2023;3. Quartal;09;B Investitionsgüter;58;12188;43,3;1556;128;50708;4160;221725;103988;39052;18192;31;211632;99916;17364
2023;3. Quartal;09;GG Gebrauchsgüter;2;-;-;-;-;-;-;-;-;-;-;-;-;-;-
2023;3. Quartal;09;VG Verbrauchsgüter;21;-;-;-;-;-;-;-;-;-;-;-;-;-;-
2023;3. Quartal;09;Verarbeitendes Gewerbe gesamt;115;28179;100;3672;130;121305;4305;716147;382854;103656;25414;100;675946;374494;23988
2023;4. Quartal;10;A+EN Vorleistungsgüter und Energie;34;11931;42,1;1550;130;52893;4433;374988;221290;19524;31430;54,3;360615;217656;30225
2023;4. Quartal;10;B Investitionsgüter;58;12286;43,4;1462;119;52380;4263;223489;140771;63075;18191;32,4;214522;138767;17461
2023;4. Quartal;10;GG Gebrauchsgüter;2;-;-;-;-;-;-;-;-;-;-;-;-;-;-
2023;4. Quartal;10;VG Verbrauchsgüter;21;-;-;-;-;-;-;-;-;-;-;-;-;-;-
2023;4. Quartal;10;Verarbeitendes Gewerbe gesamt;115;28307;100;3485;123;121306;4285;690418;400053;108770;24390;100;651384;393520;23011
2023;4. Quartal;11;A+EN Vorleistungsgüter und Energie;34;11984;42,2;1628;136;69973;5839;375526;191538;32440;31336;54,9;362426;190506;30242
2023;4. Quartal;11;B Investitionsgüter;58;12313;43,4;1637;133;66412;5394;217090;103523;33585;17631;31,7;204624;101238;16619
2023;4. Quartal;11;GG Gebrauchsgüter;2;-;-;-;-;-;-;-;-;-;-;-;-;-;-
2023;4. Quartal;11;VG Verbrauchsgüter;21;-;-;-;-;-;-;-;-;-;-;-;-;-;-
2023;4. Quartal;11;Verarbeitendes Gewerbe gesamt;115;28396;100;3787;133;160437;5650;684197;333788;91779;24095;100;643563;329328;22664
2023;4. Quartal;12;A+EN Vorleistungsgüter und Energie;34;11866;42,1;1449;122;66647;5617;413718;205375;40674;34866;37,8;402769;202306;33943
2023;4. Quartal;12;B Investitionsgüter;58;12308;43,6;1301;106;56588;4598;589631;421982;72798;47906;53,8;577019;415280;46882
2023;4. Quartal;12;GG Gebrauchsgüter;2;-;-;-;-;-;-;-;-;-;-;-;-;-;-
2023;4. Quartal;12;VG Verbrauchsgüter;21;-;-;-;-;-;-;-;-;-;-;-;-;-;-
2023;4. Quartal;12;Verarbeitendes Gewerbe gesamt;115;28210;100;3170;112;139799;4956;1095851;672508;142051;38846;100;1058667;662210;37528
2024;1. Quartal;01;A+EN Vorleistungsgüter und Energie;35;11981;42,3;1741;145;72189;6025;352545;190544;36107;29425;54,7;344503;188989;28754
2024;1. Quartal;01;B Investitionsgüter;58;12317;43,5;1804;146;54108;4393;213829;115860;67667;17360;33,2;191514;113675;15549
2024;1. Quartal;01;GG Gebrauchsgüter;3;433;1,5;60;139;1595;3684;6132;3552;574;14162;1;5974;3464;13797
2024;1. Quartal;01;VG Verbrauchsgüter;18;3582;12,7;473;132;15732;4392;71747;35781;25295;20030;11,1;57952;35529;16179
2024;1. Quartal;01;Verarbeitendes Gewerbe gesamt;114;28313;100;4078;144;143623;5073;644253;345737;129642;22755;100;599943;341656;21190
2024;1. Quartal;02;A+EN Vorleistungsgüter und Energie;35;11924;42,1;1655;139;57111;4790;322176;180210;29980;27019;56,8;313286;178279;26274
2024;1. Quartal;02;B Investitionsgüter;58;12388;43,8;1748;141;53697;4335;173905;97978;41611;14038;30,7;164344;93541;13266
2024;1. Quartal;02;GG Gebrauchsgüter;3;431;1,5;56;130;1599;3710;6177;3522;1379;14332;1,1;5852;3337;13578
2024;1. Quartal;02;VG Verbrauchsgüter;18;3571;12,6;442;124;14693;4115;64555;32439;23574;18078;11,4;54369;32131;15225
2024;1. Quartal;02;Verarbeitendes Gewerbe gesamt;114;28314;100;3901;138;127101;4489;566814;314148;96544;20019;100;537852;307288;18996
2024;1. Quartal;03;A+EN Vorleistungsgüter und Energie;35;11849;41,9;1664;140;66346;5599;357548;196402;36570;30175;54,7;346499;193708;29243
2024;1. Quartal;03;B Investitionsgüter;58;12416;43,9;1726;139;55157;4442;219959;121063;55611;17716;33,7;211271;118277;17016
2024;1. Quartal;03;GG Gebrauchsgüter;3;434;1,5;54;124;2336;5382;6289;3889;1215;14491;1;6034;3839;13903
2024;1. Quartal;03;VG Verbrauchsgüter;18;3570;12,6;444;124;20176;5652;69304;32986;24909;19413;10,6;57157;32681;16010
2024;1. Quartal;03;Verarbeitendes Gewerbe gesamt;114;28269;100;3888;138;144016;5094;653099;354340;118305;23103;100;620961;348504;21966
2024;2. Quartal;04;A+EN Vorleistungsgüter und Energie;35;11909;42,1;1674;141;59603;5005;358949;198757;21009;30141;54;348428;196274;29258
2024;2. Quartal;04;B Investitionsgüter;58;12472;44,1;1772;142;59314;4756;229217;136823;40771;18379;34,5;219266;133249;17581
2024;2. Quartal;04;GG Gebrauchsgüter;2;-;-;-;-;-;-;-;-;-;-;-;-;-;-
2024;2. Quartal;04;VG Verbrauchsgüter;18;-;-;-;-;-;-;-;-;-;-;-;-;-;-
2024;2. Quartal;04;Verarbeitendes Gewerbe gesamt;113;28291;100;3948;140;135402;4786;664184;371741;86298;23477;100;629254;365277;22242
2024;2. Quartal;05;A+EN Vorleistungsgüter und Energie;35;11973;42,1;1610;134;60178;5026;332831;182547;24439;27798;50,2;320805;179819;26794
2024;2. Quartal;05;B Investitionsgüter;58;12486;43,9;1683;135;65334;5233;255415;161785;65330;20456;38,5;248066;159835;19868
2024;2. Quartal;05;GG Gebrauchsgüter;2;-;-;-;-;-;-;-;-;-;-;-;-;-;-
2024;2. Quartal;05;VG Verbrauchsgüter;18;-;-;-;-;-;-;-;-;-;-;-;-;-;-
2024;2. Quartal;05;Verarbeitendes Gewerbe gesamt;113;28435;100;3778;133;141919;4991;663189;378788;113722;23323;100;630758;373747;22182
2024;2. Quartal;06;A+EN Vorleistungsgüter und Energie;35;11881;41,9;1558;131;66322;5582;431456;244021;62020;36315;56,5;422742;243051;35581
2024;2. Quartal;06;B Investitionsgüter;58;12512;44,1;1701;136;57686;4610;262135;158668;52623;20951;34,3;252864;156316;20210
2024;2. Quartal;06;GG Gebrauchsgüter;2;-;-;-;-;-;-;-;-;-;-;-;-;-;-
2024;2. Quartal;06;VG Verbrauchsgüter;18;-;-;-;-;-;-;-;-;-;-;-;-;-;-
2024;2. Quartal;06;Verarbeitendes Gewerbe gesamt;113;28387;100;3736;132;141644;4990;763267;437644;138500;26888;100;733747;434056;25848
2024;3. Quartal;07;A+EN Vorleistungsgüter und Energie;35;11860;41,8;1606;135;57760;4870;255939;161661;14893;21580;44,3;240350;157068;20266
2024;3. Quartal;07;B Investitionsgüter;58;12534;44,2;1714;137;58245;4647;246216;156425;73936;19644;42,6;238060;154612;18993
2024;3. Quartal;07;GG Gebrauchsgüter;2;-;-;-;-;-;-;-;-;-;-;-;-;-;-
2024;3. Quartal;07;VG Verbrauchsgüter;18;-;-;-;-;-;-;-;-;-;-;-;-;-;-
2024;3. Quartal;07;Verarbeitendes Gewerbe gesamt;113;28385;100;3825;135;131756;4642;578325;353729;112739;20374;100;540337;346999;19036
2024;3. Quartal;08;A+EN Vorleistungsgüter und Energie;35;11832;41,6;1646;139;58589;4952;339623;181220;16908;28704;52,1;325327;176444;27496
2024;3. Quartal;08;B Investitionsgüter;58;12595;44,3;1798;143;54760;4348;236483;140675;57243;18776;36,3;225855;136633;17932
2024;3. Quartal;08;GG Gebrauchsgüter;2;-;-;-;-;-;-;-;-;-;-;-;-;-;-
2024;3. Quartal;08;VG Verbrauchsgüter;18;-;-;-;-;-;-;-;-;-;-;-;-;-;-
2024;3. Quartal;08;Verarbeitendes Gewerbe gesamt;113;28413;100;3946;139;128785;4533;652190;356229;96579;22954;100;614827;346894;21639
2024;3. Quartal;09;A+EN Vorleistungsgüter und Energie;35;11927;41,8;1638;137;54982;4610;338478;184755;47834;28379;44,7;327386;181837;27449
2024;3. Quartal;09;B Investitionsgüter;58;12629;44,3;1742;138;53989;4275;325689;217899;56879;25789;43;316459;214404;25058
2024;3. Quartal;09;GG Gebrauchsgüter;2;-;-;-;-;-;-;-;-;-;-;-;-;-;-
2024;3. Quartal;09;VG Verbrauchsgüter;18;-;-;-;-;-;-;-;-;-;-;-;-;-;-
2024;3. Quartal;09;Verarbeitendes Gewerbe gesamt;113;28528;100;3868;136;124504;4364;757385;442627;131755;26549;100;717590;434631;25154
2024;4. Quartal;10;A+EN Vorleistungsgüter und Energie;35;11937;41,9;1603;134;54096;4532;321960;204502;15782;26972;51;309940;200878;25965
2024;4. Quartal;10;B Investitionsgüter;58;12585;44,2;1680;133;55589;4417;224666;132184;51834;17852;35,6;215947;128559;17159
2024;4. Quartal;10;GG Gebrauchsgüter;2;-;-;-;-;-;-;-;-;-;-;-;-;-;-
2024;4. Quartal;10;VG Verbrauchsgüter;18;-;-;-;-;-;-;-;-;-;-;-;-;-;-
2024;4. Quartal;10;Verarbeitendes Gewerbe gesamt;113;28478;100;3762;132;125905;4421;631703;371313;91235;22182;100;596110;363701;20932
2024;4. Quartal;11;A+EN Vorleistungsgüter und Energie;35;11973;42;1573;131;68959;5760;312079;167131;13330;26065;47,4;302937;166082;25302
2024;4. Quartal;11;B Investitionsgüter;58;12614;44,2;1713;136;68904;5463;263693;160713;63254;20905;40,1;252324;158128;20003
2024;4. Quartal;11;GG Gebrauchsgüter;2;-;-;-;-;-;-;-;-;-;-;-;-;-;-
2024;4. Quartal;11;VG Verbrauchsgüter;18;-;-;-;-;-;-;-;-;-;-;-;-;-;-
2024;4. Quartal;11;Verarbeitendes Gewerbe gesamt;113;28521;100;3768;132;161706;5670;657997;358765;97095;23071;100;623721;354806;21869
2024;4. Quartal;12;A+EN Vorleistungsgüter und Energie;35;11961;42,2;1488;124;65612;5485;534691;344421;51059;44703;60,7;525136;341151;43904
2024;4. Quartal;12;B Investitionsgüter;58;12551;44,3;1540;123;57761;4602;284765;159565;44766;22689;32,3;268938;150193;21428
2024;4. Quartal;12;GG Gebrauchsgüter;2;-;-;-;-;-;-;-;-;-;-;-;-;-;-
2024;4. Quartal;12;VG Verbrauchsgüter;18;-;-;-;-;-;-;-;-;-;-;-;-;-;-
2024;4. Quartal;12;Verarbeitendes Gewerbe gesamt;113;28357;100;3418;121;139900;4934;880656;527546;109972;31056;100;845209;514606;29806
2025;1. Quartal;01;A+EN Vorleistungsgüter und Energie;37;11772;42,1;1703;145;60291;5122;276993;166488;16904;23530;50,8;272974;165592;23188
2025;1. Quartal;01;B Investitionsgüter;58;12461;44,6;1782;143;53854;4322;196132;95248;38923;15740;36;190342;92820;15275
2025;1. Quartal;01;GG Gebrauchsgüter;2;-;-;-;-;-;-;-;-;-;-;-;-;-;-
2025;1. Quartal;01;VG Verbrauchsgüter;18;-;-;-;-;-;-;-;-;-;-;-;-;-;-
2025;1. Quartal;01;Verarbeitendes Gewerbe gesamt;115;27939;100;3960;142;129646;4640;544823;298640;80148;19500;100;520657;294973;18635
2025;1. Quartal;02;A+EN Vorleistungsgüter und Energie;37;11727;42,1;1571;134;55255;4712;356697;215184;18092;30417;56,1;352297;214429;30042
2025;1. Quartal;02;B Investitionsgüter;58;12442;44,7;1679;135;54716;4398;211257;119402;49466;16979;33,2;198882;110705;15985
2025;1. Quartal;02;GG Gebrauchsgüter;2;-;-;-;-;-;-;-;-;-;-;-;-;-;-
2025;1. Quartal;02;VG Verbrauchsgüter;18;-;-;-;-;-;-;-;-;-;-;-;-;-;-
2025;1. Quartal;02;Verarbeitendes Gewerbe gesamt;115;27851;100;3684;132;125901;4521;635825;368214;91027;22830;100;605134;358558;21728
2025;1. Quartal;03;A+EN Vorleistungsgüter und Energie;37;11693;41,9;1669;143;62769;5368;450306;272922;56020;38511;53,7;441489;268368;37757
2025;1. Quartal;03;B Investitionsgüter;58;12548;45;1778;142;54688;4358;311062;162505;38457;24790;37,1;303075;159406;24153
2025;1. Quartal;03;GG Gebrauchsgüter;2;-;-;-;-;-;-;-;-;-;-;-;-;-;-
2025;1. Quartal;03;VG Verbrauchsgüter;18;-;-;-;-;-;-;-;-;-;-;-;-;-;-
2025;1. Quartal;03;Verarbeitendes Gewerbe gesamt;115;27904;100;3918;140;136662;4898;838267;473874;118688;30041;100;809050;465951;28994
2025;2. Quartal;04;A+EN Vorleistungsgüter und Energie;37;11634;41,8;1608;138;74149;6373;272384;148840;19860;23413;45,7;265571;145264;22827
2025;2. Quartal;04;B Investitionsgüter;58;12571;45,2;1701;135;61750;4912;251176;149141;53315;19981;42,2;237336;140153;18880
2025;2. Quartal;04;GG Gebrauchsgüter;2;-;-;-;-;-;-;-;-;-;-;-;-;-;-
2025;2. Quartal;04;VG Verbrauchsgüter;17;-;-;-;-;-;-;-;-;-;-;-;-;-;-
2025;2. Quartal;04;Verarbeitendes Gewerbe gesamt;114;27811;100;3755;135;152628;5488;595722;334671;100074;21420;100;561399;321761;20186
2025;2. Quartal;05;A+EN Vorleistungsgüter und Energie;37;11626;41,8;1584;136;61118;5257;320712;173307;16315;27586;52;314405;170050;27043
2025;2. Quartal;05;B Investitionsgüter;58;12561;45,1;1666;133;66833;5321;226165;120247;32620;18005;36,7;216621;114880;17246
2025;2. Quartal;05;GG Gebrauchsgüter;2;-;-;-;-;-;-;-;-;-;-;-;-;-;-
2025;2. Quartal;05;VG Verbrauchsgüter;17;-;-;-;-;-;-;-;-;-;-;-;-;-;-
2025;2. Quartal;05;Verarbeitendes Gewerbe gesamt;114;27824;100;3690;133;143958;5174;617052;327687;73592;22177;100;587159;318828;21103
2025;2. Quartal;06;A+EN Vorleistungsgüter und Energie;37;11626;41,8;1577;136;62002;5333;415386;253441;21723;35729;53,9;408375;249525;35126
2025;2. Quartal;06;B Investitionsgüter;58;12518;45;1688;135;59890;4784;289667;183671;61914;23140;37,6;263978;166987;21088
2025;2. Quartal;06;GG Gebrauchsgüter;2;-;-;-;-;-;-;-;-;-;-;-;-;-;-
2025;2. Quartal;06;VG Verbrauchsgüter;17;-;-;-;-;-;-;-;-;-;-;-;-;-;-
2025;2. Quartal;06;Verarbeitendes Gewerbe gesamt;114;27798;100;3696;133;139141;5005;770483;468690;106274;27717;100;725625;447851;26103
2025;3. Quartal;07;A+EN Vorleistungsgüter und Energie;37;11650;41,9;1583;136;54869;4710;318004;196018;20857;27296;51;311665;192937;26752
2025;3. Quartal;07;B Investitionsgüter;58;12505;45;1718;137;60009;4799;233741;134100;29344;18692;37,5;212939;117850;17028
2025;3. Quartal;07;GG Gebrauchsgüter;2;-;-;-;-;-;-;-;-;-;-;-;-;-;-
2025;3. Quartal;07;VG Verbrauchsgüter;17;-;-;-;-;-;-;-;-;-;-;-;-;-;-
2025;3. Quartal;07;Verarbeitendes Gewerbe gesamt;114;27799;100;3751;135;138494;4982;624111;363319;73709;22451;100;582815;343499;20965
2025;3. Quartal;08;A+EN Vorleistungsgüter und Energie;37;11734;42,2;1580;135;57132;4869;382603;199978;16007;32606;57,1;375060;195161;31964
2025;3. Quartal;08;B Investitionsgüter;58;12623;45,4;1697;134;55793;4420;218166;111589;27579;17283;32,6;210075;108170;16642
2025;3. Quartal;08;GG Gebrauchsgüter;2;-;-;-;-;-;-;-;-;-;-;-;-;-;-
2025;3. Quartal;08;VG Verbrauchsgüter;17;-;-;-;-;-;-;-;-;-;-;-;-;-;-
2025;3. Quartal;08;Verarbeitendes Gewerbe gesamt;114;27781;100;3679;132;127553;4591;669684;339375;66291;24106;100;642398;330826;23124
2025;3. Quartal;09;A+EN Vorleistungsgüter und Energie;37;11796;42,4;1650;140;56217;4766;406532;206468;25412;34464;53,1;399092;202383;33833
2025;3. Quartal;09;B Investitionsgüter;58;12613;45,3;1818;144;55819;4426;280966;161891;39809;22276;36,7;268847;158859;21315
2025;3. Quartal;09;GG Gebrauchsgüter;2;-;-;-;-;-;-;-;-;-;-;-;-;-;-
2025;3. Quartal;09;VG Verbrauchsgüter;16;-;-;-;-;-;-;-;-;-;-;-;-;-;-
2025;3. Quartal;09;Verarbeitendes Gewerbe gesamt;113;27823;100;3905;140;125962;4527;766034;399573;91204;27532;100;730846;391894;26268
2025;4. Quartal;10;A+EN Vorleistungsgüter und Energie;37;11797;42,4;1595;135;55946;4742;322719;188152;34766;27356;50,7;315934;184183;26781
2025;4. Quartal;10;B Investitionsgüter;58;12635;45,4;1750;139;56645;4483;239804;134226;26649;18979;37,7;227360;128062;17994
2025;4. Quartal;10;GG Gebrauchsgüter;2;-;-;-;-;-;-;-;-;-;-;-;-;-;-
2025;4. Quartal;10;VG Verbrauchsgüter;16;-;-;-;-;-;-;-;-;-;-;-;-;-;-
2025;4. Quartal;10;Verarbeitendes Gewerbe gesamt;113;27813;100;3959;142;126889;4562;636036;345939;80304;22868;100;601557;335435;21629
2025;4. Quartal;11;A+EN Vorleistungsgüter und Energie;37;11797;42,5;1573;133;71178;6034;339593;176419;16137;28786;53,3;335118;175438;28407
2025;4. Quartal;11;B Investitionsgüter;58;12620;45,4;1659;131;70822;5612;222741;118594;43690;17650;35;210997;113980;16719
2025;4. Quartal;11;GG Gebrauchsgüter;2;-;-;-;-;-;-;-;-;-;-;-;-;-;-
2025;4. Quartal;11;VG Verbrauchsgüter;16;-;-;-;-;-;-;-;-;-;-;-;-;-;-
2025;4. Quartal;11;Verarbeitendes Gewerbe gesamt;113;27787;100;3649;131;163677;5890;637306;322046;80199;22935;100;606837;316068;21839
2025;4. Quartal;12;A+EN Vorleistungsgüter und Energie;37;11796;42,5;1499;127;63810;5409;478724;293736;33476;40584;54,4;471768;289181;39994
2025;4. Quartal;12;B Investitionsgüter;58;12606;45,4;1547;123;59594;4727;325728;152304;39058;25839;37;284423;133615;22563
2025;4. Quartal;12;GG Gebrauchsgüter;2;-;-;-;-;-;-;-;-;-;-;-;-;-;-
2025;4. Quartal;12;VG Verbrauchsgüter;16;-;-;-;-;-;-;-;-;-;-;-;-;-;-
2025;4. Quartal;12;Verarbeitendes Gewerbe gesamt;113;27737;100;3418;123;138932;5009;880099;476708;96056;31730;100;819602;453176;29549
2026;1. Quartal;01;A+EN Vorleistungsgüter und Energie;36;11735;42,8;1647;140;63258;5391;305410;168826;18310;26026;52,1;300470;166872;25605
2026;1. Quartal;01;B Investitionsgüter;58;12483;45,5;1716;137;56568;4532;213643;105007;21732;17115;36,4;198689;93105;15917
2026;1. Quartal;01;GG Gebrauchsgüter;2;-;-;-;-;-;-;-;-;-;-;-;-;-;-
2026;1. Quartal;01;VG Verbrauchsgüter;16;-;-;-;-;-;-;-;-;-;-;-;-;-;-
2026;1. Quartal;01;Verarbeitendes Gewerbe gesamt;112;27450;100;3782;138;138835;5058;586687;305390;63783;21373;100;551126;291113;20077
2026;1. Quartal;02;A+EN Vorleistungsgüter und Energie;36;11712;32,4;1564;134;57060;4872;308073;168103;18248;26304;55,1;302428;165605;25822
2026;1. Quartal;02;B Investitionsgüter;57;12218;51,4;1644;135;55438;4537;187034;93098;53582;15308;33,4;179934;90505;14727
2026;1. Quartal;02;GG Gebrauchsgüter;2;-;1,8;-;-;-;-;-;-;-;-;-;-;-;-
2026;1. Quartal;02;VG Verbrauchsgüter;16;-;14,4;-;-;-;-;-;-;-;-;-;-;-;-
2026;1. Quartal;02;Verarbeitendes Gewerbe gesamt;111;27148;100;3606;133;126570;4662;559294;292269;95295;20602;100;533793;286777;19662
2026;1. Quartal;03;A+EN Vorleistungsgüter und Energie;36;11698;43,2;1701;145;66970;5725;380126;204638;24024;32495;60,6;370077;197910;31636
2026;1. Quartal;03;B Investitionsgüter;57;12130;44,8;1813;149;56936;4694;177641;70554;34087;14645;28,3;157715;63274;13002
2026;1. Quartal;03;GG Gebrauchsgüter;2;-;-;-;-;-;-;-;-;-;-;-;-;-;-
2026;1. Quartal;03;VG Verbrauchsgüter;16;-;-;-;-;-;-;-;-;-;-;-;-;-;-
2026;1. Quartal;03;Verarbeitendes Gewerbe gesamt;111;27056;100;3954;146;141768;5240;627176;303282;78914;23181;100;582584;289061;21533
2026;2. Quartal;04;A+EN Vorleistungsgüter und Energie;37;11650;43,2;1620;139;75089;6445;314605;181644;18966;27005;50,5;309686;179471;26582
2026;2. Quartal;04;B Investitionsgüter;56;12051;44,7;1661;138;64503;5353;236975;133162;53800;19664;38;224495;125741;18629
2026;2. Quartal;04;GG Gebrauchsgüter;2;-;-;-;-;-;-;-;-;-;-;-;-;-;-
2026;2. Quartal;04;VG Verbrauchsgüter;16;-;-;-;-;-;-;-;-;-;-;-;-;-;-
2026;2. Quartal;04;Verarbeitendes Gewerbe gesamt;111;26977;100;3691;137;154688;5734;622806;347120;96154;23087;100;591701;337243;21934
2026;2. Quartal;05;A+EN Vorleistungsgüter und Energie;37;11676;43,1;1535;132;63706;5456;356590;199595;17926;30540;56;353127;198450;30244
2026;2. Quartal;05;B Investitionsgüter;57;12138;44,8;1542;127;69364;5715;215411;109254;46814;17747;33,9;207566;106578;17101
2026;2. Quartal;05;GG Gebrauchsgüter;2;-;-;-;-;-;-;-;-;-;-;-;-;-;-
2026;2. Quartal;05;VG Verbrauchsgüter;16;-;-;-;-;-;-;-;-;-;-;-;-;-;-
2026;2. Quartal;05;Verarbeitendes Gewerbe gesamt;112;27082;100;3452;128;147781;5457;636207;336585;85758;23492;100;612498;332478;22616
2026;2. Quartal;06;A+EN Vorleistungsgüter und Energie;37;11954;43,7;1691;142;71717;5999;472452;267060;53178;39523;60,9;461565;261885;38612
2026;2. Quartal;06;B Investitionsgüter;57;12126;44,3;1798;148;61074;5037;235241;101870;48585;19400;30,3;212395;91815;17516
2026;2. Quartal;06;GG Gebrauchsgüter;2;-;-;-;-;-;-;-;-;-;-;-;-;-;-
2026;2. Quartal;06;VG Verbrauchsgüter;16;-;-;-;-;-;-;-;-;-;-;-;-;-;-
2026;2. Quartal;06;Verarbeitendes Gewerbe gesamt;112;27354;100;3928;144;148189;5418;776072;400677;125460;28371;100;728427;385137;26630
