Jahr;Stadtraum;Heizenergie;Anteil in %
1993;01 StB Altstadt ohne Johannstadt;Kohle;"85,2 "
1993;01 StB Altstadt ohne Johannstadt;Gas;"4,8  "
1993;01 StB Altstadt ohne Johannstadt;Öl;"7,7  "
1993;01 StB Altstadt ohne Johannstadt;Strom;"2,4  "
1993;01 StB Altstadt ohne Johannstadt;sonstige;"0    "
1993;02 Johannstadt;Kohle;"85,1 "
1993;02 Johannstadt;Gas;"6,8  "
1993;02 Johannstadt;Öl;"2,6  "
1993;02 Johannstadt;Strom;"5,5  "
1993;02 Johannstadt;sonstige;"0    "
1993;03 StB Neustadt ohne Leipziger Vorstadt;Kohle;"81,8 "
1993;03 StB Neustadt ohne Leipziger Vorstadt;Gas;"10   "
1993;03 StB Neustadt ohne Leipziger Vorstadt;Öl;"8,2  "
1993;03 StB Neustadt ohne Leipziger Vorstadt;Strom;"0    "
1993;03 StB Neustadt ohne Leipziger Vorstadt;sonstige;"0    "
1993;04 Leipziger Vorstadt, Pieschen;Kohle;"85,9 "
1993;04 Leipziger Vorstadt, Pieschen;Gas;"9,2  "
1993;04 Leipziger Vorstadt, Pieschen;Öl;"4,4  "
1993;04 Leipziger Vorstadt, Pieschen;Strom;"0,5  "
1993;04 Leipziger Vorstadt, Pieschen;sonstige;"0    "
1993;05 Mickten, Kaditz, Trachau;Kohle;"78,1 "
1993;05 Mickten, Kaditz, Trachau;Gas;"12,5 "
1993;05 Mickten, Kaditz, Trachau;Öl;"6    "
1993;05 Mickten, Kaditz, Trachau;Strom;"1,3  "
1993;05 Mickten, Kaditz, Trachau;sonstige;"2,2  "
1993;06 StB Klotzsche und nördliche OS;Kohle;"52,2 "
1993;06 StB Klotzsche und nördliche OS;Gas;"30,8 "
1993;06 StB Klotzsche und nördliche OS;Öl;"14,4 "
1993;06 StB Klotzsche und nördliche OS;Strom;"2,7  "
1993;06 StB Klotzsche und nördliche OS;sonstige;"0    "
1993;07 StB Loschwitz und OS Schönfeld-Weißig;Kohle;"56,2 "
1993;07 StB Loschwitz und OS Schönfeld-Weißig;Gas;"31,2 "
1993;07 StB Loschwitz und OS Schönfeld-Weißig;Öl;"11,6 "
1993;07 StB Loschwitz und OS Schönfeld-Weißig;Strom;"1    "
1993;07 StB Loschwitz und OS Schönfeld-Weißig;sonstige;"0    "
1993;08 Blasewitz, Striesen;Kohle;"77,8 "
1993;08 Blasewitz, Striesen;Gas;"14,5 "
1993;08 Blasewitz, Striesen;Öl;"4,2  "
1993;08 Blasewitz, Striesen;Strom;"3,6  "
1993;08 Blasewitz, Striesen;sonstige;"0    "
1993;09 Tolkewitz, Seidnitz, Gruna;Kohle;"73   "
1993;09 Tolkewitz, Seidnitz, Gruna;Gas;"23,2 "
1993;09 Tolkewitz, Seidnitz, Gruna;Öl;"1    "
1993;09 Tolkewitz, Seidnitz, Gruna;Strom;"0,6  "
1993;09 Tolkewitz, Seidnitz, Gruna;sonstige;"2,2  "
1993;10 StB Leuben;Kohle;"69   "
1993;10 StB Leuben;Gas;"25,4 "
1993;10 StB Leuben;Öl;"4,1  "
1993;10 StB Leuben;Strom;"1,5  "
1993;10 StB Leuben;sonstige;"0    "
1993;11 Prohlis, Reick (mit Sternhäuser, Am Koitschgraben);Kohle;"45,1 "
1993;11 Prohlis, Reick (mit Sternhäuser, Am Koitschgraben);Gas;"38,9 "
1993;11 Prohlis, Reick (mit Sternhäuser, Am Koitschgraben);Öl;"0    "
1993;11 Prohlis, Reick (mit Sternhäuser, Am Koitschgraben);Strom;"16   "
1993;11 Prohlis, Reick (mit Sternhäuser, Am Koitschgraben);sonstige;"0    "
1993;12 Niedersedlitz, Leubnitz, Strehlen (ohne Sternhäuser, Am Koitschgraben);Kohle;"56,7 "
1993;12 Niedersedlitz, Leubnitz, Strehlen (ohne Sternhäuser, Am Koitschgraben);Gas;"36,7 "
1993;12 Niedersedlitz, Leubnitz, Strehlen (ohne Sternhäuser, Am Koitschgraben);Öl;"5,1  "
1993;12 Niedersedlitz, Leubnitz, Strehlen (ohne Sternhäuser, Am Koitschgraben);Strom;"0,6  "
1993;12 Niedersedlitz, Leubnitz, Strehlen (ohne Sternhäuser, Am Koitschgraben);sonstige;"0,8  "
1993;13 Südvorstadt, Zschertnitz;Kohle;"70,3 "
1993;13 Südvorstadt, Zschertnitz;Gas;"25,8 "
1993;13 Südvorstadt, Zschertnitz;Öl;"1,7  "
1993;13 Südvorstadt, Zschertnitz;Strom;"1,2  "
1993;13 Südvorstadt, Zschertnitz;sonstige;"1    "
1993;14 Mockritz, Coschütz, Plauen;Kohle;"59,2 "
1993;14 Mockritz, Coschütz, Plauen;Gas;"28   "
1993;14 Mockritz, Coschütz, Plauen;Öl;"7,5  "
1993;14 Mockritz, Coschütz, Plauen;Strom;"5,3  "
1993;14 Mockritz, Coschütz, Plauen;sonstige;"0    "
1993;15 Cotta, Löbtau, Naußlitz, Dölzschen;Kohle;"80,5 "
1993;15 Cotta, Löbtau, Naußlitz, Dölzschen;Gas;"12   "
1993;15 Cotta, Löbtau, Naußlitz, Dölzschen;Öl;"6,1  "
1993;15 Cotta, Löbtau, Naußlitz, Dölzschen;Strom;"0,5  "
1993;15 Cotta, Löbtau, Naußlitz, Dölzschen;sonstige;"0,9  "
1993;16 Gorbitz;Kohle;"0    "
1993;16 Gorbitz;Gas;"0    "
1993;16 Gorbitz;Öl;"0    "
1993;16 Gorbitz;Strom;"0    "
1993;16 Gorbitz;sonstige;"0    "
1993;17 Briesnitz und westliche OS;Kohle;"70,8 "
1993;17 Briesnitz und westliche OS;Gas;"22,2 "
1993;17 Briesnitz und westliche OS;Öl;"7    "
1993;17 Briesnitz und westliche OS;Strom;"0    "
1993;17 Briesnitz und westliche OS;sonstige;"0    "
1993;18 Dresden gesamt;Kohle;"72,4 "
1993;18 Dresden gesamt;Gas;"19,4 "
1993;18 Dresden gesamt;Öl;"5,8  "
1993;18 Dresden gesamt;Strom;"1,8  "
1993;18 Dresden gesamt;sonstige;"0,7  "
1995;01 StB Altstadt ohne Johannstadt;Kohle;"54   "
1995;01 StB Altstadt ohne Johannstadt;Gas;"28,5 "
1995;01 StB Altstadt ohne Johannstadt;Öl;"0    "
1995;01 StB Altstadt ohne Johannstadt;Strom;"9,8  "
1995;01 StB Altstadt ohne Johannstadt;sonstige;"7,8  "
1995;02 Johannstadt;Kohle;"74,8 "
1995;02 Johannstadt;Gas;"16   "
1995;02 Johannstadt;Öl;"0    "
1995;02 Johannstadt;Strom;"5    "
1995;02 Johannstadt;sonstige;"4,2  "
1995;03 StB Neustadt ohne Leipziger Vorstadt;Kohle;"72,9 "
1995;03 StB Neustadt ohne Leipziger Vorstadt;Gas;"22,4 "
1995;03 StB Neustadt ohne Leipziger Vorstadt;Öl;"4,7  "
1995;03 StB Neustadt ohne Leipziger Vorstadt;Strom;"0    "
1995;03 StB Neustadt ohne Leipziger Vorstadt;sonstige;"0    "
1995;04 Leipziger Vorstadt, Pieschen;Kohle;"86,7 "
1995;04 Leipziger Vorstadt, Pieschen;Gas;"9,7  "
1995;04 Leipziger Vorstadt, Pieschen;Öl;"1,5  "
1995;04 Leipziger Vorstadt, Pieschen;Strom;"1,1  "
1995;04 Leipziger Vorstadt, Pieschen;sonstige;"1,1  "
1995;05 Mickten, Kaditz, Trachau;Kohle;"62,1 "
1995;05 Mickten, Kaditz, Trachau;Gas;"31,8 "
1995;05 Mickten, Kaditz, Trachau;Öl;"5,5  "
1995;05 Mickten, Kaditz, Trachau;Strom;"0,5  "
1995;05 Mickten, Kaditz, Trachau;sonstige;"0    "
1995;06 StB Klotzsche und nördliche OS;Kohle;"37   "
1995;06 StB Klotzsche und nördliche OS;Gas;"39,5 "
1995;06 StB Klotzsche und nördliche OS;Öl;"18,1 "
1995;06 StB Klotzsche und nördliche OS;Strom;"5,4  "
1995;06 StB Klotzsche und nördliche OS;sonstige;"0    "
1995;07 StB Loschwitz und OS Schönfeld-Weißig;Kohle;"43,1 "
1995;07 StB Loschwitz und OS Schönfeld-Weißig;Gas;"36,7 "
1995;07 StB Loschwitz und OS Schönfeld-Weißig;Öl;"17   "
1995;07 StB Loschwitz und OS Schönfeld-Weißig;Strom;"3,2  "
1995;07 StB Loschwitz und OS Schönfeld-Weißig;sonstige;"0    "
1995;08 Blasewitz, Striesen;Kohle;"66,5 "
1995;08 Blasewitz, Striesen;Gas;"28,4 "
1995;08 Blasewitz, Striesen;Öl;"2,4  "
1995;08 Blasewitz, Striesen;Strom;"2,6  "
1995;08 Blasewitz, Striesen;sonstige;"0    "
1995;09 Tolkewitz, Seidnitz, Gruna;Kohle;"74,2 "
1995;09 Tolkewitz, Seidnitz, Gruna;Gas;"20,2 "
1995;09 Tolkewitz, Seidnitz, Gruna;Öl;"1,7  "
1995;09 Tolkewitz, Seidnitz, Gruna;Strom;"3,9  "
1995;09 Tolkewitz, Seidnitz, Gruna;sonstige;"0    "
1995;10 StB Leuben;Kohle;"54,9 "
1995;10 StB Leuben;Gas;"34,3 "
1995;10 StB Leuben;Öl;"5,6  "
1995;10 StB Leuben;Strom;"4,7  "
1995;10 StB Leuben;sonstige;"0,5  "
1995;11 Prohlis, Reick (mit Sternhäuser, Am Koitschgraben);Kohle;"49,9 "
1995;11 Prohlis, Reick (mit Sternhäuser, Am Koitschgraben);Gas;"46   "
1995;11 Prohlis, Reick (mit Sternhäuser, Am Koitschgraben);Öl;"0    "
1995;11 Prohlis, Reick (mit Sternhäuser, Am Koitschgraben);Strom;"2    "
1995;11 Prohlis, Reick (mit Sternhäuser, Am Koitschgraben);sonstige;"2,1  "
1995;12 Niedersedlitz, Leubnitz, Strehlen (ohne Sternhäuser, Am Koitschgraben);Kohle;"35,3 "
1995;12 Niedersedlitz, Leubnitz, Strehlen (ohne Sternhäuser, Am Koitschgraben);Gas;"50,7 "
1995;12 Niedersedlitz, Leubnitz, Strehlen (ohne Sternhäuser, Am Koitschgraben);Öl;"11,3 "
1995;12 Niedersedlitz, Leubnitz, Strehlen (ohne Sternhäuser, Am Koitschgraben);Strom;"2,7  "
1995;12 Niedersedlitz, Leubnitz, Strehlen (ohne Sternhäuser, Am Koitschgraben);sonstige;"0    "
1995;13 Südvorstadt, Zschertnitz;Kohle;"61,6 "
1995;13 Südvorstadt, Zschertnitz;Gas;"30,5 "
1995;13 Südvorstadt, Zschertnitz;Öl;"4,3  "
1995;13 Südvorstadt, Zschertnitz;Strom;"3,6  "
1995;13 Südvorstadt, Zschertnitz;sonstige;"0    "
1995;14 Mockritz, Coschütz, Plauen;Kohle;"38,8 "
1995;14 Mockritz, Coschütz, Plauen;Gas;"44,3 "
1995;14 Mockritz, Coschütz, Plauen;Öl;"11   "
1995;14 Mockritz, Coschütz, Plauen;Strom;"2,4  "
1995;14 Mockritz, Coschütz, Plauen;sonstige;"3,5  "
1995;15 Cotta, Löbtau, Naußlitz, Dölzschen;Kohle;"71   "
1995;15 Cotta, Löbtau, Naußlitz, Dölzschen;Gas;"20,5 "
1995;15 Cotta, Löbtau, Naußlitz, Dölzschen;Öl;"7,3  "
1995;15 Cotta, Löbtau, Naußlitz, Dölzschen;Strom;"1,2  "
1995;15 Cotta, Löbtau, Naußlitz, Dölzschen;sonstige;"0    "
1995;16 Gorbitz;Kohle;"0    "
1995;16 Gorbitz;Gas;"0    "
1995;16 Gorbitz;Öl;"0    "
1995;16 Gorbitz;Strom;"0    "
1995;16 Gorbitz;sonstige;"0    "
1995;17 Briesnitz und westliche OS;Kohle;"48,7 "
1995;17 Briesnitz und westliche OS;Gas;"47,6 "
1995;17 Briesnitz und westliche OS;Öl;"1,6  "
1995;17 Briesnitz und westliche OS;Strom;"2,1  "
1995;17 Briesnitz und westliche OS;sonstige;"0    "
1995;18 Dresden gesamt;Kohle;"61,2 "
1995;18 Dresden gesamt;Gas;"29,2 "
1995;18 Dresden gesamt;Öl;"6,2  "
1995;18 Dresden gesamt;Strom;"2,7  "
1995;18 Dresden gesamt;sonstige;"0,7  "
1996;01 StB Altstadt ohne Johannstadt;Kohle;"51,3 "
1996;01 StB Altstadt ohne Johannstadt;Gas;"25,7 "
1996;01 StB Altstadt ohne Johannstadt;Öl;"14,1 "
1996;01 StB Altstadt ohne Johannstadt;Strom;"4,4  "
1996;01 StB Altstadt ohne Johannstadt;sonstige;"4,4  "
1996;02 Johannstadt;Kohle;"77,9 "
1996;02 Johannstadt;Gas;"10   "
1996;02 Johannstadt;Öl;"2,7  "
1996;02 Johannstadt;Strom;"9,4  "
1996;02 Johannstadt;sonstige;"0    "
1996;03 StB Neustadt ohne Leipziger Vorstadt;Kohle;"66   "
1996;03 StB Neustadt ohne Leipziger Vorstadt;Gas;"27,1 "
1996;03 StB Neustadt ohne Leipziger Vorstadt;Öl;"2,4  "
1996;03 StB Neustadt ohne Leipziger Vorstadt;Strom;"4,6  "
1996;03 StB Neustadt ohne Leipziger Vorstadt;sonstige;"0    "
1996;04 Leipziger Vorstadt, Pieschen;Kohle;"54,5 "
1996;04 Leipziger Vorstadt, Pieschen;Gas;"39,7 "
1996;04 Leipziger Vorstadt, Pieschen;Öl;"1,9  "
1996;04 Leipziger Vorstadt, Pieschen;Strom;"3,9  "
1996;04 Leipziger Vorstadt, Pieschen;sonstige;"0    "
1996;05 Mickten, Kaditz, Trachau;Kohle;"46   "
1996;05 Mickten, Kaditz, Trachau;Gas;"41,4 "
1996;05 Mickten, Kaditz, Trachau;Öl;"8,2  "
1996;05 Mickten, Kaditz, Trachau;Strom;"3,1  "
1996;05 Mickten, Kaditz, Trachau;sonstige;"1,3  "
1996;06 StB Klotzsche und nördliche OS;Kohle;"19,8 "
1996;06 StB Klotzsche und nördliche OS;Gas;"53,7 "
1996;06 StB Klotzsche und nördliche OS;Öl;"22,5 "
1996;06 StB Klotzsche und nördliche OS;Strom;"4,1  "
1996;06 StB Klotzsche und nördliche OS;sonstige;"0    "
1996;07 StB Loschwitz und OS Schönfeld-Weißig;Kohle;"33,5 "
1996;07 StB Loschwitz und OS Schönfeld-Weißig;Gas;"53,7 "
1996;07 StB Loschwitz und OS Schönfeld-Weißig;Öl;"10,4 "
1996;07 StB Loschwitz und OS Schönfeld-Weißig;Strom;"2,4  "
1996;07 StB Loschwitz und OS Schönfeld-Weißig;sonstige;"0    "
1996;08 Blasewitz, Striesen;Kohle;"48   "
1996;08 Blasewitz, Striesen;Gas;"42,9 "
1996;08 Blasewitz, Striesen;Öl;"4,9  "
1996;08 Blasewitz, Striesen;Strom;"4,2  "
1996;08 Blasewitz, Striesen;sonstige;"0    "
1996;09 Tolkewitz, Seidnitz, Gruna;Kohle;"54,2 "
1996;09 Tolkewitz, Seidnitz, Gruna;Gas;"39,2 "
1996;09 Tolkewitz, Seidnitz, Gruna;Öl;"2,2  "
1996;09 Tolkewitz, Seidnitz, Gruna;Strom;"4,4  "
1996;09 Tolkewitz, Seidnitz, Gruna;sonstige;"0    "
1996;10 StB Leuben;Kohle;"32,7 "
1996;10 StB Leuben;Gas;"55,5 "
1996;10 StB Leuben;Öl;"10,3 "
1996;10 StB Leuben;Strom;"1    "
1996;10 StB Leuben;sonstige;"0,4  "
1996;11 Prohlis, Reick (mit Sternhäuser, Am Koitschgraben);Kohle;"25,3 "
1996;11 Prohlis, Reick (mit Sternhäuser, Am Koitschgraben);Gas;"60,4 "
1996;11 Prohlis, Reick (mit Sternhäuser, Am Koitschgraben);Öl;"6,3  "
1996;11 Prohlis, Reick (mit Sternhäuser, Am Koitschgraben);Strom;"8,1  "
1996;11 Prohlis, Reick (mit Sternhäuser, Am Koitschgraben);sonstige;"0    "
1996;12 Niedersedlitz, Leubnitz, Strehlen (ohne Sternhäuser, Am Koitschgraben);Kohle;"20,7 "
1996;12 Niedersedlitz, Leubnitz, Strehlen (ohne Sternhäuser, Am Koitschgraben);Gas;"66   "
1996;12 Niedersedlitz, Leubnitz, Strehlen (ohne Sternhäuser, Am Koitschgraben);Öl;"10,8 "
1996;12 Niedersedlitz, Leubnitz, Strehlen (ohne Sternhäuser, Am Koitschgraben);Strom;"1,6  "
1996;12 Niedersedlitz, Leubnitz, Strehlen (ohne Sternhäuser, Am Koitschgraben);sonstige;"0,8  "
1996;13 Südvorstadt, Zschertnitz;Kohle;"45,5 "
1996;13 Südvorstadt, Zschertnitz;Gas;"45,3 "
1996;13 Südvorstadt, Zschertnitz;Öl;"2,8  "
1996;13 Südvorstadt, Zschertnitz;Strom;"6,5  "
1996;13 Südvorstadt, Zschertnitz;sonstige;"0    "
1996;14 Mockritz, Coschütz, Plauen;Kohle;"24,3 "
1996;14 Mockritz, Coschütz, Plauen;Gas;"55,2 "
1996;14 Mockritz, Coschütz, Plauen;Öl;"17,4 "
1996;14 Mockritz, Coschütz, Plauen;Strom;"3,1  "
1996;14 Mockritz, Coschütz, Plauen;sonstige;"0    "
1996;15 Cotta, Löbtau, Naußlitz, Dölzschen;Kohle;"42,2 "
1996;15 Cotta, Löbtau, Naußlitz, Dölzschen;Gas;"50,7 "
1996;15 Cotta, Löbtau, Naußlitz, Dölzschen;Öl;"5,5  "
1996;15 Cotta, Löbtau, Naußlitz, Dölzschen;Strom;"1,6  "
1996;15 Cotta, Löbtau, Naußlitz, Dölzschen;sonstige;"0    "
1996;16 Gorbitz;Kohle;"0    "
1996;16 Gorbitz;Gas;"0    "
1996;16 Gorbitz;Öl;"0    "
1996;16 Gorbitz;Strom;"0    "
1996;16 Gorbitz;sonstige;"0    "
1996;17 Briesnitz und westliche OS;Kohle;"35,8 "
1996;17 Briesnitz und westliche OS;Gas;"52,9 "
1996;17 Briesnitz und westliche OS;Öl;"8,5  "
1996;17 Briesnitz und westliche OS;Strom;"2,8  "
1996;17 Briesnitz und westliche OS;sonstige;"0    "
1996;18 Dresden gesamt;Kohle;"40,5 "
1996;18 Dresden gesamt;Gas;"48   "
1996;18 Dresden gesamt;Öl;"7,9  "
1996;18 Dresden gesamt;Strom;"3,4  "
1996;18 Dresden gesamt;sonstige;"0,3  "
1998;01 StB Altstadt ohne Johannstadt;Kohle;"32,9 "
1998;01 StB Altstadt ohne Johannstadt;Gas;"52,9 "
1998;01 StB Altstadt ohne Johannstadt;Öl;"1,5  "
1998;01 StB Altstadt ohne Johannstadt;Strom;"10,6 "
1998;01 StB Altstadt ohne Johannstadt;sonstige;"2,1  "
1998;02 Johannstadt;Kohle;"49,6 "
1998;02 Johannstadt;Gas;"24   "
1998;02 Johannstadt;Öl;"0    "
1998;02 Johannstadt;Strom;"7,7  "
1998;02 Johannstadt;sonstige;"18,6 "
1998;03 StB Neustadt ohne Leipziger Vorstadt;Kohle;"27,3 "
1998;03 StB Neustadt ohne Leipziger Vorstadt;Gas;"55,7 "
1998;03 StB Neustadt ohne Leipziger Vorstadt;Öl;"7,8  "
1998;03 StB Neustadt ohne Leipziger Vorstadt;Strom;"7,3  "
1998;03 StB Neustadt ohne Leipziger Vorstadt;sonstige;"1,9  "
1998;04 Leipziger Vorstadt, Pieschen;Kohle;"31,6 "
1998;04 Leipziger Vorstadt, Pieschen;Gas;"50,5 "
1998;04 Leipziger Vorstadt, Pieschen;Öl;"9,9  "
1998;04 Leipziger Vorstadt, Pieschen;Strom;"6,5  "
1998;04 Leipziger Vorstadt, Pieschen;sonstige;"1,5  "
1998;05 Mickten, Kaditz, Trachau;Kohle;"20,9 "
1998;05 Mickten, Kaditz, Trachau;Gas;"67,5 "
1998;05 Mickten, Kaditz, Trachau;Öl;"5    "
1998;05 Mickten, Kaditz, Trachau;Strom;"5,6  "
1998;05 Mickten, Kaditz, Trachau;sonstige;"0,9  "
1998;06 StB Klotzsche und nördliche OS;Kohle;"13,4 "
1998;06 StB Klotzsche und nördliche OS;Gas;"65   "
1998;06 StB Klotzsche und nördliche OS;Öl;"21,2 "
1998;06 StB Klotzsche und nördliche OS;Strom;"0    "
1998;06 StB Klotzsche und nördliche OS;sonstige;"0,4  "
1998;07 StB Loschwitz und OS Schönfeld-Weißig;Kohle;"9,5  "
1998;07 StB Loschwitz und OS Schönfeld-Weißig;Gas;"64,8 "
1998;07 StB Loschwitz und OS Schönfeld-Weißig;Öl;"22,2 "
1998;07 StB Loschwitz und OS Schönfeld-Weißig;Strom;"3    "
1998;07 StB Loschwitz und OS Schönfeld-Weißig;sonstige;"0,5  "
1998;08 Blasewitz, Striesen;Kohle;"19,1 "
1998;08 Blasewitz, Striesen;Gas;"73   "
1998;08 Blasewitz, Striesen;Öl;"5,9  "
1998;08 Blasewitz, Striesen;Strom;"1,7  "
1998;08 Blasewitz, Striesen;sonstige;"0,3  "
1998;09 Tolkewitz, Seidnitz, Gruna;Kohle;"30,5 "
1998;09 Tolkewitz, Seidnitz, Gruna;Gas;"64,5 "
1998;09 Tolkewitz, Seidnitz, Gruna;Öl;"3,9  "
1998;09 Tolkewitz, Seidnitz, Gruna;Strom;"1,2  "
1998;09 Tolkewitz, Seidnitz, Gruna;sonstige;"0    "
1998;10 StB Leuben;Kohle;"18,8 "
1998;10 StB Leuben;Gas;"69,6 "
1998;10 StB Leuben;Öl;"5,2  "
1998;10 StB Leuben;Strom;"5,1  "
1998;10 StB Leuben;sonstige;"1,3  "
1998;11 Prohlis, Reick (mit Sternhäuser, Am Koitschgraben);Kohle;"11   "
1998;11 Prohlis, Reick (mit Sternhäuser, Am Koitschgraben);Gas;"74   "
1998;11 Prohlis, Reick (mit Sternhäuser, Am Koitschgraben);Öl;"7    "
1998;11 Prohlis, Reick (mit Sternhäuser, Am Koitschgraben);Strom;"8    "
1998;11 Prohlis, Reick (mit Sternhäuser, Am Koitschgraben);sonstige;"0    "
1998;12 Niedersedlitz, Leubnitz, Strehlen (ohne Sternhäuser, Am Koitschgraben);Kohle;"11,3 "
1998;12 Niedersedlitz, Leubnitz, Strehlen (ohne Sternhäuser, Am Koitschgraben);Gas;"72,6 "
1998;12 Niedersedlitz, Leubnitz, Strehlen (ohne Sternhäuser, Am Koitschgraben);Öl;"13,8 "
1998;12 Niedersedlitz, Leubnitz, Strehlen (ohne Sternhäuser, Am Koitschgraben);Strom;"2,3  "
1998;12 Niedersedlitz, Leubnitz, Strehlen (ohne Sternhäuser, Am Koitschgraben);sonstige;"0    "
1998;13 Südvorstadt, Zschertnitz;Kohle;"38,3 "
1998;13 Südvorstadt, Zschertnitz;Gas;"53,3 "
1998;13 Südvorstadt, Zschertnitz;Öl;"5,9  "
1998;13 Südvorstadt, Zschertnitz;Strom;"1,2  "
1998;13 Südvorstadt, Zschertnitz;sonstige;"1,3  "
1998;14 Mockritz, Coschütz, Plauen;Kohle;"17,8 "
1998;14 Mockritz, Coschütz, Plauen;Gas;"70,2 "
1998;14 Mockritz, Coschütz, Plauen;Öl;"8,4  "
1998;14 Mockritz, Coschütz, Plauen;Strom;"3,6  "
1998;14 Mockritz, Coschütz, Plauen;sonstige;"0    "
1998;15 Cotta, Löbtau, Naußlitz, Dölzschen;Kohle;"21,5 "
1998;15 Cotta, Löbtau, Naußlitz, Dölzschen;Gas;"65,3 "
1998;15 Cotta, Löbtau, Naußlitz, Dölzschen;Öl;"10,6 "
1998;15 Cotta, Löbtau, Naußlitz, Dölzschen;Strom;"2,4  "
1998;15 Cotta, Löbtau, Naußlitz, Dölzschen;sonstige;"0,3  "
1998;16 Gorbitz;Kohle;"0    "
1998;16 Gorbitz;Gas;"0    "
1998;16 Gorbitz;Öl;"0    "
1998;16 Gorbitz;Strom;"0    "
1998;16 Gorbitz;sonstige;"0    "
1998;17 Briesnitz und westliche OS;Kohle;"10,1 "
1998;17 Briesnitz und westliche OS;Gas;"62,8 "
1998;17 Briesnitz und westliche OS;Öl;"24   "
1998;17 Briesnitz und westliche OS;Strom;"0,6  "
1998;17 Briesnitz und westliche OS;sonstige;"2,5  "
1998;18 Dresden gesamt;Kohle;"20,8 "
1998;18 Dresden gesamt;Gas;"64,1 "
1998;18 Dresden gesamt;Öl;"10,4 "
1998;18 Dresden gesamt;Strom;"3,7  "
1998;18 Dresden gesamt;sonstige;"1    "
2002;01 StB Altstadt ohne Johannstadt;Kohle;"0    "
2002;01 StB Altstadt ohne Johannstadt;Gas;"100  "
2002;01 StB Altstadt ohne Johannstadt;Öl;"0    "
2002;01 StB Altstadt ohne Johannstadt;Strom;"0    "
2002;01 StB Altstadt ohne Johannstadt;sonstige;"0    "
2002;02 Johannstadt;Kohle;"26,4 "
2002;02 Johannstadt;Gas;"54   "
2002;02 Johannstadt;Öl;"0    "
2002;02 Johannstadt;Strom;"14,7 "
2002;02 Johannstadt;sonstige;"5    "
2002;03 StB Neustadt ohne Leipziger Vorstadt;Kohle;"2,6  "
2002;03 StB Neustadt ohne Leipziger Vorstadt;Gas;"73,7 "
2002;03 StB Neustadt ohne Leipziger Vorstadt;Öl;"19,7 "
2002;03 StB Neustadt ohne Leipziger Vorstadt;Strom;"3,1  "
2002;03 StB Neustadt ohne Leipziger Vorstadt;sonstige;"0,9  "
2002;04 Leipziger Vorstadt, Pieschen;Kohle;"6    "
2002;04 Leipziger Vorstadt, Pieschen;Gas;"78,4 "
2002;04 Leipziger Vorstadt, Pieschen;Öl;"12,9 "
2002;04 Leipziger Vorstadt, Pieschen;Strom;"2    "
2002;04 Leipziger Vorstadt, Pieschen;sonstige;"0,7  "
2002;05 Mickten, Kaditz, Trachau;Kohle;"4,3  "
2002;05 Mickten, Kaditz, Trachau;Gas;"87,8 "
2002;05 Mickten, Kaditz, Trachau;Öl;"5,8  "
2002;05 Mickten, Kaditz, Trachau;Strom;"1,2  "
2002;05 Mickten, Kaditz, Trachau;sonstige;"0,9  "
2002;06 StB Klotzsche und nördliche OS;Kohle;"3,7  "
2002;06 StB Klotzsche und nördliche OS;Gas;"69,1 "
2002;06 StB Klotzsche und nördliche OS;Öl;"21,8 "
2002;06 StB Klotzsche und nördliche OS;Strom;"4,8  "
2002;06 StB Klotzsche und nördliche OS;sonstige;"0,6  "
2002;07 StB Loschwitz und OS Schönfeld-Weißig;Kohle;"2,3  "
2002;07 StB Loschwitz und OS Schönfeld-Weißig;Gas;"71,9 "
2002;07 StB Loschwitz und OS Schönfeld-Weißig;Öl;"19,3 "
2002;07 StB Loschwitz und OS Schönfeld-Weißig;Strom;"5,7  "
2002;07 StB Loschwitz und OS Schönfeld-Weißig;sonstige;"0,7  "
2002;08 Blasewitz, Striesen;Kohle;"1,5  "
2002;08 Blasewitz, Striesen;Gas;"84,4 "
2002;08 Blasewitz, Striesen;Öl;"11,8 "
2002;08 Blasewitz, Striesen;Strom;"0,5  "
2002;08 Blasewitz, Striesen;sonstige;"1,8  "
2002;09 Tolkewitz, Seidnitz, Gruna;Kohle;"5,4  "
2002;09 Tolkewitz, Seidnitz, Gruna;Gas;"70,8 "
2002;09 Tolkewitz, Seidnitz, Gruna;Öl;"21,1 "
2002;09 Tolkewitz, Seidnitz, Gruna;Strom;"2,8  "
2002;09 Tolkewitz, Seidnitz, Gruna;sonstige;"0    "
2002;10 StB Leuben;Kohle;"6,8  "
2002;10 StB Leuben;Gas;"73,1 "
2002;10 StB Leuben;Öl;"10,3 "
2002;10 StB Leuben;Strom;"6,4  "
2002;10 StB Leuben;sonstige;"3,4  "
2002;11 Prohlis, Reick (mit Sternhäuser, Am Koitschgraben);Kohle;"1,1  "
2002;11 Prohlis, Reick (mit Sternhäuser, Am Koitschgraben);Gas;"74,5 "
2002;11 Prohlis, Reick (mit Sternhäuser, Am Koitschgraben);Öl;"3,5  "
2002;11 Prohlis, Reick (mit Sternhäuser, Am Koitschgraben);Strom;"18,6 "
2002;11 Prohlis, Reick (mit Sternhäuser, Am Koitschgraben);sonstige;"2,3  "
2002;12 Niedersedlitz, Leubnitz, Strehlen (ohne Sternhäuser, Am Koitschgraben);Kohle;"1,3  "
2002;12 Niedersedlitz, Leubnitz, Strehlen (ohne Sternhäuser, Am Koitschgraben);Gas;"80,1 "
2002;12 Niedersedlitz, Leubnitz, Strehlen (ohne Sternhäuser, Am Koitschgraben);Öl;"12,7 "
2002;12 Niedersedlitz, Leubnitz, Strehlen (ohne Sternhäuser, Am Koitschgraben);Strom;"5,3  "
2002;12 Niedersedlitz, Leubnitz, Strehlen (ohne Sternhäuser, Am Koitschgraben);sonstige;"0,6  "
2002;13 Südvorstadt, Zschertnitz;Kohle;"3,6  "
2002;13 Südvorstadt, Zschertnitz;Gas;"76,1 "
2002;13 Südvorstadt, Zschertnitz;Öl;"16,4 "
2002;13 Südvorstadt, Zschertnitz;Strom;"4    "
2002;13 Südvorstadt, Zschertnitz;sonstige;"0    "
2002;14 Mockritz, Coschütz, Plauen;Kohle;"7,1  "
2002;14 Mockritz, Coschütz, Plauen;Gas;"83,6 "
2002;14 Mockritz, Coschütz, Plauen;Öl;"4,4  "
2002;14 Mockritz, Coschütz, Plauen;Strom;"1,3  "
2002;14 Mockritz, Coschütz, Plauen;sonstige;"3,5  "
2002;15 Cotta, Löbtau, Naußlitz, Dölzschen;Kohle;"8,9  "
2002;15 Cotta, Löbtau, Naußlitz, Dölzschen;Gas;"78,4 "
2002;15 Cotta, Löbtau, Naußlitz, Dölzschen;Öl;"7,4  "
2002;15 Cotta, Löbtau, Naußlitz, Dölzschen;Strom;"5,4  "
2002;15 Cotta, Löbtau, Naußlitz, Dölzschen;sonstige;"0    "
2002;16 Gorbitz;Kohle;"0    "
2002;16 Gorbitz;Gas;"45,6 "
2002;16 Gorbitz;Öl;"54,4 "
2002;16 Gorbitz;Strom;"0    "
2002;16 Gorbitz;sonstige;"0    "
2002;17 Briesnitz und westliche OS;Kohle;"3    "
2002;17 Briesnitz und westliche OS;Gas;"55,3 "
2002;17 Briesnitz und westliche OS;Öl;"32,6 "
2002;17 Briesnitz und westliche OS;Strom;"6,4  "
2002;17 Briesnitz und westliche OS;sonstige;"2,7  "
2002;18 Dresden gesamt;Kohle;"4,6  "
2002;18 Dresden gesamt;Gas;"75,3 "
2002;18 Dresden gesamt;Öl;"14,5 "
2002;18 Dresden gesamt;Strom;"4,2  "
2002;18 Dresden gesamt;sonstige;"1,3  "
2005;01 StB Altstadt ohne Johannstadt;Kohle;"9,9  "
2005;01 StB Altstadt ohne Johannstadt;Gas;"52,9 "
2005;01 StB Altstadt ohne Johannstadt;Öl;"7,2  "
2005;01 StB Altstadt ohne Johannstadt;Strom;"30   "
2005;01 StB Altstadt ohne Johannstadt;sonstige;"0    "
2005;02 Johannstadt;Kohle;"13   "
2005;02 Johannstadt;Gas;"67   "
2005;02 Johannstadt;Öl;"9    "
2005;02 Johannstadt;Strom;"11   "
2005;02 Johannstadt;sonstige;"0    "
2005;03 StB Neustadt ohne Leipziger Vorstadt;Kohle;"10,8 "
2005;03 StB Neustadt ohne Leipziger Vorstadt;Gas;"70,4 "
2005;03 StB Neustadt ohne Leipziger Vorstadt;Öl;"5,1  "
2005;03 StB Neustadt ohne Leipziger Vorstadt;Strom;"11,6 "
2005;03 StB Neustadt ohne Leipziger Vorstadt;sonstige;"2,1  "
2005;04 Leipziger Vorstadt, Pieschen;Kohle;"6,2  "
2005;04 Leipziger Vorstadt, Pieschen;Gas;"76,1 "
2005;04 Leipziger Vorstadt, Pieschen;Öl;"11   "
2005;04 Leipziger Vorstadt, Pieschen;Strom;"5,9  "
2005;04 Leipziger Vorstadt, Pieschen;sonstige;"0,9  "
2005;05 Mickten, Kaditz, Trachau;Kohle;"1,3  "
2005;05 Mickten, Kaditz, Trachau;Gas;"87,4 "
2005;05 Mickten, Kaditz, Trachau;Öl;"9,8  "
2005;05 Mickten, Kaditz, Trachau;Strom;"1    "
2005;05 Mickten, Kaditz, Trachau;sonstige;"0,6  "
2005;06 StB Klotzsche und nördliche OS;Kohle;"2,2  "
2005;06 StB Klotzsche und nördliche OS;Gas;"73,3 "
2005;06 StB Klotzsche und nördliche OS;Öl;"16,9 "
2005;06 StB Klotzsche und nördliche OS;Strom;"4,7  "
2005;06 StB Klotzsche und nördliche OS;sonstige;"2,9  "
2005;07 StB Loschwitz und OS Schönfeld-Weißig;Kohle;"7,7  "
2005;07 StB Loschwitz und OS Schönfeld-Weißig;Gas;"77,1 "
2005;07 StB Loschwitz und OS Schönfeld-Weißig;Öl;"12,9 "
2005;07 StB Loschwitz und OS Schönfeld-Weißig;Strom;"1,7  "
2005;07 StB Loschwitz und OS Schönfeld-Weißig;sonstige;"0,6  "
2005;08 Blasewitz, Striesen;Kohle;"0,3  "
2005;08 Blasewitz, Striesen;Gas;"85,4 "
2005;08 Blasewitz, Striesen;Öl;"9    "
2005;08 Blasewitz, Striesen;Strom;"3,7  "
2005;08 Blasewitz, Striesen;sonstige;"1,6  "
2005;09 Tolkewitz, Seidnitz, Gruna;Kohle;"2    "
2005;09 Tolkewitz, Seidnitz, Gruna;Gas;"91   "
2005;09 Tolkewitz, Seidnitz, Gruna;Öl;"7,1  "
2005;09 Tolkewitz, Seidnitz, Gruna;Strom;"0    "
2005;09 Tolkewitz, Seidnitz, Gruna;sonstige;"0    "
2005;10 StB Leuben;Kohle;"0,5  "
2005;10 StB Leuben;Gas;"90,6 "
2005;10 StB Leuben;Öl;"7    "
2005;10 StB Leuben;Strom;"1,1  "
2005;10 StB Leuben;sonstige;"0,8  "
2005;11 Prohlis, Reick (mit Sternhäuser, Am Koitschgraben);Kohle;"5,2  "
2005;11 Prohlis, Reick (mit Sternhäuser, Am Koitschgraben);Gas;"86   "
2005;11 Prohlis, Reick (mit Sternhäuser, Am Koitschgraben);Öl;"4,2  "
2005;11 Prohlis, Reick (mit Sternhäuser, Am Koitschgraben);Strom;"3,5  "
2005;11 Prohlis, Reick (mit Sternhäuser, Am Koitschgraben);sonstige;"1,1  "
2005;12 Niedersedlitz, Leubnitz, Strehlen (ohne Sternhäuser, Am Koitschgraben);Kohle;"2,2  "
2005;12 Niedersedlitz, Leubnitz, Strehlen (ohne Sternhäuser, Am Koitschgraben);Gas;"79,2 "
2005;12 Niedersedlitz, Leubnitz, Strehlen (ohne Sternhäuser, Am Koitschgraben);Öl;"10,7 "
2005;12 Niedersedlitz, Leubnitz, Strehlen (ohne Sternhäuser, Am Koitschgraben);Strom;"6,6  "
2005;12 Niedersedlitz, Leubnitz, Strehlen (ohne Sternhäuser, Am Koitschgraben);sonstige;"1,2  "
2005;13 Südvorstadt, Zschertnitz;Kohle;"10,7 "
2005;13 Südvorstadt, Zschertnitz;Gas;"77,5 "
2005;13 Südvorstadt, Zschertnitz;Öl;"4,4  "
2005;13 Südvorstadt, Zschertnitz;Strom;"7,5  "
2005;13 Südvorstadt, Zschertnitz;sonstige;"0    "
2005;14 Mockritz, Coschütz, Plauen;Kohle;"0    "
2005;14 Mockritz, Coschütz, Plauen;Gas;"83   "
2005;14 Mockritz, Coschütz, Plauen;Öl;"14,3 "
2005;14 Mockritz, Coschütz, Plauen;Strom;"2,7  "
2005;14 Mockritz, Coschütz, Plauen;sonstige;"0    "
2005;15 Cotta, Löbtau, Naußlitz, Dölzschen;Kohle;"3,2  "
2005;15 Cotta, Löbtau, Naußlitz, Dölzschen;Gas;"82,8 "
2005;15 Cotta, Löbtau, Naußlitz, Dölzschen;Öl;"9,2  "
2005;15 Cotta, Löbtau, Naußlitz, Dölzschen;Strom;"2,6  "
2005;15 Cotta, Löbtau, Naußlitz, Dölzschen;sonstige;"2,1  "
2005;16 Gorbitz;Kohle;"0    "
2005;16 Gorbitz;Gas;"73,2 "
2005;16 Gorbitz;Öl;"22,7 "
2005;16 Gorbitz;Strom;"0    "
2005;16 Gorbitz;sonstige;"4,1  "
2005;17 Briesnitz und westliche OS;Kohle;"5,3  "
2005;17 Briesnitz und westliche OS;Gas;"68,6 "
2005;17 Briesnitz und westliche OS;Öl;"23,8 "
2005;17 Briesnitz und westliche OS;Strom;"2,3  "
2005;17 Briesnitz und westliche OS;sonstige;"0    "
2005;18 Dresden gesamt;Kohle;"3,9  "
2005;18 Dresden gesamt;Gas;"79,9 "
2005;18 Dresden gesamt;Öl;"11,2 "
2005;18 Dresden gesamt;Strom;"3,9  "
2005;18 Dresden gesamt;sonstige;"1,1  "
2007;01 StB Altstadt ohne Johannstadt;Kohle;"2    "
2007;01 StB Altstadt ohne Johannstadt;Gas;"43,5 "
2007;01 StB Altstadt ohne Johannstadt;Öl;"18,3 "
2007;01 StB Altstadt ohne Johannstadt;Strom;"36,1 "
2007;01 StB Altstadt ohne Johannstadt;sonstige;"0    "
2007;02 Johannstadt;Kohle;"10,9 "
2007;02 Johannstadt;Gas;"62,1 "
2007;02 Johannstadt;Öl;"12,4 "
2007;02 Johannstadt;Strom;"13,2 "
2007;02 Johannstadt;sonstige;"1,3  "
2007;03 StB Neustadt ohne Leipziger Vorstadt;Kohle;"12,4 "
2007;03 StB Neustadt ohne Leipziger Vorstadt;Gas;"64,5 "
2007;03 StB Neustadt ohne Leipziger Vorstadt;Öl;"15,3 "
2007;03 StB Neustadt ohne Leipziger Vorstadt;Strom;"5,3  "
2007;03 StB Neustadt ohne Leipziger Vorstadt;sonstige;"2,5  "
2007;04 Leipziger Vorstadt, Pieschen;Kohle;"10,4 "
2007;04 Leipziger Vorstadt, Pieschen;Gas;"74,8 "
2007;04 Leipziger Vorstadt, Pieschen;Öl;"9,4  "
2007;04 Leipziger Vorstadt, Pieschen;Strom;"4,6  "
2007;04 Leipziger Vorstadt, Pieschen;sonstige;"0,7  "
2007;05 Mickten, Kaditz, Trachau;Kohle;"0,6  "
2007;05 Mickten, Kaditz, Trachau;Gas;"77,4 "
2007;05 Mickten, Kaditz, Trachau;Öl;"14,8 "
2007;05 Mickten, Kaditz, Trachau;Strom;"5,6  "
2007;05 Mickten, Kaditz, Trachau;sonstige;"1,7  "
2007;06 StB Klotzsche und nördliche OS;Kohle;"2,3  "
2007;06 StB Klotzsche und nördliche OS;Gas;"66,5 "
2007;06 StB Klotzsche und nördliche OS;Öl;"22,5 "
2007;06 StB Klotzsche und nördliche OS;Strom;"6,4  "
2007;06 StB Klotzsche und nördliche OS;sonstige;"2,4  "
2007;07 StB Loschwitz und OS Schönfeld-Weißig;Kohle;"3    "
2007;07 StB Loschwitz und OS Schönfeld-Weißig;Gas;"74   "
2007;07 StB Loschwitz und OS Schönfeld-Weißig;Öl;"14,9 "
2007;07 StB Loschwitz und OS Schönfeld-Weißig;Strom;"4    "
2007;07 StB Loschwitz und OS Schönfeld-Weißig;sonstige;"4,1  "
2007;08 Blasewitz, Striesen;Kohle;"0,7  "
2007;08 Blasewitz, Striesen;Gas;"79,3 "
2007;08 Blasewitz, Striesen;Öl;"11,7 "
2007;08 Blasewitz, Striesen;Strom;"7,9  "
2007;08 Blasewitz, Striesen;sonstige;"0,5  "
2007;09 Tolkewitz, Seidnitz, Gruna;Kohle;"1,3  "
2007;09 Tolkewitz, Seidnitz, Gruna;Gas;"76,4 "
2007;09 Tolkewitz, Seidnitz, Gruna;Öl;"13,2 "
2007;09 Tolkewitz, Seidnitz, Gruna;Strom;"7    "
2007;09 Tolkewitz, Seidnitz, Gruna;sonstige;"2,1  "
2007;10 StB Leuben;Kohle;"0,3  "
2007;10 StB Leuben;Gas;"88,9 "
2007;10 StB Leuben;Öl;"3,4  "
2007;10 StB Leuben;Strom;"5,7  "
2007;10 StB Leuben;sonstige;"1,6  "
2007;11 Prohlis, Reick (mit Sternhäuser, Am Koitschgraben);Kohle;"0    "
2007;11 Prohlis, Reick (mit Sternhäuser, Am Koitschgraben);Gas;"82,1 "
2007;11 Prohlis, Reick (mit Sternhäuser, Am Koitschgraben);Öl;"11,6 "
2007;11 Prohlis, Reick (mit Sternhäuser, Am Koitschgraben);Strom;"4,3  "
2007;11 Prohlis, Reick (mit Sternhäuser, Am Koitschgraben);sonstige;"2    "
2007;12 Niedersedlitz, Leubnitz, Strehlen (ohne Sternhäuser, Am Koitschgraben);Kohle;"0,5  "
2007;12 Niedersedlitz, Leubnitz, Strehlen (ohne Sternhäuser, Am Koitschgraben);Gas;"85,5 "
2007;12 Niedersedlitz, Leubnitz, Strehlen (ohne Sternhäuser, Am Koitschgraben);Öl;"7    "
2007;12 Niedersedlitz, Leubnitz, Strehlen (ohne Sternhäuser, Am Koitschgraben);Strom;"6    "
2007;12 Niedersedlitz, Leubnitz, Strehlen (ohne Sternhäuser, Am Koitschgraben);sonstige;"1    "
2007;13 Südvorstadt, Zschertnitz;Kohle;"3,1  "
2007;13 Südvorstadt, Zschertnitz;Gas;"81,1 "
2007;13 Südvorstadt, Zschertnitz;Öl;"10,6 "
2007;13 Südvorstadt, Zschertnitz;Strom;"3,5  "
2007;13 Südvorstadt, Zschertnitz;sonstige;"1,8  "
2007;14 Mockritz, Coschütz, Plauen;Kohle;"0,9  "
2007;14 Mockritz, Coschütz, Plauen;Gas;"84,8 "
2007;14 Mockritz, Coschütz, Plauen;Öl;"10,3 "
2007;14 Mockritz, Coschütz, Plauen;Strom;"4    "
2007;14 Mockritz, Coschütz, Plauen;sonstige;"0    "
2007;15 Cotta, Löbtau, Naußlitz, Dölzschen;Kohle;"4    "
2007;15 Cotta, Löbtau, Naußlitz, Dölzschen;Gas;"83,4 "
2007;15 Cotta, Löbtau, Naußlitz, Dölzschen;Öl;"6,7  "
2007;15 Cotta, Löbtau, Naußlitz, Dölzschen;Strom;"4,9  "
2007;15 Cotta, Löbtau, Naußlitz, Dölzschen;sonstige;"1    "
2007;16 Gorbitz;Kohle;"0    "
2007;16 Gorbitz;Gas;"78,9 "
2007;16 Gorbitz;Öl;"3,1  "
2007;16 Gorbitz;Strom;"0    "
2007;16 Gorbitz;sonstige;"18   "
2007;17 Briesnitz und westliche OS;Kohle;"0,6  "
2007;17 Briesnitz und westliche OS;Gas;"70,4 "
2007;17 Briesnitz und westliche OS;Öl;"25,5 "
2007;17 Briesnitz und westliche OS;Strom;"3    "
2007;17 Briesnitz und westliche OS;sonstige;"0,5  "
2007;18 Dresden gesamt;Kohle;"3,1  "
2007;18 Dresden gesamt;Gas;"77   "
2007;18 Dresden gesamt;Öl;"12,6 "
2007;18 Dresden gesamt;Strom;"5,7  "
2007;18 Dresden gesamt;sonstige;"1,6  "
2010;01 StB Altstadt ohne Johannstadt;Kohle;"0    "
2010;01 StB Altstadt ohne Johannstadt;Gas;"k.A. "
2010;01 StB Altstadt ohne Johannstadt;Öl;"k.A. "
2010;01 StB Altstadt ohne Johannstadt;Strom;"k.A. "
2010;01 StB Altstadt ohne Johannstadt;sonstige;"0    "
2010;02 Johannstadt;Kohle;"0    "
2010;02 Johannstadt;Gas;"k.A. "
2010;02 Johannstadt;Öl;"0    "
2010;02 Johannstadt;Strom;"k.A. "
2010;02 Johannstadt;sonstige;"0    "
2010;03 StB Neustadt ohne Leipziger Vorstadt;Kohle;"8    "
2010;03 StB Neustadt ohne Leipziger Vorstadt;Gas;"62,2 "
2010;03 StB Neustadt ohne Leipziger Vorstadt;Öl;"24   "
2010;03 StB Neustadt ohne Leipziger Vorstadt;Strom;"4,6  "
2010;03 StB Neustadt ohne Leipziger Vorstadt;sonstige;"1,2  "
2010;04 Leipziger Vorstadt, Pieschen;Kohle;"3,2  "
2010;04 Leipziger Vorstadt, Pieschen;Gas;"77,2 "
2010;04 Leipziger Vorstadt, Pieschen;Öl;"10,1 "
2010;04 Leipziger Vorstadt, Pieschen;Strom;"8,8  "
2010;04 Leipziger Vorstadt, Pieschen;sonstige;"0,8  "
2010;05 Mickten, Kaditz, Trachau;Kohle;"0    "
2010;05 Mickten, Kaditz, Trachau;Gas;"81,3 "
2010;05 Mickten, Kaditz, Trachau;Öl;"13,2 "
2010;05 Mickten, Kaditz, Trachau;Strom;"4,1  "
2010;05 Mickten, Kaditz, Trachau;sonstige;"1,4  "
2010;06 StB Klotzsche und nördliche OS;Kohle;"0,7  "
2010;06 StB Klotzsche und nördliche OS;Gas;"70,6 "
2010;06 StB Klotzsche und nördliche OS;Öl;"22,3 "
2010;06 StB Klotzsche und nördliche OS;Strom;"5    "
2010;06 StB Klotzsche und nördliche OS;sonstige;"1,4  "
2010;07 StB Loschwitz und OS Schönfeld-Weißig;Kohle;"0    "
2010;07 StB Loschwitz und OS Schönfeld-Weißig;Gas;"83,4 "
2010;07 StB Loschwitz und OS Schönfeld-Weißig;Öl;"9,8  "
2010;07 StB Loschwitz und OS Schönfeld-Weißig;Strom;"5,8  "
2010;07 StB Loschwitz und OS Schönfeld-Weißig;sonstige;"1    "
2010;08 Blasewitz, Striesen;Kohle;"3,5  "
2010;08 Blasewitz, Striesen;Gas;"79,7 "
2010;08 Blasewitz, Striesen;Öl;"11,8 "
2010;08 Blasewitz, Striesen;Strom;"5    "
2010;08 Blasewitz, Striesen;sonstige;"0    "
2010;09 Tolkewitz, Seidnitz, Gruna;Kohle;"0    "
2010;09 Tolkewitz, Seidnitz, Gruna;Gas;"88,6 "
2010;09 Tolkewitz, Seidnitz, Gruna;Öl;"8,3  "
2010;09 Tolkewitz, Seidnitz, Gruna;Strom;"1,1  "
2010;09 Tolkewitz, Seidnitz, Gruna;sonstige;"2    "
2010;10 StB Leuben;Kohle;"0    "
2010;10 StB Leuben;Gas;"86,9 "
2010;10 StB Leuben;Öl;"7    "
2010;10 StB Leuben;Strom;"4,6  "
2010;10 StB Leuben;sonstige;"1,5  "
2010;11 Prohlis, Reick (mit Sternhäuser, Am Koitschgraben);Kohle;"0    "
2010;11 Prohlis, Reick (mit Sternhäuser, Am Koitschgraben);Gas;"k.A. "
2010;11 Prohlis, Reick (mit Sternhäuser, Am Koitschgraben);Öl;"k.A. "
2010;11 Prohlis, Reick (mit Sternhäuser, Am Koitschgraben);Strom;"0    "
2010;11 Prohlis, Reick (mit Sternhäuser, Am Koitschgraben);sonstige;"0    "
2010;12 Niedersedlitz, Leubnitz, Strehlen (ohne Sternhäuser, Am Koitschgraben);Kohle;"0    "
2010;12 Niedersedlitz, Leubnitz, Strehlen (ohne Sternhäuser, Am Koitschgraben);Gas;"84,8 "
2010;12 Niedersedlitz, Leubnitz, Strehlen (ohne Sternhäuser, Am Koitschgraben);Öl;"7,8  "
2010;12 Niedersedlitz, Leubnitz, Strehlen (ohne Sternhäuser, Am Koitschgraben);Strom;"5,4  "
2010;12 Niedersedlitz, Leubnitz, Strehlen (ohne Sternhäuser, Am Koitschgraben);sonstige;"2    "
2010;13 Südvorstadt, Zschertnitz;Kohle;"0    "
2010;13 Südvorstadt, Zschertnitz;Gas;"k.A. "
2010;13 Südvorstadt, Zschertnitz;Öl;"k.A. "
2010;13 Südvorstadt, Zschertnitz;Strom;"k.A. "
2010;13 Südvorstadt, Zschertnitz;sonstige;"k.A. "
2010;14 Mockritz, Coschütz, Plauen;Kohle;"0    "
2010;14 Mockritz, Coschütz, Plauen;Gas;"78,4 "
2010;14 Mockritz, Coschütz, Plauen;Öl;"15,5 "
2010;14 Mockritz, Coschütz, Plauen;Strom;"5    "
2010;14 Mockritz, Coschütz, Plauen;sonstige;"1    "
2010;15 Cotta, Löbtau, Naußlitz, Dölzschen;Kohle;"0,6  "
2010;15 Cotta, Löbtau, Naußlitz, Dölzschen;Gas;"88   "
2010;15 Cotta, Löbtau, Naußlitz, Dölzschen;Öl;"8,3  "
2010;15 Cotta, Löbtau, Naußlitz, Dölzschen;Strom;"1,2  "
2010;15 Cotta, Löbtau, Naußlitz, Dölzschen;sonstige;"1,9  "
2010;16 Gorbitz;Kohle;"0    "
2010;16 Gorbitz;Gas;"0    "
2010;16 Gorbitz;Öl;"0    "
2010;16 Gorbitz;Strom;"0    "
2010;16 Gorbitz;sonstige;"0    "
2010;17 Briesnitz und westliche OS;Kohle;"0    "
2010;17 Briesnitz und westliche OS;Gas;"74,9 "
2010;17 Briesnitz und westliche OS;Öl;"16,4 "
2010;17 Briesnitz und westliche OS;Strom;"5,4  "
2010;17 Briesnitz und westliche OS;sonstige;"3,4  "
2010;18 Dresden gesamt;Kohle;"1,2  "
2010;18 Dresden gesamt;Gas;"79   "
2010;18 Dresden gesamt;Öl;"12,7 "
2010;18 Dresden gesamt;Strom;"5,8  "
2010;18 Dresden gesamt;sonstige;"1,4  "
2012;01 StB Altstadt ohne Johannstadt;Kohle;"k.A. "
2012;01 StB Altstadt ohne Johannstadt;Gas;"k.A. "
2012;01 StB Altstadt ohne Johannstadt;Öl;"k.A. "
2012;01 StB Altstadt ohne Johannstadt;Strom;"k.A. "
2012;01 StB Altstadt ohne Johannstadt;sonstige;"k.A. "
2012;02 Johannstadt;Kohle;"k.A. "
2012;02 Johannstadt;Gas;"k.A. "
2012;02 Johannstadt;Öl;"k.A. "
2012;02 Johannstadt;Strom;"k.A. "
2012;02 Johannstadt;sonstige;"k.A. "
2012;03 StB Neustadt ohne Leipziger Vorstadt;Kohle;"4,7  "
2012;03 StB Neustadt ohne Leipziger Vorstadt;Gas;"77,1 "
2012;03 StB Neustadt ohne Leipziger Vorstadt;Öl;"6,6  "
2012;03 StB Neustadt ohne Leipziger Vorstadt;Strom;"10,4 "
2012;03 StB Neustadt ohne Leipziger Vorstadt;sonstige;"1,3  "
2012;04 Leipziger Vorstadt, Pieschen;Kohle;"0,8  "
2012;04 Leipziger Vorstadt, Pieschen;Gas;"79,8 "
2012;04 Leipziger Vorstadt, Pieschen;Öl;"7,8  "
2012;04 Leipziger Vorstadt, Pieschen;Strom;"4,6  "
2012;04 Leipziger Vorstadt, Pieschen;sonstige;"7    "
2012;05 Mickten, Kaditz, Trachau;Kohle;"0    "
2012;05 Mickten, Kaditz, Trachau;Gas;"84,7 "
2012;05 Mickten, Kaditz, Trachau;Öl;"4,3  "
2012;05 Mickten, Kaditz, Trachau;Strom;"6,4  "
2012;05 Mickten, Kaditz, Trachau;sonstige;"4,6  "
2012;06 StB Klotzsche und nördliche OS;Kohle;"0,7  "
2012;06 StB Klotzsche und nördliche OS;Gas;"71,4 "
2012;06 StB Klotzsche und nördliche OS;Öl;"14,3 "
2012;06 StB Klotzsche und nördliche OS;Strom;"11,1 "
2012;06 StB Klotzsche und nördliche OS;sonstige;"2,5  "
2012;07 StB Loschwitz und OS Schönfeld-Weißig;Kohle;"4,8  "
2012;07 StB Loschwitz und OS Schönfeld-Weißig;Gas;"77,6 "
2012;07 StB Loschwitz und OS Schönfeld-Weißig;Öl;"9,5  "
2012;07 StB Loschwitz und OS Schönfeld-Weißig;Strom;"4,8  "
2012;07 StB Loschwitz und OS Schönfeld-Weißig;sonstige;"3,4  "
2012;08 Blasewitz, Striesen;Kohle;"0    "
2012;08 Blasewitz, Striesen;Gas;"90,6 "
2012;08 Blasewitz, Striesen;Öl;"5,8  "
2012;08 Blasewitz, Striesen;Strom;"3    "
2012;08 Blasewitz, Striesen;sonstige;"0,5  "
2012;09 Tolkewitz, Seidnitz, Gruna;Kohle;"0    "
2012;09 Tolkewitz, Seidnitz, Gruna;Gas;"73,7 "
2012;09 Tolkewitz, Seidnitz, Gruna;Öl;"13,6 "
2012;09 Tolkewitz, Seidnitz, Gruna;Strom;"9,1  "
2012;09 Tolkewitz, Seidnitz, Gruna;sonstige;"3,7  "
2012;10 StB Leuben;Kohle;"0    "
2012;10 StB Leuben;Gas;"88,2 "
2012;10 StB Leuben;Öl;"4    "
2012;10 StB Leuben;Strom;"4,9  "
2012;10 StB Leuben;sonstige;"2,9  "
2012;11 Prohlis, Reick (mit Sternhäuser, Am Koitschgraben);Kohle;"k.A. "
2012;11 Prohlis, Reick (mit Sternhäuser, Am Koitschgraben);Gas;"k.A. "
2012;11 Prohlis, Reick (mit Sternhäuser, Am Koitschgraben);Öl;"k.A. "
2012;11 Prohlis, Reick (mit Sternhäuser, Am Koitschgraben);Strom;"k.A. "
2012;11 Prohlis, Reick (mit Sternhäuser, Am Koitschgraben);sonstige;"k.A. "
2012;12 Niedersedlitz, Leubnitz, Strehlen (ohne Sternhäuser, Am Koitschgraben);Kohle;"0    "
2012;12 Niedersedlitz, Leubnitz, Strehlen (ohne Sternhäuser, Am Koitschgraben);Gas;"83,3 "
2012;12 Niedersedlitz, Leubnitz, Strehlen (ohne Sternhäuser, Am Koitschgraben);Öl;"6,9  "
2012;12 Niedersedlitz, Leubnitz, Strehlen (ohne Sternhäuser, Am Koitschgraben);Strom;"9,1  "
2012;12 Niedersedlitz, Leubnitz, Strehlen (ohne Sternhäuser, Am Koitschgraben);sonstige;"0,8  "
2012;13 Südvorstadt, Zschertnitz;Kohle;"2,1  "
2012;13 Südvorstadt, Zschertnitz;Gas;"69,1 "
2012;13 Südvorstadt, Zschertnitz;Öl;"5,7  "
2012;13 Südvorstadt, Zschertnitz;Strom;"9,4  "
2012;13 Südvorstadt, Zschertnitz;sonstige;"13,8 "
2012;14 Mockritz, Coschütz, Plauen;Kohle;"1,6  "
2012;14 Mockritz, Coschütz, Plauen;Gas;"78   "
2012;14 Mockritz, Coschütz, Plauen;Öl;"13,7 "
2012;14 Mockritz, Coschütz, Plauen;Strom;"6,1  "
2012;14 Mockritz, Coschütz, Plauen;sonstige;"0,7  "
2012;15 Cotta, Löbtau, Naußlitz, Dölzschen;Kohle;"1,4  "
2012;15 Cotta, Löbtau, Naußlitz, Dölzschen;Gas;"84,3 "
2012;15 Cotta, Löbtau, Naußlitz, Dölzschen;Öl;"10,2 "
2012;15 Cotta, Löbtau, Naußlitz, Dölzschen;Strom;"4,1  "
2012;15 Cotta, Löbtau, Naußlitz, Dölzschen;sonstige;"0    "
2012;16 Gorbitz;Kohle;"k.A. "
2012;16 Gorbitz;Gas;"k.A. "
2012;16 Gorbitz;Öl;"k.A. "
2012;16 Gorbitz;Strom;"k.A. "
2012;16 Gorbitz;sonstige;"k.A. "
2012;17 Briesnitz und westliche OS;Kohle;"0    "
2012;17 Briesnitz und westliche OS;Gas;"57,4 "
2012;17 Briesnitz und westliche OS;Öl;"35,1 "
2012;17 Briesnitz und westliche OS;Strom;"5    "
2012;17 Briesnitz und westliche OS;sonstige;"2,6  "
2012;18 Dresden gesamt;Kohle;"1,3  "
2012;18 Dresden gesamt;Gas;"79,9 "
2012;18 Dresden gesamt;Öl;"9,9  "
2012;18 Dresden gesamt;Strom;"6,1  "
2012;18 Dresden gesamt;sonstige;"2,8  "
2014;01 StB Altstadt ohne Johannstadt;Kohle;"k.A. "
2014;01 StB Altstadt ohne Johannstadt;Gas;"k.A. "
2014;01 StB Altstadt ohne Johannstadt;Öl;"k.A. "
2014;01 StB Altstadt ohne Johannstadt;Strom;"k.A. "
2014;01 StB Altstadt ohne Johannstadt;sonstige;"k.A. "
2014;02 Johannstadt;Kohle;"k.A. "
2014;02 Johannstadt;Gas;"k.A. "
2014;02 Johannstadt;Öl;"k.A. "
2014;02 Johannstadt;Strom;"k.A. "
2014;02 Johannstadt;sonstige;"k.A. "
2014;03 StB Neustadt ohne Leipziger Vorstadt;Kohle;"0    "
2014;03 StB Neustadt ohne Leipziger Vorstadt;Gas;"70,7 "
2014;03 StB Neustadt ohne Leipziger Vorstadt;Öl;"12,3 "
2014;03 StB Neustadt ohne Leipziger Vorstadt;Strom;"8,5  "
2014;03 StB Neustadt ohne Leipziger Vorstadt;sonstige;"8,6  "
2014;04 Leipziger Vorstadt, Pieschen;Kohle;"11,6 "
2014;04 Leipziger Vorstadt, Pieschen;Gas;"62,1 "
2014;04 Leipziger Vorstadt, Pieschen;Öl;"10,5 "
2014;04 Leipziger Vorstadt, Pieschen;Strom;"15   "
2014;04 Leipziger Vorstadt, Pieschen;sonstige;"0,8  "
2014;05 Mickten, Kaditz, Trachau;Kohle;"2,2  "
2014;05 Mickten, Kaditz, Trachau;Gas;"75,1 "
2014;05 Mickten, Kaditz, Trachau;Öl;"8,7  "
2014;05 Mickten, Kaditz, Trachau;Strom;"11,7 "
2014;05 Mickten, Kaditz, Trachau;sonstige;"2,2  "
2014;06 StB Klotzsche und nördliche OS;Kohle;"2,6  "
2014;06 StB Klotzsche und nördliche OS;Gas;"72   "
2014;06 StB Klotzsche und nördliche OS;Öl;"17,1 "
2014;06 StB Klotzsche und nördliche OS;Strom;"6,3  "
2014;06 StB Klotzsche und nördliche OS;sonstige;"2    "
2014;07 StB Loschwitz und OS Schönfeld-Weißig;Kohle;"3,1  "
2014;07 StB Loschwitz und OS Schönfeld-Weißig;Gas;"74,8 "
2014;07 StB Loschwitz und OS Schönfeld-Weißig;Öl;"10   "
2014;07 StB Loschwitz und OS Schönfeld-Weißig;Strom;"7,5  "
2014;07 StB Loschwitz und OS Schönfeld-Weißig;sonstige;"4,1  "
2014;08 Blasewitz, Striesen;Kohle;"0,9  "
2014;08 Blasewitz, Striesen;Gas;"87,7 "
2014;08 Blasewitz, Striesen;Öl;"6    "
2014;08 Blasewitz, Striesen;Strom;"4,3  "
2014;08 Blasewitz, Striesen;sonstige;"1,1  "
2014;09 Tolkewitz, Seidnitz, Gruna;Kohle;"13,1 "
2014;09 Tolkewitz, Seidnitz, Gruna;Gas;"72,1 "
2014;09 Tolkewitz, Seidnitz, Gruna;Öl;"1,3  "
2014;09 Tolkewitz, Seidnitz, Gruna;Strom;"8,1  "
2014;09 Tolkewitz, Seidnitz, Gruna;sonstige;"5,4  "
2014;10 StB Leuben;Kohle;"0    "
2014;10 StB Leuben;Gas;"86,8 "
2014;10 StB Leuben;Öl;"4,6  "
2014;10 StB Leuben;Strom;"5,5  "
2014;10 StB Leuben;sonstige;"3,1  "
2014;11 Prohlis, Reick (mit Sternhäuser, Am Koitschgraben);Kohle;"k.A. "
2014;11 Prohlis, Reick (mit Sternhäuser, Am Koitschgraben);Gas;"k.A. "
2014;11 Prohlis, Reick (mit Sternhäuser, Am Koitschgraben);Öl;"k.A. "
2014;11 Prohlis, Reick (mit Sternhäuser, Am Koitschgraben);Strom;"k.A. "
2014;11 Prohlis, Reick (mit Sternhäuser, Am Koitschgraben);sonstige;"k.A. "
2014;12 Niedersedlitz, Leubnitz, Strehlen (ohne Sternhäuser, Am Koitschgraben);Kohle;"0    "
2014;12 Niedersedlitz, Leubnitz, Strehlen (ohne Sternhäuser, Am Koitschgraben);Gas;"87,2 "
2014;12 Niedersedlitz, Leubnitz, Strehlen (ohne Sternhäuser, Am Koitschgraben);Öl;"6    "
2014;12 Niedersedlitz, Leubnitz, Strehlen (ohne Sternhäuser, Am Koitschgraben);Strom;"6,2  "
2014;12 Niedersedlitz, Leubnitz, Strehlen (ohne Sternhäuser, Am Koitschgraben);sonstige;"0,6  "
2014;13 Südvorstadt, Zschertnitz;Kohle;"0    "
2014;13 Südvorstadt, Zschertnitz;Gas;"82,7 "
2014;13 Südvorstadt, Zschertnitz;Öl;"11,1 "
2014;13 Südvorstadt, Zschertnitz;Strom;"6,2  "
2014;13 Südvorstadt, Zschertnitz;sonstige;"0    "
2014;14 Mockritz, Coschütz, Plauen;Kohle;"0    "
2014;14 Mockritz, Coschütz, Plauen;Gas;"80,3 "
2014;14 Mockritz, Coschütz, Plauen;Öl;"10,4 "
2014;14 Mockritz, Coschütz, Plauen;Strom;"8,4  "
2014;14 Mockritz, Coschütz, Plauen;sonstige;"0,9  "
2014;15 Cotta, Löbtau, Naußlitz, Dölzschen;Kohle;"5,3  "
2014;15 Cotta, Löbtau, Naußlitz, Dölzschen;Gas;"77,1 "
2014;15 Cotta, Löbtau, Naußlitz, Dölzschen;Öl;"4,6  "
2014;15 Cotta, Löbtau, Naußlitz, Dölzschen;Strom;"9,7  "
2014;15 Cotta, Löbtau, Naußlitz, Dölzschen;sonstige;"3,1  "
2014;16 Gorbitz;Kohle;"k.A. "
2014;16 Gorbitz;Gas;"k.A. "
2014;16 Gorbitz;Öl;"k.A. "
2014;16 Gorbitz;Strom;"k.A. "
2014;16 Gorbitz;sonstige;"k.A. "
2014;17 Briesnitz und westliche OS;Kohle;"1,6  "
2014;17 Briesnitz und westliche OS;Gas;"72,8 "
2014;17 Briesnitz und westliche OS;Öl;"14,3 "
2014;17 Briesnitz und westliche OS;Strom;"7,3  "
2014;17 Briesnitz und westliche OS;sonstige;"4    "
2014;18 Dresden gesamt;Kohle;"3    "
2014;18 Dresden gesamt;Gas;"77,1 "
2014;18 Dresden gesamt;Öl;"8,6  "
2014;18 Dresden gesamt;Strom;"8,3  "
2014;18 Dresden gesamt;sonstige;"3    "
2016;01 StB Altstadt ohne Johannstadt;Kohle;"3,6  "
2016;01 StB Altstadt ohne Johannstadt;Gas;"49,5 "
2016;01 StB Altstadt ohne Johannstadt;Öl;"9,6  "
2016;01 StB Altstadt ohne Johannstadt;Strom;"23,8 "
2016;01 StB Altstadt ohne Johannstadt;sonstige;"13,5 "
2016;02 Johannstadt;Kohle;"k.A. "
2016;02 Johannstadt;Gas;"k.A. "
2016;02 Johannstadt;Öl;"k.A. "
2016;02 Johannstadt;Strom;"k.A. "
2016;02 Johannstadt;sonstige;"k.A. "
2016;03 StB Neustadt ohne Leipziger Vorstadt;Kohle;"8,4  "
2016;03 StB Neustadt ohne Leipziger Vorstadt;Gas;"50,8 "
2016;03 StB Neustadt ohne Leipziger Vorstadt;Öl;"16,8 "
2016;03 StB Neustadt ohne Leipziger Vorstadt;Strom;"18,5 "
2016;03 StB Neustadt ohne Leipziger Vorstadt;sonstige;"5,5  "
2016;04 Leipziger Vorstadt, Pieschen;Kohle;"0    "
2016;04 Leipziger Vorstadt, Pieschen;Gas;"73,2 "
2016;04 Leipziger Vorstadt, Pieschen;Öl;"9,8  "
2016;04 Leipziger Vorstadt, Pieschen;Strom;"8,7  "
2016;04 Leipziger Vorstadt, Pieschen;sonstige;"8,2  "
2016;05 Mickten, Kaditz, Trachau;Kohle;"1,7  "
2016;05 Mickten, Kaditz, Trachau;Gas;"75,9 "
2016;05 Mickten, Kaditz, Trachau;Öl;"7,1  "
2016;05 Mickten, Kaditz, Trachau;Strom;"11,2 "
2016;05 Mickten, Kaditz, Trachau;sonstige;"4,2  "
2016;06 StB Klotzsche und nördliche OS;Kohle;"0,6  "
2016;06 StB Klotzsche und nördliche OS;Gas;"80   "
2016;06 StB Klotzsche und nördliche OS;Öl;"14,2 "
2016;06 StB Klotzsche und nördliche OS;Strom;"3,3  "
2016;06 StB Klotzsche und nördliche OS;sonstige;"1,9  "
2016;07 StB Loschwitz und OS Schönfeld-Weißig;Kohle;"1,6  "
2016;07 StB Loschwitz und OS Schönfeld-Weißig;Gas;"79,2 "
2016;07 StB Loschwitz und OS Schönfeld-Weißig;Öl;"8,5  "
2016;07 StB Loschwitz und OS Schönfeld-Weißig;Strom;"6,5  "
2016;07 StB Loschwitz und OS Schönfeld-Weißig;sonstige;"4,2  "
2016;08 Blasewitz, Striesen;Kohle;"0    "
2016;08 Blasewitz, Striesen;Gas;"82,2 "
2016;08 Blasewitz, Striesen;Öl;"3,8  "
2016;08 Blasewitz, Striesen;Strom;"8,7  "
2016;08 Blasewitz, Striesen;sonstige;"5,3  "
2016;09 Tolkewitz, Seidnitz, Gruna;Kohle;"0,7  "
2016;09 Tolkewitz, Seidnitz, Gruna;Gas;"80,5 "
2016;09 Tolkewitz, Seidnitz, Gruna;Öl;"5    "
2016;09 Tolkewitz, Seidnitz, Gruna;Strom;"9,9  "
2016;09 Tolkewitz, Seidnitz, Gruna;sonstige;"3,8  "
2016;10 StB Leuben;Kohle;"0    "
2016;10 StB Leuben;Gas;"86,6 "
2016;10 StB Leuben;Öl;"3,5  "
2016;10 StB Leuben;Strom;"8,7  "
2016;10 StB Leuben;sonstige;"1,1  "
2016;11 Prohlis, Reick (mit Sternhäuser, Am Koitschgraben);Kohle;"k.A. "
2016;11 Prohlis, Reick (mit Sternhäuser, Am Koitschgraben);Gas;"k.A. "
2016;11 Prohlis, Reick (mit Sternhäuser, Am Koitschgraben);Öl;"k.A. "
2016;11 Prohlis, Reick (mit Sternhäuser, Am Koitschgraben);Strom;"k.A. "
2016;11 Prohlis, Reick (mit Sternhäuser, Am Koitschgraben);sonstige;"k.A. "
2016;12 Niedersedlitz, Leubnitz, Strehlen (ohne Sternhäuser, Am Koitschgraben);Kohle;"0,6  "
2016;12 Niedersedlitz, Leubnitz, Strehlen (ohne Sternhäuser, Am Koitschgraben);Gas;"85,2 "
2016;12 Niedersedlitz, Leubnitz, Strehlen (ohne Sternhäuser, Am Koitschgraben);Öl;"5,9  "
2016;12 Niedersedlitz, Leubnitz, Strehlen (ohne Sternhäuser, Am Koitschgraben);Strom;"3,4  "
2016;12 Niedersedlitz, Leubnitz, Strehlen (ohne Sternhäuser, Am Koitschgraben);sonstige;"5    "
2016;13 Südvorstadt, Zschertnitz;Kohle;"0    "
2016;13 Südvorstadt, Zschertnitz;Gas;"84,3 "
2016;13 Südvorstadt, Zschertnitz;Öl;"2,8  "
2016;13 Südvorstadt, Zschertnitz;Strom;"5,2  "
2016;13 Südvorstadt, Zschertnitz;sonstige;"7,8  "
2016;14 Mockritz, Coschütz, Plauen;Kohle;"0    "
2016;14 Mockritz, Coschütz, Plauen;Gas;"82,2 "
2016;14 Mockritz, Coschütz, Plauen;Öl;"7,9  "
2016;14 Mockritz, Coschütz, Plauen;Strom;"4,7  "
2016;14 Mockritz, Coschütz, Plauen;sonstige;"5,2  "
2016;15 Cotta, Löbtau, Naußlitz, Dölzschen;Kohle;"0    "
2016;15 Cotta, Löbtau, Naußlitz, Dölzschen;Gas;"83,2 "
2016;15 Cotta, Löbtau, Naußlitz, Dölzschen;Öl;"7,2  "
2016;15 Cotta, Löbtau, Naußlitz, Dölzschen;Strom;"5,5  "
2016;15 Cotta, Löbtau, Naußlitz, Dölzschen;sonstige;"4,2  "
2016;16 Gorbitz;Kohle;"k.A. "
2016;16 Gorbitz;Gas;"k.A. "
2016;16 Gorbitz;Öl;"k.A. "
2016;16 Gorbitz;Strom;"k.A. "
2016;16 Gorbitz;sonstige;"k.A. "
2016;17 Briesnitz und westliche OS;Kohle;"0    "
2016;17 Briesnitz und westliche OS;Gas;"67,9 "
2016;17 Briesnitz und westliche OS;Öl;"19,8 "
2016;17 Briesnitz und westliche OS;Strom;"7,6  "
2016;17 Briesnitz und westliche OS;sonstige;"4,7  "
2016;18 Dresden gesamt;Kohle;"0,9  "
2016;18 Dresden gesamt;Gas;"76,6 "
2016;18 Dresden gesamt;Öl;"9    "
2016;18 Dresden gesamt;Strom;"8,5  "
2016;18 Dresden gesamt;sonstige;"4,9  "
2018;01 StB Altstadt ohne Johannstadt;Kohle;"k.A. "
2018;01 StB Altstadt ohne Johannstadt;Gas;"k.A. "
2018;01 StB Altstadt ohne Johannstadt;Öl;"k.A. "
2018;01 StB Altstadt ohne Johannstadt;Strom;"k.A. "
2018;01 StB Altstadt ohne Johannstadt;sonstige;"k.A. "
2018;02 Johannstadt;Kohle;"0    "
2018;02 Johannstadt;Gas;"55,4 "
2018;02 Johannstadt;Öl;"9,6  "
2018;02 Johannstadt;Strom;"21,1 "
2018;02 Johannstadt;sonstige;"13,9 "
2018;03 StB Neustadt ohne Leipziger Vorstadt;Kohle;"3,3  "
2018;03 StB Neustadt ohne Leipziger Vorstadt;Gas;"60,7 "
2018;03 StB Neustadt ohne Leipziger Vorstadt;Öl;"13,6 "
2018;03 StB Neustadt ohne Leipziger Vorstadt;Strom;"11,7 "
2018;03 StB Neustadt ohne Leipziger Vorstadt;sonstige;"10,7 "
2018;04 Leipziger Vorstadt, Pieschen;Kohle;"0,8  "
2018;04 Leipziger Vorstadt, Pieschen;Gas;"79,1 "
2018;04 Leipziger Vorstadt, Pieschen;Öl;"3,7  "
2018;04 Leipziger Vorstadt, Pieschen;Strom;"10,1 "
2018;04 Leipziger Vorstadt, Pieschen;sonstige;"6,4  "
2018;05 Mickten, Kaditz, Trachau;Kohle;"0    "
2018;05 Mickten, Kaditz, Trachau;Gas;"79,6 "
2018;05 Mickten, Kaditz, Trachau;Öl;"7,2  "
2018;05 Mickten, Kaditz, Trachau;Strom;"7,2  "
2018;05 Mickten, Kaditz, Trachau;sonstige;"6    "
2018;06 StB Klotzsche und nördliche OS;Kohle;"0    "
2018;06 StB Klotzsche und nördliche OS;Gas;"67,7 "
2018;06 StB Klotzsche und nördliche OS;Öl;"16,5 "
2018;06 StB Klotzsche und nördliche OS;Strom;"8,4  "
2018;06 StB Klotzsche und nördliche OS;sonstige;"7,5  "
2018;07 StB Loschwitz und OS Schönfeld-Weißig;Kohle;"1,5  "
2018;07 StB Loschwitz und OS Schönfeld-Weißig;Gas;"72,7 "
2018;07 StB Loschwitz und OS Schönfeld-Weißig;Öl;"12,1 "
2018;07 StB Loschwitz und OS Schönfeld-Weißig;Strom;"9,5  "
2018;07 StB Loschwitz und OS Schönfeld-Weißig;sonstige;"4,2  "
2018;08 Blasewitz, Striesen;Kohle;"0    "
2018;08 Blasewitz, Striesen;Gas;"75,5 "
2018;08 Blasewitz, Striesen;Öl;"6,1  "
2018;08 Blasewitz, Striesen;Strom;"13,9 "
2018;08 Blasewitz, Striesen;sonstige;"4,5  "
2018;09 Tolkewitz, Seidnitz, Gruna;Kohle;"0    "
2018;09 Tolkewitz, Seidnitz, Gruna;Gas;"75,7 "
2018;09 Tolkewitz, Seidnitz, Gruna;Öl;"4,8  "
2018;09 Tolkewitz, Seidnitz, Gruna;Strom;"9,4  "
2018;09 Tolkewitz, Seidnitz, Gruna;sonstige;"10,1 "
2018;10 StB Leuben;Kohle;"0    "
2018;10 StB Leuben;Gas;"83,5 "
2018;10 StB Leuben;Öl;"3,2  "
2018;10 StB Leuben;Strom;"10   "
2018;10 StB Leuben;sonstige;"3,3  "
2018;11 Prohlis, Reick (mit Sternhäuser, Am Koitschgraben);Kohle;"k.A. "
2018;11 Prohlis, Reick (mit Sternhäuser, Am Koitschgraben);Gas;"k.A. "
2018;11 Prohlis, Reick (mit Sternhäuser, Am Koitschgraben);Öl;"k.A. "
2018;11 Prohlis, Reick (mit Sternhäuser, Am Koitschgraben);Strom;"k.A. "
2018;11 Prohlis, Reick (mit Sternhäuser, Am Koitschgraben);sonstige;"k.A. "
2018;12 Niedersedlitz, Leubnitz, Strehlen (ohne Sternhäuser, Am Koitschgraben);Kohle;"0    "
2018;12 Niedersedlitz, Leubnitz, Strehlen (ohne Sternhäuser, Am Koitschgraben);Gas;"85   "
2018;12 Niedersedlitz, Leubnitz, Strehlen (ohne Sternhäuser, Am Koitschgraben);Öl;"8,8  "
2018;12 Niedersedlitz, Leubnitz, Strehlen (ohne Sternhäuser, Am Koitschgraben);Strom;"5,8  "
2018;12 Niedersedlitz, Leubnitz, Strehlen (ohne Sternhäuser, Am Koitschgraben);sonstige;"0,5  "
2018;13 Südvorstadt, Zschertnitz;Kohle;"0    "
2018;13 Südvorstadt, Zschertnitz;Gas;"69,1 "
2018;13 Südvorstadt, Zschertnitz;Öl;"13,1 "
2018;13 Südvorstadt, Zschertnitz;Strom;"15,7 "
2018;13 Südvorstadt, Zschertnitz;sonstige;"2    "
2018;14 Mockritz, Coschütz, Plauen;Kohle;"0    "
2018;14 Mockritz, Coschütz, Plauen;Gas;"85,4 "
2018;14 Mockritz, Coschütz, Plauen;Öl;"7,2  "
2018;14 Mockritz, Coschütz, Plauen;Strom;"7,5  "
2018;14 Mockritz, Coschütz, Plauen;sonstige;"0    "
2018;15 Cotta, Löbtau, Naußlitz, Dölzschen;Kohle;"1,3  "
2018;15 Cotta, Löbtau, Naußlitz, Dölzschen;Gas;"81,4 "
2018;15 Cotta, Löbtau, Naußlitz, Dölzschen;Öl;"4,3  "
2018;15 Cotta, Löbtau, Naußlitz, Dölzschen;Strom;"10,8 "
2018;15 Cotta, Löbtau, Naußlitz, Dölzschen;sonstige;"2,1  "
2018;16 Gorbitz;Kohle;"k.A. "
2018;16 Gorbitz;Gas;"k.A. "
2018;16 Gorbitz;Öl;"k.A. "
2018;16 Gorbitz;Strom;"k.A. "
2018;16 Gorbitz;sonstige;"k.A. "
2018;17 Briesnitz und westliche OS;Kohle;"0    "
2018;17 Briesnitz und westliche OS;Gas;"64,6 "
2018;17 Briesnitz und westliche OS;Öl;"21,9 "
2018;17 Briesnitz und westliche OS;Strom;"7,8  "
2018;17 Briesnitz und westliche OS;sonstige;"5,7  "
2018;18 Dresden gesamt;Kohle;"0,6  "
2018;18 Dresden gesamt;Gas;"74,5 "
2018;18 Dresden gesamt;Öl;"9,4  "
2018;18 Dresden gesamt;Strom;"10,5 "
2018;18 Dresden gesamt;sonstige;"5    "
2020;01 StB Altstadt ohne Johannstadt;Kohle;"6    "
2020;01 StB Altstadt ohne Johannstadt;Gas;"51,7 "
2020;01 StB Altstadt ohne Johannstadt;Öl;"6    "
2020;01 StB Altstadt ohne Johannstadt;Strom;"22,8 "
2020;01 StB Altstadt ohne Johannstadt;sonstige;"13,6 "
2020;02 Johannstadt;Kohle;"k.A. "
2020;02 Johannstadt;Gas;"k.A. "
2020;02 Johannstadt;Öl;"k.A. "
2020;02 Johannstadt;Strom;"k.A. "
2020;02 Johannstadt;sonstige;"k.A. "
2020;03 StB Neustadt ohne Leipziger Vorstadt;Kohle;"3,7  "
2020;03 StB Neustadt ohne Leipziger Vorstadt;Gas;"74,7 "
2020;03 StB Neustadt ohne Leipziger Vorstadt;Öl;"5    "
2020;03 StB Neustadt ohne Leipziger Vorstadt;Strom;"10,3 "
2020;03 StB Neustadt ohne Leipziger Vorstadt;sonstige;"6,3  "
2020;04 Leipziger Vorstadt, Pieschen;Kohle;"1    "
2020;04 Leipziger Vorstadt, Pieschen;Gas;"80,1 "
2020;04 Leipziger Vorstadt, Pieschen;Öl;"4,1  "
2020;04 Leipziger Vorstadt, Pieschen;Strom;"10,7 "
2020;04 Leipziger Vorstadt, Pieschen;sonstige;"4,2  "
2020;05 Mickten, Kaditz, Trachau;Kohle;"0    "
2020;05 Mickten, Kaditz, Trachau;Gas;"80,7 "
2020;05 Mickten, Kaditz, Trachau;Öl;"7,5  "
2020;05 Mickten, Kaditz, Trachau;Strom;"10,1 "
2020;05 Mickten, Kaditz, Trachau;sonstige;"1,8  "
2020;06 StB Klotzsche und nördliche OS;Kohle;"0,7  "
2020;06 StB Klotzsche und nördliche OS;Gas;"63,2 "
2020;06 StB Klotzsche und nördliche OS;Öl;"17,8 "
2020;06 StB Klotzsche und nördliche OS;Strom;"13,2 "
2020;06 StB Klotzsche und nördliche OS;sonstige;"5    "
2020;07 StB Loschwitz und OS Schönfeld-Weißig;Kohle;"0,4  "
2020;07 StB Loschwitz und OS Schönfeld-Weißig;Gas;"70,3 "
2020;07 StB Loschwitz und OS Schönfeld-Weißig;Öl;"12,9 "
2020;07 StB Loschwitz und OS Schönfeld-Weißig;Strom;"14,2 "
2020;07 StB Loschwitz und OS Schönfeld-Weißig;sonstige;"2,2  "
2020;08 Blasewitz, Striesen;Kohle;"1,6  "
2020;08 Blasewitz, Striesen;Gas;"78,7 "
2020;08 Blasewitz, Striesen;Öl;"4,9  "
2020;08 Blasewitz, Striesen;Strom;"7,3  "
2020;08 Blasewitz, Striesen;sonstige;"7,5  "
2020;09 Tolkewitz, Seidnitz, Gruna;Kohle;"0    "
2020;09 Tolkewitz, Seidnitz, Gruna;Gas;"77,3 "
2020;09 Tolkewitz, Seidnitz, Gruna;Öl;"2,8  "
2020;09 Tolkewitz, Seidnitz, Gruna;Strom;"14,9 "
2020;09 Tolkewitz, Seidnitz, Gruna;sonstige;"5    "
2020;10 StB Leuben;Kohle;"0    "
2020;10 StB Leuben;Gas;"86,1 "
2020;10 StB Leuben;Öl;"3,8  "
2020;10 StB Leuben;Strom;"6,7  "
2020;10 StB Leuben;sonstige;"3,4  "
2020;11 Prohlis, Reick (mit Sternhäuser, Am Koitschgraben);Kohle;"k.A. "
2020;11 Prohlis, Reick (mit Sternhäuser, Am Koitschgraben);Gas;"k.A. "
2020;11 Prohlis, Reick (mit Sternhäuser, Am Koitschgraben);Öl;"k.A. "
2020;11 Prohlis, Reick (mit Sternhäuser, Am Koitschgraben);Strom;"k.A. "
2020;11 Prohlis, Reick (mit Sternhäuser, Am Koitschgraben);sonstige;"k.A. "
2020;12 Niedersedlitz, Leubnitz, Strehlen (ohne Sternhäuser, Am Koitschgraben);Kohle;"0    "
2020;12 Niedersedlitz, Leubnitz, Strehlen (ohne Sternhäuser, Am Koitschgraben);Gas;"88,1 "
2020;12 Niedersedlitz, Leubnitz, Strehlen (ohne Sternhäuser, Am Koitschgraben);Öl;"5,1  "
2020;12 Niedersedlitz, Leubnitz, Strehlen (ohne Sternhäuser, Am Koitschgraben);Strom;"4,8  "
2020;12 Niedersedlitz, Leubnitz, Strehlen (ohne Sternhäuser, Am Koitschgraben);sonstige;"1,9  "
2020;13 Südvorstadt, Zschertnitz;Kohle;"1,3  "
2020;13 Südvorstadt, Zschertnitz;Gas;"68,6 "
2020;13 Südvorstadt, Zschertnitz;Öl;"12,9 "
2020;13 Südvorstadt, Zschertnitz;Strom;"5,2  "
2020;13 Südvorstadt, Zschertnitz;sonstige;"12,1 "
2020;14 Mockritz, Coschütz, Plauen;Kohle;"0    "
2020;14 Mockritz, Coschütz, Plauen;Gas;"83,6 "
2020;14 Mockritz, Coschütz, Plauen;Öl;"7,3  "
2020;14 Mockritz, Coschütz, Plauen;Strom;"6,5  "
2020;14 Mockritz, Coschütz, Plauen;sonstige;"2,5  "
2020;15 Cotta, Löbtau, Naußlitz, Dölzschen;Kohle;"0,8  "
2020;15 Cotta, Löbtau, Naußlitz, Dölzschen;Gas;"77,5 "
2020;15 Cotta, Löbtau, Naußlitz, Dölzschen;Öl;"6,4  "
2020;15 Cotta, Löbtau, Naußlitz, Dölzschen;Strom;"11,4 "
2020;15 Cotta, Löbtau, Naußlitz, Dölzschen;sonstige;"4    "
2020;16 Gorbitz;Kohle;"k.A. "
2020;16 Gorbitz;Gas;"k.A. "
2020;16 Gorbitz;Öl;"k.A. "
2020;16 Gorbitz;Strom;"k.A. "
2020;16 Gorbitz;sonstige;"k.A. "
2020;17 Briesnitz und westliche OS;Kohle;"0    "
2020;17 Briesnitz und westliche OS;Gas;"77,1 "
2020;17 Briesnitz und westliche OS;Öl;"10,1 "
2020;17 Briesnitz und westliche OS;Strom;"8,8  "
2020;17 Briesnitz und westliche OS;sonstige;"4    "
2020;18 Dresden gesamt;Kohle;"0,8  "
2020;18 Dresden gesamt;Gas;"76,9 "
2020;18 Dresden gesamt;Öl;"7,7  "
2020;18 Dresden gesamt;Strom;"10,2 "
2020;18 Dresden gesamt;sonstige;"4,3  "
2022;01 StB Altstadt ohne Johannstadt;Kohle;"0    "
2022;01 StB Altstadt ohne Johannstadt;Gas;"68   "
2022;01 StB Altstadt ohne Johannstadt;Öl;"7,4  "
2022;01 StB Altstadt ohne Johannstadt;Strom;"16,9 "
2022;01 StB Altstadt ohne Johannstadt;sonstige;"7,7  "
2022;02 Johannstadt;Kohle;"k.A. "
2022;02 Johannstadt;Gas;"k.A. "
2022;02 Johannstadt;Öl;"k.A. "
2022;02 Johannstadt;Strom;"k.A. "
2022;02 Johannstadt;sonstige;"k.A. "
2022;03 StB Neustadt ohne Leipziger Vorstadt;Kohle;"0    "
2022;03 StB Neustadt ohne Leipziger Vorstadt;Gas;"77,1 "
2022;03 StB Neustadt ohne Leipziger Vorstadt;Öl;"1,2  "
2022;03 StB Neustadt ohne Leipziger Vorstadt;Strom;"10,7 "
2022;03 StB Neustadt ohne Leipziger Vorstadt;sonstige;"11,1 "
2022;04 Leipziger Vorstadt, Pieschen;Kohle;"1,7  "
2022;04 Leipziger Vorstadt, Pieschen;Gas;"77,9 "
2022;04 Leipziger Vorstadt, Pieschen;Öl;"2,7  "
2022;04 Leipziger Vorstadt, Pieschen;Strom;"9,5  "
2022;04 Leipziger Vorstadt, Pieschen;sonstige;"8,2  "
2022;05 Mickten, Kaditz, Trachau;Kohle;"0,5  "
2022;05 Mickten, Kaditz, Trachau;Gas;"84,1 "
2022;05 Mickten, Kaditz, Trachau;Öl;"3,1  "
2022;05 Mickten, Kaditz, Trachau;Strom;"7,2  "
2022;05 Mickten, Kaditz, Trachau;sonstige;"5,1  "
2022;06 StB Klotzsche und nördliche OS;Kohle;"0,7  "
2022;06 StB Klotzsche und nördliche OS;Gas;"70,5 "
2022;06 StB Klotzsche und nördliche OS;Öl;"13,2 "
2022;06 StB Klotzsche und nördliche OS;Strom;"10,4 "
2022;06 StB Klotzsche und nördliche OS;sonstige;"5,3  "
2022;07 StB Loschwitz und OS Schönfeld-Weißig;Kohle;"0,3  "
2022;07 StB Loschwitz und OS Schönfeld-Weißig;Gas;"75,3 "
2022;07 StB Loschwitz und OS Schönfeld-Weißig;Öl;"6,8  "
2022;07 StB Loschwitz und OS Schönfeld-Weißig;Strom;"12,3 "
2022;07 StB Loschwitz und OS Schönfeld-Weißig;sonstige;"5,2  "
2022;08 Blasewitz, Striesen;Kohle;"0,4  "
2022;08 Blasewitz, Striesen;Gas;"88   "
2022;08 Blasewitz, Striesen;Öl;"5,9  "
2022;08 Blasewitz, Striesen;Strom;"4,1  "
2022;08 Blasewitz, Striesen;sonstige;"1,6  "
2022;09 Tolkewitz, Seidnitz, Gruna;Kohle;"0    "
2022;09 Tolkewitz, Seidnitz, Gruna;Gas;"89,5 "
2022;09 Tolkewitz, Seidnitz, Gruna;Öl;"5,2  "
2022;09 Tolkewitz, Seidnitz, Gruna;Strom;"4,2  "
2022;09 Tolkewitz, Seidnitz, Gruna;sonstige;"1    "
2022;10 StB Leuben;Kohle;"0    "
2022;10 StB Leuben;Gas;"97,1 "
2022;10 StB Leuben;Öl;"0    "
2022;10 StB Leuben;Strom;"1,4  "
2022;10 StB Leuben;sonstige;"1,5  "
2022;11 Prohlis, Reick (mit Sternhäuser, Am Koitschgraben);Kohle;"0    "
2022;11 Prohlis, Reick (mit Sternhäuser, Am Koitschgraben);Gas;"96,9 "
2022;11 Prohlis, Reick (mit Sternhäuser, Am Koitschgraben);Öl;"0    "
2022;11 Prohlis, Reick (mit Sternhäuser, Am Koitschgraben);Strom;"3,1  "
2022;11 Prohlis, Reick (mit Sternhäuser, Am Koitschgraben);sonstige;"0    "
2022;12 Niedersedlitz, Leubnitz, Strehlen (ohne Sternhäuser, Am Koitschgraben);Kohle;"0,6  "
2022;12 Niedersedlitz, Leubnitz, Strehlen (ohne Sternhäuser, Am Koitschgraben);Gas;"89   "
2022;12 Niedersedlitz, Leubnitz, Strehlen (ohne Sternhäuser, Am Koitschgraben);Öl;"2,3  "
2022;12 Niedersedlitz, Leubnitz, Strehlen (ohne Sternhäuser, Am Koitschgraben);Strom;"4,8  "
2022;12 Niedersedlitz, Leubnitz, Strehlen (ohne Sternhäuser, Am Koitschgraben);sonstige;"3,3  "
2022;13 Südvorstadt, Zschertnitz;Kohle;"2,7  "
2022;13 Südvorstadt, Zschertnitz;Gas;"72,5 "
2022;13 Südvorstadt, Zschertnitz;Öl;"2,1  "
2022;13 Südvorstadt, Zschertnitz;Strom;"13,2 "
2022;13 Südvorstadt, Zschertnitz;sonstige;"9,4  "
2022;14 Mockritz, Coschütz, Plauen;Kohle;"0    "
2022;14 Mockritz, Coschütz, Plauen;Gas;"85,2 "
2022;14 Mockritz, Coschütz, Plauen;Öl;"3,2  "
2022;14 Mockritz, Coschütz, Plauen;Strom;"8    "
2022;14 Mockritz, Coschütz, Plauen;sonstige;"3,7  "
2022;15 Cotta, Löbtau, Naußlitz, Dölzschen;Kohle;"3,1  "
2022;15 Cotta, Löbtau, Naußlitz, Dölzschen;Gas;"86,5 "
2022;15 Cotta, Löbtau, Naußlitz, Dölzschen;Öl;"1    "
2022;15 Cotta, Löbtau, Naußlitz, Dölzschen;Strom;"7,2  "
2022;15 Cotta, Löbtau, Naußlitz, Dölzschen;sonstige;"2,2  "
2022;16 Gorbitz;Kohle;"k.A. "
2022;16 Gorbitz;Gas;"k.A. "
2022;16 Gorbitz;Öl;"k.A. "
2022;16 Gorbitz;Strom;"k.A. "
2022;16 Gorbitz;sonstige;"k.A. "
2022;17 Briesnitz und westliche OS;Kohle;"0,4  "
2022;17 Briesnitz und westliche OS;Gas;"68,8 "
2022;17 Briesnitz und westliche OS;Öl;"8,6  "
2022;17 Briesnitz und westliche OS;Strom;"14,4 "
2022;17 Briesnitz und westliche OS;sonstige;"7,7  "
2022;18 Dresden gesamt;Kohle;"0,8  "
2022;18 Dresden gesamt;Gas;"81,1 "
2022;18 Dresden gesamt;Öl;"4,6  "
2022;18 Dresden gesamt;Strom;"8,6  "
2022;18 Dresden gesamt;sonstige;"4,9  "
2024;01 StB Altstadt ohne Johannstadt;Kohle;"0,9  "
2024;01 StB Altstadt ohne Johannstadt;Gas;"78,2 "
2024;01 StB Altstadt ohne Johannstadt;Öl;"1,7  "
2024;01 StB Altstadt ohne Johannstadt;Strom;"16,2 "
2024;01 StB Altstadt ohne Johannstadt;sonstige;"3    "
2024;02 Johannstadt;Kohle;"2    "
2024;02 Johannstadt;Gas;"78,9 "
2024;02 Johannstadt;Öl;"0    "
2024;02 Johannstadt;Strom;"16,9 "
2024;02 Johannstadt;sonstige;"2,2  "
2024;03 StB Neustadt ohne Leipziger Vorstadt;Kohle;"2    "
2024;03 StB Neustadt ohne Leipziger Vorstadt;Gas;"82   "
2024;03 StB Neustadt ohne Leipziger Vorstadt;Öl;"2,3  "
2024;03 StB Neustadt ohne Leipziger Vorstadt;Strom;"11,7 "
2024;03 StB Neustadt ohne Leipziger Vorstadt;sonstige;"2    "
2024;04 Leipziger Vorstadt, Pieschen;Kohle;"0    "
2024;04 Leipziger Vorstadt, Pieschen;Gas;"82,3 "
2024;04 Leipziger Vorstadt, Pieschen;Öl;"1,6  "
2024;04 Leipziger Vorstadt, Pieschen;Strom;"7,4  "
2024;04 Leipziger Vorstadt, Pieschen;sonstige;"8,7  "
2024;05 Mickten, Kaditz, Trachau;Kohle;"1,2  "
2024;05 Mickten, Kaditz, Trachau;Gas;"84,7 "
2024;05 Mickten, Kaditz, Trachau;Öl;"5,1  "
2024;05 Mickten, Kaditz, Trachau;Strom;"8,2  "
2024;05 Mickten, Kaditz, Trachau;sonstige;"0,9  "
2024;06 StB Klotzsche und nördliche OS;Kohle;"0    "
2024;06 StB Klotzsche und nördliche OS;Gas;"73   "
2024;06 StB Klotzsche und nördliche OS;Öl;"5,5  "
2024;06 StB Klotzsche und nördliche OS;Strom;"18,3 "
2024;06 StB Klotzsche und nördliche OS;sonstige;"3,2  "
2024;07 StB Loschwitz und OS Schönfeld-Weißig;Kohle;"0    "
2024;07 StB Loschwitz und OS Schönfeld-Weißig;Gas;"78,7 "
2024;07 StB Loschwitz und OS Schönfeld-Weißig;Öl;"10   "
2024;07 StB Loschwitz und OS Schönfeld-Weißig;Strom;"6,9  "
2024;07 StB Loschwitz und OS Schönfeld-Weißig;sonstige;"4,4  "
2024;08 Blasewitz, Striesen;Kohle;"0    "
2024;08 Blasewitz, Striesen;Gas;"90,1 "
2024;08 Blasewitz, Striesen;Öl;"1,5  "
2024;08 Blasewitz, Striesen;Strom;"6,8  "
2024;08 Blasewitz, Striesen;sonstige;"1,5  "
2024;09 Tolkewitz, Seidnitz, Gruna;Kohle;"0    "
2024;09 Tolkewitz, Seidnitz, Gruna;Gas;"91   "
2024;09 Tolkewitz, Seidnitz, Gruna;Öl;"2,3  "
2024;09 Tolkewitz, Seidnitz, Gruna;Strom;"4,2  "
2024;09 Tolkewitz, Seidnitz, Gruna;sonstige;"2,6  "
2024;10 StB Leuben;Kohle;"0    "
2024;10 StB Leuben;Gas;"91,9 "
2024;10 StB Leuben;Öl;"1,3  "
2024;10 StB Leuben;Strom;"4    "
2024;10 StB Leuben;sonstige;"2,8  "
2024;11 Prohlis, Reick (mit Sternhäuser, Am Koitschgraben);Kohle;"k.A. "
2024;11 Prohlis, Reick (mit Sternhäuser, Am Koitschgraben);Gas;"k.A. "
2024;11 Prohlis, Reick (mit Sternhäuser, Am Koitschgraben);Öl;"k.A. "
2024;11 Prohlis, Reick (mit Sternhäuser, Am Koitschgraben);Strom;"k.A. "
2024;11 Prohlis, Reick (mit Sternhäuser, Am Koitschgraben);sonstige;"k.A. "
2024;12 Niedersedlitz, Leubnitz, Strehlen (ohne Sternhäuser, Am Koitschgraben);Kohle;"0    "
2024;12 Niedersedlitz, Leubnitz, Strehlen (ohne Sternhäuser, Am Koitschgraben);Gas;"84,8 "
2024;12 Niedersedlitz, Leubnitz, Strehlen (ohne Sternhäuser, Am Koitschgraben);Öl;"4,9  "
2024;12 Niedersedlitz, Leubnitz, Strehlen (ohne Sternhäuser, Am Koitschgraben);Strom;"8,3  "
2024;12 Niedersedlitz, Leubnitz, Strehlen (ohne Sternhäuser, Am Koitschgraben);sonstige;"2    "
2024;13 Südvorstadt, Zschertnitz;Kohle;"0    "
2024;13 Südvorstadt, Zschertnitz;Gas;"75,7 "
2024;13 Südvorstadt, Zschertnitz;Öl;"3,5  "
2024;13 Südvorstadt, Zschertnitz;Strom;"19,9 "
2024;13 Südvorstadt, Zschertnitz;sonstige;"0,9  "
2024;14 Mockritz, Coschütz, Plauen;Kohle;"0    "
2024;14 Mockritz, Coschütz, Plauen;Gas;"84,4 "
2024;14 Mockritz, Coschütz, Plauen;Öl;"3,1  "
2024;14 Mockritz, Coschütz, Plauen;Strom;"9,4  "
2024;14 Mockritz, Coschütz, Plauen;sonstige;"3,1  "
2024;15 Cotta, Löbtau, Naußlitz, Dölzschen;Kohle;"0    "
2024;15 Cotta, Löbtau, Naußlitz, Dölzschen;Gas;"89,7 "
2024;15 Cotta, Löbtau, Naußlitz, Dölzschen;Öl;"4    "
2024;15 Cotta, Löbtau, Naußlitz, Dölzschen;Strom;"6,2  "
2024;15 Cotta, Löbtau, Naußlitz, Dölzschen;sonstige;"0,2  "
2024;16 Gorbitz;Kohle;"k.A. "
2024;16 Gorbitz;Gas;"k.A. "
2024;16 Gorbitz;Öl;"k.A. "
2024;16 Gorbitz;Strom;"k.A. "
2024;16 Gorbitz;sonstige;"k.A. "
2024;17 Briesnitz und westliche OS;Kohle;"0,8  "
2024;17 Briesnitz und westliche OS;Gas;"74   "
2024;17 Briesnitz und westliche OS;Öl;"6,9  "
2024;17 Briesnitz und westliche OS;Strom;"15,7 "
2024;17 Briesnitz und westliche OS;sonstige;"2,6  "
2024;18 Dresden gesamt;Kohle;"0,3  "
2024;18 Dresden gesamt;Gas;"83,2 "
2024;18 Dresden gesamt;Öl;"4    "
2024;18 Dresden gesamt;Strom;"9,5  "
2024;18 Dresden gesamt;sonstige;"3    "
