Jahr;Stadtraum;Anteil Wohnungen mit Bad;Anteil Wohnungen mit IWC;Anteil Wohnungen mit Balkon o.ä.
1993;01 StB Altstadt ohne Johannstadt;73,7;94,1;61,1
1993;02 Johannstadt;89;95,9;75,5
1993;03 StB Neustadt ohne Leipziger Vorstadt;64,3;64,4;39,9
1993;04 Leipziger Vorstadt, Pieschen;54,5;64,4;22,2
1993;05 Mickten, Kaditz, Trachau;69,3;81,7;46,2
1993;06 StB Klotzsche und nördliche OS;91,7;94;55,7
1993;07 StB Loschwitz und OS Schönfeld-Weißig;83,5;88,9;52,7
1993;08 Blasewitz, Striesen;82,7;85,7;51,9
1993;09 Tolkewitz, Seidnitz, Gruna;90,4;95,2;65
1993;10 StB Leuben;83,6;88,4;58,3
1993;11 Prohlis, Reick (mit Sternhäuser, Am Koitschgraben);93,2;96,8;67,4
1993;12 Niedersedlitz, Leubnitz, Strehlen (ohne Sternhäuser, Am Koitschgraben);80;88,9;46,9
1993;13 Südvorstadt, Zschertnitz;88,7;95,6;62
1993;14 Mockritz, Coschütz, Plauen;78,6;84,4;49,6
1993;15 Cotta, Löbtau, Naußlitz, Dölzschen;50,7;63,3;37,6
1993;16 Gorbitz;95,5;96,7;80,6
1993;17 Briesnitz und westliche OS;73,7;73,8;22,1
1993;18 Dresden gesamt;79,6;86,3;55
1995;01 StB Altstadt ohne Johannstadt;85,3;96,9;56,3
1995;02 Johannstadt;90,6;91,8;68,4
1995;03 StB Neustadt ohne Leipziger Vorstadt;71,9;80,3;33,8
1995;04 Leipziger Vorstadt, Pieschen;58,9;66,7;25,6
1995;05 Mickten, Kaditz, Trachau;74,7;86,8;46,2
1995;06 StB Klotzsche und nördliche OS;82,6;86,3;50,7
1995;07 StB Loschwitz und OS Schönfeld-Weißig;76,8;86,3;48,6
1995;08 Blasewitz, Striesen;81,5;83,5;55,3
1995;09 Tolkewitz, Seidnitz, Gruna;89,3;96,3;71,9
1995;10 StB Leuben;89;94,5;58,3
1995;11 Prohlis, Reick (mit Sternhäuser, Am Koitschgraben);98,4;96;62,4
1995;12 Niedersedlitz, Leubnitz, Strehlen (ohne Sternhäuser, Am Koitschgraben);79,3;88,3;51,6
1995;13 Südvorstadt, Zschertnitz;93,7;95,7;66,5
1995;14 Mockritz, Coschütz, Plauen;88,1;89,6;56,8
1995;15 Cotta, Löbtau, Naußlitz, Dölzschen;60,6;72,4;37,2
1995;16 Gorbitz;96,4;97,8;78,3
1995;17 Briesnitz und westliche OS;76,3;86,1;22,3
1995;18 Dresden gesamt;82,7;88,5;54,6
1996;01 StB Altstadt ohne Johannstadt;94,4;95,7;72,3
1996;02 Johannstadt;96,4;92,3;63,1
1996;03 StB Neustadt ohne Leipziger Vorstadt;85,5;84,5;40,9
1996;04 Leipziger Vorstadt, Pieschen;72,7;83,3;40,5
1996;05 Mickten, Kaditz, Trachau;80,4;86,4;51,3
1996;06 StB Klotzsche und nördliche OS;94,3;95,4;47,3
1996;07 StB Loschwitz und OS Schönfeld-Weißig;82,5;92,7;54,9
1996;08 Blasewitz, Striesen;94;94,7;66,3
1996;09 Tolkewitz, Seidnitz, Gruna;94,9;95,3;77,5
1996;10 StB Leuben;94,2;95,5;67,1
1996;11 Prohlis, Reick (mit Sternhäuser, Am Koitschgraben);99,2;98,8;64
1996;12 Niedersedlitz, Leubnitz, Strehlen (ohne Sternhäuser, Am Koitschgraben);94,6;93,4;62,4
1996;13 Südvorstadt, Zschertnitz;96,3;95,4;68,8
1996;14 Mockritz, Coschütz, Plauen;94,9;93,7;65,5
1996;15 Cotta, Löbtau, Naußlitz, Dölzschen;79,3;87,1;39,6
1996;16 Gorbitz;98,6;98,1;76,6
1996;17 Briesnitz und westliche OS;79,5;90,9;34,3
1996;18 Dresden gesamt;91,1;92,9;60,7
1998;01 StB Altstadt ohne Johannstadt;97;92,7;61,7
1998;02 Johannstadt;99,2;97,4;69,5
1998;03 StB Neustadt ohne Leipziger Vorstadt;95,3;92,7;44
1998;04 Leipziger Vorstadt, Pieschen;83,8;89,8;42,8
1998;05 Mickten, Kaditz, Trachau;93,5;94,9;62,6
1998;06 StB Klotzsche und nördliche OS;93,6;96;64,2
1998;07 StB Loschwitz und OS Schönfeld-Weißig;93,3;92,2;63,8
1998;08 Blasewitz, Striesen;94,2;93,5;68,8
1998;09 Tolkewitz, Seidnitz, Gruna;98,7;99,2;74,8
1998;10 StB Leuben;96,5;95;63,4
1998;11 Prohlis, Reick (mit Sternhäuser, Am Koitschgraben);98,5;97,9;71,7
1998;12 Niedersedlitz, Leubnitz, Strehlen (ohne Sternhäuser, Am Koitschgraben);95,7;97,2;64,1
1998;13 Südvorstadt, Zschertnitz;97;95,9;68,5
1998;14 Mockritz, Coschütz, Plauen;91,5;94;61,5
1998;15 Cotta, Löbtau, Naußlitz, Dölzschen;88,4;91,1;49
1998;16 Gorbitz;99,5;96,7;75,4
1998;17 Briesnitz und westliche OS;89,5;91,9;44,9
1998;18 Dresden gesamt;94,7;94,7;62,4
2002;01 StB Altstadt ohne Johannstadt;92,2;94,1;60,2
2002;02 Johannstadt;98;95,6;76,6
2002;03 StB Neustadt ohne Leipziger Vorstadt;94,9;91;49,1
2002;04 Leipziger Vorstadt, Pieschen;90,7;88;59,8
2002;05 Mickten, Kaditz, Trachau;94,3;95,8;64,7
2002;06 StB Klotzsche und nördliche OS;96,1;98,6;71,1
2002;07 StB Loschwitz und OS Schönfeld-Weißig;94,1;94,7;70,5
2002;08 Blasewitz, Striesen;96,5;97,2;72,2
2002;09 Tolkewitz, Seidnitz, Gruna;98,4;96,2;82,6
2002;10 StB Leuben;95,1;98,4;70,8
2002;11 Prohlis, Reick (mit Sternhäuser, Am Koitschgraben);97,8;92,6;73
2002;12 Niedersedlitz, Leubnitz, Strehlen (ohne Sternhäuser, Am Koitschgraben);97,4;99,2;68,8
2002;13 Südvorstadt, Zschertnitz;95,5;95,9;75,2
2002;14 Mockritz, Coschütz, Plauen;96,5;93,9;71,6
2002;15 Cotta, Löbtau, Naußlitz, Dölzschen;93,3;94,5;60,1
2002;16 Gorbitz;98,6;96,9;75,4
2002;17 Briesnitz und westliche OS;94,1;95,1;57,7
2002;18 Dresden gesamt;95,5;95,3;68,5
2005;01 StB Altstadt ohne Johannstadt;99,3;100;74,5
2005;02 Johannstadt;100;99,3;77,8
2005;03 StB Neustadt ohne Leipziger Vorstadt;97,9;99;54,1
2005;04 Leipziger Vorstadt, Pieschen;97;98,1;50,7
2005;05 Mickten, Kaditz, Trachau;99,2;100;65,5
2005;06 StB Klotzsche und nördliche OS;98,7;96,8;81,8
2005;07 StB Loschwitz und OS Schönfeld-Weißig;97,1;95,5;74
2005;08 Blasewitz, Striesen;99;99,8;80,5
2005;09 Tolkewitz, Seidnitz, Gruna;99;100;89
2005;10 StB Leuben;99,2;99,7;78,7
2005;11 Prohlis, Reick (mit Sternhäuser, Am Koitschgraben);99,4;100;77,8
2005;12 Niedersedlitz, Leubnitz, Strehlen (ohne Sternhäuser, Am Koitschgraben);99,8;100;79,4
2005;13 Südvorstadt, Zschertnitz;99,1;100;76,8
2005;14 Mockritz, Coschütz, Plauen;99,7;99,7;81,1
2005;15 Cotta, Löbtau, Naußlitz, Dölzschen;98,2;99,3;63,8
2005;16 Gorbitz;98,7;100;83,2
2005;17 Briesnitz und westliche OS;97,8;96,6;70,3
2005;18 Dresden gesamt;98,8;99,1;75
2007;01 StB Altstadt ohne Johannstadt;98,3;99,7;72,2
2007;02 Johannstadt;99,1;100;89,2
2007;03 StB Neustadt ohne Leipziger Vorstadt;96,4;97,9;62,6
2007;04 Leipziger Vorstadt, Pieschen;97,6;98,5;58
2007;05 Mickten, Kaditz, Trachau;99,2;99,8;68,9
2007;06 StB Klotzsche und nördliche OS;98,2;99,3;73
2007;07 StB Loschwitz und OS Schönfeld-Weißig;99,5;97,9;82,8
2007;08 Blasewitz, Striesen;99,7;99,8;77,7
2007;09 Tolkewitz, Seidnitz, Gruna;99,9;99,6;84,2
2007;10 StB Leuben;99,9;98,8;84,2
2007;11 Prohlis, Reick (mit Sternhäuser, Am Koitschgraben);99,6;98,9;78,2
2007;12 Niedersedlitz, Leubnitz, Strehlen (ohne Sternhäuser, Am Koitschgraben);99,7;99,8;73,3
2007;13 Südvorstadt, Zschertnitz;98,6;99,4;70,2
2007;14 Mockritz, Coschütz, Plauen;98,6;99;78,5
2007;15 Cotta, Löbtau, Naußlitz, Dölzschen;97,3;98,4;66,2
2007;16 Gorbitz;99,3;99,5;79,6
2007;17 Briesnitz und westliche OS;99,2;97,5;71,5
2007;18 Dresden gesamt;98,8;99,1;74,4
2010;01 StB Altstadt ohne Johannstadt;100;100;73,6
2010;02 Johannstadt;97,1;100;83,9
2010;03 StB Neustadt ohne Leipziger Vorstadt;98,8;99,5;70,6
2010;04 Leipziger Vorstadt, Pieschen;100;98,6;57,8
2010;05 Mickten, Kaditz, Trachau;99,7;100;73,8
2010;06 StB Klotzsche und nördliche OS;97,1;100;72,8
2010;07 StB Loschwitz und OS Schönfeld-Weißig;100;98,2;87,4
2010;08 Blasewitz, Striesen;98,4;98,8;75
2010;09 Tolkewitz, Seidnitz, Gruna;100;100;87,7
2010;10 StB Leuben;100;100;81,7
2010;11 Prohlis, Reick (mit Sternhäuser, Am Koitschgraben);100;97,7;84,4
2010;12 Niedersedlitz, Leubnitz, Strehlen (ohne Sternhäuser, Am Koitschgraben);97,9;100;78,8
2010;13 Südvorstadt, Zschertnitz;100;99,6;76,5
2010;14 Mockritz, Coschütz, Plauen;97;97;80,1
2010;15 Cotta, Löbtau, Naußlitz, Dölzschen;100;99,2;78,5
2010;16 Gorbitz;100;100;93,6
2010;17 Briesnitz und westliche OS;99,3;99,4;80,5
2010;18 Dresden gesamt;99,2;99,3;77,8
2012;01 StB Altstadt ohne Johannstadt;98,6;100;75,7
2012;02 Johannstadt;100;99,3;88,3
2012;03 StB Neustadt ohne Leipziger Vorstadt;97,9;98,7;65,1
2012;04 Leipziger Vorstadt, Pieschen;100;100;48,5
2012;05 Mickten, Kaditz, Trachau;100;98,7;65,2
2012;06 StB Klotzsche und nördliche OS;98,5;99,7;79,6
2012;07 StB Loschwitz und OS Schönfeld-Weißig;99,1;97;77,7
2012;08 Blasewitz, Striesen;98,2;99,6;80,8
2012;09 Tolkewitz, Seidnitz, Gruna;100;99,7;87,8
2012;10 StB Leuben;99,7;99,5;89,1
2012;11 Prohlis, Reick (mit Sternhäuser, Am Koitschgraben);100;100;82
2012;12 Niedersedlitz, Leubnitz, Strehlen (ohne Sternhäuser, Am Koitschgraben);97,9;96,9;78,6
2012;13 Südvorstadt, Zschertnitz;99,7;99,3;71,7
2012;14 Mockritz, Coschütz, Plauen;99,4;99;79,2
2012;15 Cotta, Löbtau, Naußlitz, Dölzschen;100;99,1;53,2
2012;16 Gorbitz;99,2;97,3;87,7
2012;17 Briesnitz und westliche OS;100;99,5;73,1
2012;18 Dresden gesamt;99,2;99,1;74,7
2014;01 StB Altstadt ohne Johannstadt;100;97,5;67,2
2014;02 Johannstadt;100;100;84,4
2014;03 StB Neustadt ohne Leipziger Vorstadt;100;97,5;66,2
2014;04 Leipziger Vorstadt, Pieschen;99,7;97,7;65,3
2014;05 Mickten, Kaditz, Trachau;100;99,5;75,9
2014;06 StB Klotzsche und nördliche OS;98,5;98,2;77,7
2014;07 StB Loschwitz und OS Schönfeld-Weißig;100;99,3;90,7
2014;08 Blasewitz, Striesen;98,2;99,6;83,4
2014;09 Tolkewitz, Seidnitz, Gruna;100;100;87,9
2014;10 StB Leuben;98,7;100;85,9
2014;11 Prohlis, Reick (mit Sternhäuser, Am Koitschgraben);98,8;100;84,4
2014;12 Niedersedlitz, Leubnitz, Strehlen (ohne Sternhäuser, Am Koitschgraben);99,5;100;81,6
2014;13 Südvorstadt, Zschertnitz;100;97,5;77,2
2014;14 Mockritz, Coschütz, Plauen;100;100;83,3
2014;15 Cotta, Löbtau, Naußlitz, Dölzschen;98,9;98;61,2
2014;16 Gorbitz;97,1;100;89
2014;17 Briesnitz und westliche OS;100;100;72,2
2014;18 Dresden gesamt;99,4;99;77,3
2016;01 StB Altstadt ohne Johannstadt;96,2;93,9;75,3
2016;02 Johannstadt;96,9;96,7;86,3
2016;03 StB Neustadt ohne Leipziger Vorstadt;100;99,5;59,9
2016;04 Leipziger Vorstadt, Pieschen;98,9;98,1;58,8
2016;05 Mickten, Kaditz, Trachau;98,1;98,8;66,9
2016;06 StB Klotzsche und nördliche OS;99,5;97,1;70
2016;07 StB Loschwitz und OS Schönfeld-Weißig;100;100;76,7
2016;08 Blasewitz, Striesen;99,3;98,6;79,4
2016;09 Tolkewitz, Seidnitz, Gruna;97,9;100;84,2
2016;10 StB Leuben;99,2;97,6;82,5
2016;11 Prohlis, Reick (mit Sternhäuser, Am Koitschgraben);98;97,8;82,2
2016;12 Niedersedlitz, Leubnitz, Strehlen (ohne Sternhäuser, Am Koitschgraben);97,8;98,5;72,8
2016;13 Südvorstadt, Zschertnitz;97,6;100;84,4
2016;14 Mockritz, Coschütz, Plauen;100;99;76,6
2016;15 Cotta, Löbtau, Naußlitz, Dölzschen;97,1;99,1;66,6
2016;16 Gorbitz;100;100;85
2016;17 Briesnitz und westliche OS;99,3;98,4;71,2
2016;18 Dresden gesamt;98,5;98,4;73,9
2018;01 StB Altstadt ohne Johannstadt;100;96,9;77,8
2018;02 Johannstadt;98,5;97,7;85,3
2018;03 StB Neustadt ohne Leipziger Vorstadt;97,3;95,4;68,8
2018;04 Leipziger Vorstadt, Pieschen;97,6;94,9;64,9
2018;05 Mickten, Kaditz, Trachau;96,6;99,4;72,4
2018;06 StB Klotzsche und nördliche OS;100;94,8;83,2
2018;07 StB Loschwitz und OS Schönfeld-Weißig;100;96,7;80,8
2018;08 Blasewitz, Striesen;99,8;98,3;74,7
2018;09 Tolkewitz, Seidnitz, Gruna;100;99,1;87,6
2018;10 StB Leuben;100;98,7;81,5
2018;11 Prohlis, Reick (mit Sternhäuser, Am Koitschgraben);96;98;83,8
2018;12 Niedersedlitz, Leubnitz, Strehlen (ohne Sternhäuser, Am Koitschgraben);99,2;98,6;76,5
2018;13 Südvorstadt, Zschertnitz;99;100;79,4
2018;14 Mockritz, Coschütz, Plauen;100;100;84,8
2018;15 Cotta, Löbtau, Naußlitz, Dölzschen;100;99,6;68,3
2018;16 Gorbitz;100;98,9;85,3
2018;17 Briesnitz und westliche OS;96,5;98,6;67,6
2018;18 Dresden gesamt;99;97,9;76,9
2020;01 StB Altstadt ohne Johannstadt;99;100;80
2020;02 Johannstadt;97;96;91
2020;03 StB Neustadt ohne Leipziger Vorstadt;98;93;67
2020;04 Leipziger Vorstadt, Pieschen;100;97;57
2020;05 Mickten, Kaditz, Trachau;99;100;81
2020;06 StB Klotzsche und nördliche OS;100;98;85
2020;07 StB Loschwitz und OS Schönfeld-Weißig;98;96;84
2020;08 Blasewitz, Striesen;100;99;78
2020;09 Tolkewitz, Seidnitz, Gruna;97;100;87
2020;10 StB Leuben;100;99;82
2020;11 Prohlis, Reick (mit Sternhäuser, Am Koitschgraben);99;99;93
2020;12 Niedersedlitz, Leubnitz, Strehlen (ohne Sternhäuser, Am Koitschgraben);98;95;80
2020;13 Südvorstadt, Zschertnitz;99;97;76
2020;14 Mockritz, Coschütz, Plauen;98;97;80
2020;15 Cotta, Löbtau, Naußlitz, Dölzschen;100;98;63
2020;16 Gorbitz;97;99;81
2020;17 Briesnitz und westliche OS;100;96;82
2020;18 Dresden gesamt;99;98;78
2022;01 StB Altstadt ohne Johannstadt;0;0;81,4
2022;02 Johannstadt;0;0;90,6
2022;03 StB Neustadt ohne Leipziger Vorstadt;0;0;65,1
2022;04 Leipziger Vorstadt, Pieschen;0;0;49,8
2022;05 Mickten, Kaditz, Trachau;0;0;83,2
2022;06 StB Klotzsche und nördliche OS;0;0;77,1
2022;07 StB Loschwitz und OS Schönfeld-Weißig;0;0;81,4
2022;08 Blasewitz, Striesen;0;0;82,1
2022;09 Tolkewitz, Seidnitz, Gruna;0;0;88,5
2022;10 StB Leuben;0;0;86,4
2022;11 Prohlis, Reick (mit Sternhäuser, Am Koitschgraben);0;0;90
2022;12 Niedersedlitz, Leubnitz, Strehlen (ohne Sternhäuser, Am Koitschgraben);0;0;82,8
2022;13 Südvorstadt, Zschertnitz;0;0;80,1
2022;14 Mockritz, Coschütz, Plauen;0;0;76,4
2022;15 Cotta, Löbtau, Naußlitz, Dölzschen;0;0;62,9
2022;16 Gorbitz;0;0;81,1
2022;17 Briesnitz und westliche OS;0;0;76,9
2022;18 Dresden gesamt;0;0;77,5
2024;01 StB Altstadt ohne Johannstadt;0;0;73
2024;02 Johannstadt;0;0;91,7
2024;03 StB Neustadt ohne Leipziger Vorstadt;0;0;68
2024;04 Leipziger Vorstadt, Pieschen;0;0;61,1
2024;05 Mickten, Kaditz, Trachau;0;0;82,1
2024;06 StB Klotzsche und nördliche OS;0;0;67,4
2024;07 StB Loschwitz und OS Schönfeld-Weißig;0;0;88,1
2024;08 Blasewitz, Striesen;0;0;84
2024;09 Tolkewitz, Seidnitz, Gruna;0;0;89,6
2024;10 StB Leuben;0;0;82
2024;11 Prohlis, Reick (mit Sternhäuser, Am Koitschgraben);0;0;86,3
2024;12 Niedersedlitz, Leubnitz, Strehlen (ohne Sternhäuser, Am Koitschgraben);0;0;71,9
2024;13 Südvorstadt, Zschertnitz;0;0;76,7
2024;14 Mockritz, Coschütz, Plauen;0;0;78,4
2024;15 Cotta, Löbtau, Naußlitz, Dölzschen;0;0;63,4
2024;16 Gorbitz;0;0;92,1
2024;17 Briesnitz und westliche OS;0;0;80,7
2024;18 Dresden gesamt;0;0;77,2
