Jahr;Stadtraum;Einkommen-Haushalt (Äquivalenz-);Anteil Haushalte mit relativ geringem Einkommen - arm;Anteil Haushalte mit mittlerem Einkommen;Anteil Haushalte mit relativ hohem Einkommen - reich
1993;01 StB Altstadt ohne Johannstadt;894,8;11,3;85,2;3,5
1993;02 Johannstadt;937,4;7,7;86,9;5,4
1993;03 StB Neustadt ohne Leipziger Vorstadt;766,9;23,7;75,9;0,4
1993;04 Leipziger Vorstadt, Pieschen;721,9;19,6;78,2;2,2
1993;05 Mickten, Kaditz, Trachau;791,3;16,1;81,5;2,5
1993;06 StB Klotzsche und nördliche OS;847,8;14,3;80,2;5,5
1993;07 StB Loschwitz und OS Schönfeld-Weißig;937,4;15,7;78,3;6
1993;08 Blasewitz, Striesen;913;12,9;82;5
1993;09 Tolkewitz, Seidnitz, Gruna;894,8;15,4;79,9;4,8
1993;10 StB Leuben;894,8;11,1;86,6;2,3
1993;11 Prohlis, Reick (mit Sternhäuser, Am Koitschgraben);894,8;13,6;83,7;2,6
1993;12 Niedersedlitz, Leubnitz, Strehlen (ohne Sternhäuser, Am Koitschgraben);931,1;9,8;85;5,1
1993;13 Südvorstadt, Zschertnitz;894,8;19,4;77,2;3,4
1993;14 Mockritz, Coschütz, Plauen;889,2;14,2;79,8;6,1
1993;15 Cotta, Löbtau, Naußlitz, Dölzschen;781,1;17,5;78,1;4,4
1993;16 Gorbitz;894,8;7,6;90,8;1,6
1993;17 Briesnitz und westliche OS;749;11,8;86,7;1,5
1993;18 Dresden gesamt;894,8;14,1;82,3;3,6
1995;01 StB Altstadt ohne Johannstadt;937,4;11,1;85,4;3,5
1995;02 Johannstadt;937,4;8,6;88,7;2,6
1995;03 StB Neustadt ohne Leipziger Vorstadt;818,1;21,7;75,5;2,8
1995;04 Leipziger Vorstadt, Pieschen;786,6;25,1;73,2;1,6
1995;05 Mickten, Kaditz, Trachau;937,4;11,5;85,2;3,3
1995;06 StB Klotzsche und nördliche OS;818,1;14,4;78;7,6
1995;07 StB Loschwitz und OS Schönfeld-Weißig;937,4;7,6;86,7;5,7
1995;08 Blasewitz, Striesen;907,9;8,5;88,7;2,8
1995;09 Tolkewitz, Seidnitz, Gruna;916,4;9,3;87,4;3,3
1995;10 StB Leuben;937,4;10,2;84,5;5,3
1995;11 Prohlis, Reick (mit Sternhäuser, Am Koitschgraben);937,4;9,2;87,2;3,5
1995;12 Niedersedlitz, Leubnitz, Strehlen (ohne Sternhäuser, Am Koitschgraben);937,4;14,9;80,1;5
1995;13 Südvorstadt, Zschertnitz;818,1;21,9;74,2;3,9
1995;14 Mockritz, Coschütz, Plauen;937,4;7,3;84;8,7
1995;15 Cotta, Löbtau, Naußlitz, Dölzschen;818,1;7,7;89,1;3,2
1995;16 Gorbitz;917,2;9,8;89,1;1,1
1995;17 Briesnitz und westliche OS;937,4;8,2;86,3;5,6
1995;18 Dresden gesamt;920,3;12,3;83,9;3,8
1996;01 StB Altstadt ohne Johannstadt;1101,6;6,9;91,4;1,7
1996;02 Johannstadt;1110,7;8,7;87,1;4,2
1996;03 StB Neustadt ohne Leipziger Vorstadt;1026,5;10,7;87,5;1,8
1996;04 Leipziger Vorstadt, Pieschen;1010,7;14,3;85,3;0,4
1996;05 Mickten, Kaditz, Trachau;1028,9;9,7;86,5;3,8
1996;06 StB Klotzsche und nördliche OS;978,5;8;89,3;2,6
1996;07 StB Loschwitz und OS Schönfeld-Weißig;998,8;9,6;84,1;6,4
1996;08 Blasewitz, Striesen;1154,3;8,3;85,4;6,4
1996;09 Tolkewitz, Seidnitz, Gruna;1090,8;7,3;90;2,7
1996;10 StB Leuben;1124,8;8,1;89,3;2,5
1996;11 Prohlis, Reick (mit Sternhäuser, Am Koitschgraben);1038,1;6,9;92,3;0,8
1996;12 Niedersedlitz, Leubnitz, Strehlen (ohne Sternhäuser, Am Koitschgraben);1158,9;7,2;87,1;5,6
1996;13 Südvorstadt, Zschertnitz;1055,2;15,8;82,4;1,7
1996;14 Mockritz, Coschütz, Plauen;1073,7;7;84;9
1996;15 Cotta, Löbtau, Naußlitz, Dölzschen;1022,6;15,2;83,4;1,4
1996;16 Gorbitz;1050,9;8,1;90,5;1,4
1996;17 Briesnitz und westliche OS;1112,1;12,2;81,5;6,3
1996;18 Dresden gesamt;1063,5;9,5;87,4;3,1
1998;01 StB Altstadt ohne Johannstadt;1056,2;14,3;84,4;1,3
1998;02 Johannstadt;1100,5;9;90,1;1
1998;03 StB Neustadt ohne Leipziger Vorstadt;1022,6;13,1;84,1;2,7
1998;04 Leipziger Vorstadt, Pieschen;995,6;19;78,7;2,3
1998;05 Mickten, Kaditz, Trachau;1118,3;8,7;87,9;3,5
1998;06 StB Klotzsche und nördliche OS;1143,2;15,2;81,4;3,4
1998;07 StB Loschwitz und OS Schönfeld-Weißig;1157,2;10,9;81,1;8
1998;08 Blasewitz, Striesen;1107,8;8,2;87;4,9
1998;09 Tolkewitz, Seidnitz, Gruna;1073,7;12,5;85,3;2,2
1998;10 StB Leuben;1084,2;6,8;91,6;1,7
1998;11 Prohlis, Reick (mit Sternhäuser, Am Koitschgraben);1022,6;11,3;87,4;1,3
1998;12 Niedersedlitz, Leubnitz, Strehlen (ohne Sternhäuser, Am Koitschgraben);1103,6;7,7;89,3;3
1998;13 Südvorstadt, Zschertnitz;1106,8;10,6;85,4;4
1998;14 Mockritz, Coschütz, Plauen;1095,5;16,1;77,3;6,6
1998;15 Cotta, Löbtau, Naußlitz, Dölzschen;994,5;13;84,4;2,6
1998;16 Gorbitz;989,7;15,5;83,3;1,2
1998;17 Briesnitz und westliche OS;1111,5;3,8;90,7;5,5
1998;18 Dresden gesamt;1073,7;11,5;85,5;2,9
2002;01 StB Altstadt ohne Johannstadt;1191;25;74,6;0,4
2002;02 Johannstadt;1173,7;24,8;72,4;2,8
2002;03 StB Neustadt ohne Leipziger Vorstadt;1200;21;74,9;4,1
2002;04 Leipziger Vorstadt, Pieschen;1194,4;19,7;76,3;4
2002;05 Mickten, Kaditz, Trachau;1184,7;13,3;80,9;5,8
2002;06 StB Klotzsche und nördliche OS;1325,8;7,9;87,3;4,9
2002;07 StB Loschwitz und OS Schönfeld-Weißig;1466,7;10,5;83,2;6,3
2002;08 Blasewitz, Striesen;1347,8;8,7;85,1;6,3
2002;09 Tolkewitz, Seidnitz, Gruna;1289,5;8,2;90,8;0,9
2002;10 StB Leuben;1282,4;6,6;88,5;5
2002;11 Prohlis, Reick (mit Sternhäuser, Am Koitschgraben);1070,7;25,5;72,1;2,4
2002;12 Niedersedlitz, Leubnitz, Strehlen (ohne Sternhäuser, Am Koitschgraben);1296,2;16,5;78,7;4,8
2002;13 Südvorstadt, Zschertnitz;1200;19,3;76,2;4,5
2002;14 Mockritz, Coschütz, Plauen;1338,9;12,2;83,7;4,1
2002;15 Cotta, Löbtau, Naußlitz, Dölzschen;1279,2;10,8;87,6;1,6
2002;16 Gorbitz;1000;30,1;69,9;0
2002;17 Briesnitz und westliche OS;1193,5;16,3;79,9;3,7
2002;18 Dresden gesamt;1238;15,5;80,9;3,7
2005;01 StB Altstadt ohne Johannstadt;1133,2;22;77,1;0,9
2005;02 Johannstadt;1200,2;15,2;82,6;2,2
2005;03 StB Neustadt ohne Leipziger Vorstadt;1205,9;16,5;75,3;8,2
2005;04 Leipziger Vorstadt, Pieschen;1075,5;20,8;74,8;4,4
2005;05 Mickten, Kaditz, Trachau;1195,8;12,6;84;3,3
2005;06 StB Klotzsche und nördliche OS;1333,2;7;86,7;6,3
2005;07 StB Loschwitz und OS Schönfeld-Weißig;1334,5;6,2;82,5;11,3
2005;08 Blasewitz, Striesen;1363,3;9,2;86,3;4,5
2005;09 Tolkewitz, Seidnitz, Gruna;1268,9;10,8;84,7;4,5
2005;10 StB Leuben;1182,4;9,2;86,6;4,2
2005;11 Prohlis, Reick (mit Sternhäuser, Am Koitschgraben);1107,9;21;77,2;1,8
2005;12 Niedersedlitz, Leubnitz, Strehlen (ohne Sternhäuser, Am Koitschgraben);1250,1;11,5;85,1;3,3
2005;13 Südvorstadt, Zschertnitz;1290,9;17,7;77;5,3
2005;14 Mockritz, Coschütz, Plauen;1300;8,4;83,3;8,3
2005;15 Cotta, Löbtau, Naußlitz, Dölzschen;1091,5;22,9;74,8;2,3
2005;16 Gorbitz;1061,5;26,1;73,1;0,8
2005;17 Briesnitz und westliche OS;1303,3;16,3;79,6;4,2
2005;18 Dresden gesamt;1214,1;14,5;80,9;4,5
2007;01 StB Altstadt ohne Johannstadt;1121,7;26,4;69,4;4,2
2007;02 Johannstadt;1298,5;16,9;81,2;1,9
2007;03 StB Neustadt ohne Leipziger Vorstadt;1249,8;20,6;66,8;12,5
2007;04 Leipziger Vorstadt, Pieschen;1100,7;24,1;70,9;5,1
2007;05 Mickten, Kaditz, Trachau;1282,9;13,7;80,5;5,7
2007;06 StB Klotzsche und nördliche OS;1333,2;7,7;88,1;4,2
2007;07 StB Loschwitz und OS Schönfeld-Weißig;1464,8;8,8;78,5;12,7
2007;08 Blasewitz, Striesen;1466,7;8,3;80,8;10,9
2007;09 Tolkewitz, Seidnitz, Gruna;1267,5;16,8;79,4;3,7
2007;10 StB Leuben;1300;10;81,9;8,1
2007;11 Prohlis, Reick (mit Sternhäuser, Am Koitschgraben);1100;26,9;71,8;1,4
2007;12 Niedersedlitz, Leubnitz, Strehlen (ohne Sternhäuser, Am Koitschgraben);1333,3;11,5;85,4;3,1
2007;13 Südvorstadt, Zschertnitz;1129,1;31,2;66,1;2,7
2007;14 Mockritz, Coschütz, Plauen;1366,1;16,6;78,2;5,2
2007;15 Cotta, Löbtau, Naußlitz, Dölzschen;1249;18,7;77;4,3
2007;16 Gorbitz;960,7;30,2;67,8;1,9
2007;17 Briesnitz und westliche OS;1356,9;10,2;78,9;10,8
2007;18 Dresden gesamt;1275;17,2;76,8;6
2010;01 StB Altstadt ohne Johannstadt;1290;20,3;79,4;0,2
2010;02 Johannstadt;1332,1;16,8;81,5;1,7
2010;03 StB Neustadt ohne Leipziger Vorstadt;1450;18,9;72,5;8,6
2010;04 Leipziger Vorstadt, Pieschen;1276,7;15,7;74,9;9,4
2010;05 Mickten, Kaditz, Trachau;1323;14,4;79,6;6
2010;06 StB Klotzsche und nördliche OS;1478,9;9,5;83,9;6,6
2010;07 StB Loschwitz und OS Schönfeld-Weißig;1580;6,6;80,2;13,2
2010;08 Blasewitz, Striesen;1489,7;8,8;83,4;7,8
2010;09 Tolkewitz, Seidnitz, Gruna;1377,8;12,2;85;2,8
2010;10 StB Leuben;1375,8;10,7;85,4;3,9
2010;11 Prohlis, Reick (mit Sternhäuser, Am Koitschgraben);1165,8;23,7;75,8;0,5
2010;12 Niedersedlitz, Leubnitz, Strehlen (ohne Sternhäuser, Am Koitschgraben);1417,7;15,7;79,3;5
2010;13 Südvorstadt, Zschertnitz;1340;10,9;87,6;1,5
2010;14 Mockritz, Coschütz, Plauen;1511,8;13,8;80,5;5,8
2010;15 Cotta, Löbtau, Naußlitz, Dölzschen;1300;15,7;80,1;4,2
2010;16 Gorbitz;1285,8;19,3;78,2;2,5
2010;17 Briesnitz und westliche OS;1336,2;16,6;79,5;3,9
2010;18 Dresden gesamt;1356;14,5;80,3;5,2
2012;01 StB Altstadt ohne Johannstadt;1390;19,9;78,4;1,7
2012;02 Johannstadt;1333,3;13,8;85,2;1
2012;03 StB Neustadt ohne Leipziger Vorstadt;1600;15,1;76,2;8,7
2012;04 Leipziger Vorstadt, Pieschen;1252,2;19,7;76,9;3,4
2012;05 Mickten, Kaditz, Trachau;1417,6;10,5;87,8;1,7
2012;06 StB Klotzsche und nördliche OS;1600;8,8;83,3;7,9
2012;07 StB Loschwitz und OS Schönfeld-Weißig;1573,3;11;75,8;13,2
2012;08 Blasewitz, Striesen;1490;9,2;81,5;9,3
2012;09 Tolkewitz, Seidnitz, Gruna;1420;14,3;82,6;3,1
2012;10 StB Leuben;1441,9;13,9;79,5;6,6
2012;11 Prohlis, Reick (mit Sternhäuser, Am Koitschgraben);1198;25,8;71,7;2,4
2012;12 Niedersedlitz, Leubnitz, Strehlen (ohne Sternhäuser, Am Koitschgraben);1346,7;12,4;82,8;4,9
2012;13 Südvorstadt, Zschertnitz;1490,5;15,2;81;3,8
2012;14 Mockritz, Coschütz, Plauen;1566,7;11;78,9;10,1
2012;15 Cotta, Löbtau, Naußlitz, Dölzschen;1360;14,1;82,3;3,6
2012;16 Gorbitz;1155;11,4;88,1;0,5
2012;17 Briesnitz und westliche OS;1575,7;4,8;87,8;7,4
2012;18 Dresden gesamt;1413,3;13,9;80,7;5,3
2014;01 StB Altstadt ohne Johannstadt;1280;25,7;70,2;4
2014;02 Johannstadt;1400;13,1;86;1
2014;03 StB Neustadt ohne Leipziger Vorstadt;1400;13,7;77,8;8,5
2014;04 Leipziger Vorstadt, Pieschen;1390;23,1;71,1;5,8
2014;05 Mickten, Kaditz, Trachau;1533,3;9;86,7;4,3
2014;06 StB Klotzsche und nördliche OS;1526,2;8,5;83,3;8,3
2014;07 StB Loschwitz und OS Schönfeld-Weißig;1700;9,8;79,6;10,6
2014;08 Blasewitz, Striesen;1600;9,6;80,8;9,6
2014;09 Tolkewitz, Seidnitz, Gruna;1395,3;17;79,7;3,4
2014;10 StB Leuben;1436;15,8;77,9;6,3
2014;11 Prohlis, Reick (mit Sternhäuser, Am Koitschgraben);1056,2;30,5;67,5;1,9
2014;12 Niedersedlitz, Leubnitz, Strehlen (ohne Sternhäuser, Am Koitschgraben);1500;12;81,6;6,4
2014;13 Südvorstadt, Zschertnitz;1300;22,5;73,7;3,9
2014;14 Mockritz, Coschütz, Plauen;1720;9,3;83,1;7,7
2014;15 Cotta, Löbtau, Naußlitz, Dölzschen;1420;22,2;72,1;5,7
2014;16 Gorbitz;1113,3;37,7;61,2;1,2
2014;17 Briesnitz und westliche OS;1600;7,6;84,2;8,2
2014;18 Dresden gesamt;1444;16,9;77,2;5,9
2016;01 StB Altstadt ohne Johannstadt;1500;21,6;72,7;5,7
2016;02 Johannstadt;1545;15;81,5;3,6
2016;03 StB Neustadt ohne Leipziger Vorstadt;1667;14,4;79;6,6
2016;04 Leipziger Vorstadt, Pieschen;1600;11;86,2;2,8
2016;05 Mickten, Kaditz, Trachau;1600;8,4;87,8;3,8
2016;06 StB Klotzsche und nördliche OS;1700;7,4;87,8;4,7
2016;07 StB Loschwitz und OS Schönfeld-Weißig;1800;5,9;79,9;14,2
2016;08 Blasewitz, Striesen;1720;10,1;80;9,9
2016;09 Tolkewitz, Seidnitz, Gruna;1541;15,5;82,5;2
2016;10 StB Leuben;1566,7;14;81,7;4,4
2016;11 Prohlis, Reick (mit Sternhäuser, Am Koitschgraben);1200;23,7;76,3;0
2016;12 Niedersedlitz, Leubnitz, Strehlen (ohne Sternhäuser, Am Koitschgraben);1645;15,5;78,4;6,1
2016;13 Südvorstadt, Zschertnitz;1533,3;19,1;78,5;2,5
2016;14 Mockritz, Coschütz, Plauen;1666,7;9;84,2;6,7
2016;15 Cotta, Löbtau, Naußlitz, Dölzschen;1509;22,9;70,7;6,3
2016;16 Gorbitz;1200;31,2;68,3;0,6
2016;17 Briesnitz und westliche OS;1626,7;11,1;81,5;7,4
2016;18 Dresden gesamt;1600;14,7;79,9;5,3
2018;01 StB Altstadt ohne Johannstadt;1600;16,3;79,9;3,8
2018;02 Johannstadt;1620;15,6;81,8;2,6
2018;03 StB Neustadt ohne Leipziger Vorstadt;1866,7;16,1;75,2;8,6
2018;04 Leipziger Vorstadt, Pieschen;1666,7;17,7;79;3,3
2018;05 Mickten, Kaditz, Trachau;1717,2;13;83,7;3,3
2018;06 StB Klotzsche und nördliche OS;1940;10,8;82,9;6,3
2018;07 StB Loschwitz und OS Schönfeld-Weißig;1957,7;8,8;78,6;12,6
2018;08 Blasewitz, Striesen;1800;13,4;79,3;7,3
2018;09 Tolkewitz, Seidnitz, Gruna;1700;9,1;88,9;2
2018;10 StB Leuben;1600;18,8;76,1;5,1
2018;11 Prohlis, Reick (mit Sternhäuser, Am Koitschgraben);1400;26,9;73,1;0
2018;12 Niedersedlitz, Leubnitz, Strehlen (ohne Sternhäuser, Am Koitschgraben);1674,7;13,7;81,9;4,4
2018;13 Südvorstadt, Zschertnitz;1652,4;16,8;76,8;6,4
2018;14 Mockritz, Coschütz, Plauen;1992,5;11,8;84,9;3,3
2018;15 Cotta, Löbtau, Naußlitz, Dölzschen;1600;17,9;78,1;3,9
2018;16 Gorbitz;1393,3;26,7;70,7;2,6
2018;17 Briesnitz und westliche OS;1800;16,4;75,8;7,8
2018;18 Dresden gesamt;1700;15,6;79,4;5
2020;01 StB Altstadt ohne Johannstadt;1666,7;15,8;79,5;4,8
2020;02 Johannstadt;1700;14,4;82,4;3,3
2020;03 StB Neustadt ohne Leipziger Vorstadt;1800;12;79,3;8,7
2020;04 Leipziger Vorstadt, Pieschen;1750;21,7;73,4;4,8
2020;05 Mickten, Kaditz, Trachau;1800;13,7;84,5;1,8
2020;06 StB Klotzsche und nördliche OS;2050;4,9;86,2;9
2020;07 StB Loschwitz und OS Schönfeld-Weißig;2000;10,6;80,5;8,9
2020;08 Blasewitz, Striesen;2000;8;84,2;7,8
2020;09 Tolkewitz, Seidnitz, Gruna;1813,3;8,9;88;3,2
2020;10 StB Leuben;1723;16,5;78;5,5
2020;11 Prohlis, Reick (mit Sternhäuser, Am Koitschgraben);1307,7;29,4;69,4;1,2
2020;12 Niedersedlitz, Leubnitz, Strehlen (ohne Sternhäuser, Am Koitschgraben);1861;12,3;83;4,7
2020;13 Südvorstadt, Zschertnitz;1733,3;13,8;78,5;7,7
2020;14 Mockritz, Coschütz, Plauen;2000;9,5;86,5;4
2020;15 Cotta, Löbtau, Naußlitz, Dölzschen;1666,7;14,3;82,6;3,1
2020;16 Gorbitz;1300;32;66,3;1,7
2020;17 Briesnitz und westliche OS;1863,2;10,1;80,6;9,2
2020;18 Dresden gesamt;1800;14,1;80,6;5,3
2022;01 StB Altstadt ohne Johannstadt;1907;19;76,6;4,4
2022;02 Johannstadt;1933;13,8;83,7;2,5
2022;03 StB Neustadt ohne Leipziger Vorstadt;2200;16,6;74,1;9,3
2022;04 Leipziger Vorstadt, Pieschen;1965;16,5;80;3,5
2022;05 Mickten, Kaditz, Trachau;2011;13;81,4;5,5
2022;06 StB Klotzsche und nördliche OS;2186;10,2;83,3;6,5
2022;07 StB Loschwitz und OS Schönfeld-Weißig;2283;10,4;79,3;10,2
2022;08 Blasewitz, Striesen;2200;10,5;77;12,4
2022;09 Tolkewitz, Seidnitz, Gruna;1800;21;76,7;2,3
2022;10 StB Leuben;1867;16,1;80;3,8
2022;11 Prohlis, Reick (mit Sternhäuser, Am Koitschgraben);1667;18,3;77;4,6
2022;12 Niedersedlitz, Leubnitz, Strehlen (ohne Sternhäuser, Am Koitschgraben);2000;9;85,1;5,9
2022;13 Südvorstadt, Zschertnitz;2000;19,7;75,3;5
2022;14 Mockritz, Coschütz, Plauen;2187;14,2;78,9;6,9
2022;15 Cotta, Löbtau, Naußlitz, Dölzschen;1900;17,3;77,9;4,8
2022;16 Gorbitz;1660;30,6;69,1;0,3
2022;17 Briesnitz und westliche OS;2133;6,8;84,7;8,5
2022;18 Dresden gesamt;2000;15,7;78,5;5,8
2024;01 StB Altstadt ohne Johannstadt;2300;14,5;79,2;6,2
2024;02 Johannstadt;2200;15,4;81,7;2,9
2024;03 StB Neustadt ohne Leipziger Vorstadt;2333,3;15,1;76,4;8,5
2024;04 Leipziger Vorstadt, Pieschen;2200;19,4;77,5;3,1
2024;05 Mickten, Kaditz, Trachau;2138;16,3;81,1;2,6
2024;06 StB Klotzsche und nördliche OS;2466,7;8;88,5;3,5
2024;07 StB Loschwitz und OS Schönfeld-Weißig;2466,7;8,8;83,8;7,3
2024;08 Blasewitz, Striesen;2444,4;8,3;84,1;7,6
2024;09 Tolkewitz, Seidnitz, Gruna;2020;12,4;86,1;1,5
2024;10 StB Leuben;2091,3;13,1;83,2;3,7
2024;11 Prohlis, Reick (mit Sternhäuser, Am Koitschgraben);1633,3;37,4;62,6;0
2024;12 Niedersedlitz, Leubnitz, Strehlen (ohne Sternhäuser, Am Koitschgraben);2142,9;16,8;79,9;3,4
2024;13 Südvorstadt, Zschertnitz;2100;24,8;71,6;3,6
2024;14 Mockritz, Coschütz, Plauen;2300;11,6;80,8;7,6
2024;15 Cotta, Löbtau, Naußlitz, Dölzschen;2199,3;16,1;81;2,8
2024;16 Gorbitz;1800;24,9;73,4;1,7
2024;17 Briesnitz und westliche OS;2333,3;8,9;84,5;6,6
2024;18 Dresden gesamt;2200;15,4;80,1;4,5
