Statistischer Bezirk;Stadtteil zus.;Stadtraum;Stadtbezirk mit zugeordneten Ortschaften;Stadtbezirk/Ortschaft;Bundestagswahlkreis;Kommunalwahlkreis;Landtagswahlkreis
011  Innere Altstadt-Ost;01 Innere Altstadt;01 StB Altstadt ohne Johannstadt;StB 0 Altstadt;StB 0 Altstadt;159;01;45
012  Innere Altstadt-West;01 Innere Altstadt;01 StB Altstadt ohne Johannstadt;StB 0 Altstadt;StB 0 Altstadt;159;01;45
021  Pirnaische Vs.(Grunaer-Süd);02 Pirnaische Vorstadt;01 StB Altstadt ohne Johannstadt;StB 0 Altstadt;StB 0 Altstadt;159;01;45
022  Pirnaische Vs.(Zirkusstr);02 Pirnaische Vorstadt;01 StB Altstadt ohne Johannstadt;StB 0 Altstadt;StB 0 Altstadt;159;01;45
023  Pirnaische Vs.(Blochmannstr);02 Pirnaische Vorstadt;01 StB Altstadt ohne Johannstadt;StB 0 Altstadt;StB 0 Altstadt;159;01;45
024  Pirnaische Vs.(Pestalozzistr);02 Pirnaische Vorstadt;01 StB Altstadt ohne Johannstadt;StB 0 Altstadt;StB 0 Altstadt;159;01;45
025  Pirnaische Vs.(Steinstr);02 Pirnaische Vorstadt;01 StB Altstadt ohne Johannstadt;StB 0 Altstadt;StB 0 Altstadt;159;01;45
031  Seevs.-Ost(Prager Str);03 Seevorstadt-Ost;01 StB Altstadt ohne Johannstadt;StB 0 Altstadt;StB 0 Altstadt;159;01;45
032  Seevs.-Ost(Räcknitzstr);03 Seevorstadt-Ost;01 StB Altstadt ohne Johannstadt;StB 0 Altstadt;StB 0 Altstadt;159;01;45
033  Seevs.-Ost(Lindengasse);03 Seevorstadt-Ost;01 StB Altstadt ohne Johannstadt;StB 0 Altstadt;StB 0 Altstadt;159;01;45
034  Strehlen(Tiergartenstr);03 Seevorstadt-Ost;01 StB Altstadt ohne Johannstadt;StB 0 Altstadt;StB 0 Altstadt;159;01;45
041  Wilsdruffer Vs.(Ostra-Allee);04 Wilsdruffer Vs./Seevs.-West;01 StB Altstadt ohne Johannstadt;StB 0 Altstadt;StB 0 Altstadt;159;01;47
042  Wilsdruffer Vs.(Ermischstr);04 Wilsdruffer Vs./Seevs.-West;01 StB Altstadt ohne Johannstadt;StB 0 Altstadt;StB 0 Altstadt;159;01;47
043  Wilsdruffer Vs.(Maternistr);04 Wilsdruffer Vs./Seevs.-West;01 StB Altstadt ohne Johannstadt;StB 0 Altstadt;StB 0 Altstadt;159;01;47
044  Seevs.-West(Am See);04 Wilsdruffer Vs./Seevs.-West;01 StB Altstadt ohne Johannstadt;StB 0 Altstadt;StB 0 Altstadt;159;01;47
045  Seevs.-West(Sternplatz);04 Wilsdruffer Vs./Seevs.-West;01 StB Altstadt ohne Johannstadt;StB 0 Altstadt;StB 0 Altstadt;159;01;47
046  Seevs.-West(Feldgasse);04 Wilsdruffer Vs./Seevs.-West;01 StB Altstadt ohne Johannstadt;StB 0 Altstadt;StB 0 Altstadt;159;01;47
047  Wilsdruffer Vs.(Jagdweg);04 Wilsdruffer Vs./Seevs.-West;01 StB Altstadt ohne Johannstadt;StB 0 Altstadt;StB 0 Altstadt;159;01;47
051  Friedrichst.(Löbtauer Str);05 Friedrichstadt;01 StB Altstadt ohne Johannstadt;StB 0 Altstadt;StB 0 Altstadt;159;01;47
052  Friedrichst.(Schäferstr);05 Friedrichstadt;01 StB Altstadt ohne Johannstadt;StB 0 Altstadt;StB 0 Altstadt;159;01;47
053  Friedrichst.(Klinikum);05 Friedrichstadt;01 StB Altstadt ohne Johannstadt;StB 0 Altstadt;StB 0 Altstadt;159;01;47
054  Friedrichst.(Güterbahnhof);05 Friedrichstadt;01 StB Altstadt ohne Johannstadt;StB 0 Altstadt;StB 0 Altstadt;159;01;47
055  Friedrichst.(Ostragehege);05 Friedrichstadt;01 StB Altstadt ohne Johannstadt;StB 0 Altstadt;StB 0 Altstadt;159;01;47
061  Johannst.-Nord(Elsasser Str);06 Johannstadt-Nord;02 Johannstadt;StB 0 Altstadt;StB 0 Altstadt;159;01;45
062  Johannst.-Nord(Bönischplatz);06 Johannstadt-Nord;02 Johannstadt;StB 0 Altstadt;StB 0 Altstadt;159;01;45
063  Johannst.-Nord(Hopfgartenstr);06 Johannstadt-Nord;02 Johannstadt;StB 0 Altstadt;StB 0 Altstadt;159;01;45
064  Johannst.-N(Pfeifferhannsstr);06 Johannstadt-Nord;02 Johannstadt;StB 0 Altstadt;StB 0 Altstadt;159;01;45
065  Johannst.-Nord(Th.-Müntzer-Pl);06 Johannstadt-Nord;02 Johannstadt;StB 0 Altstadt;StB 0 Altstadt;159;01;45
066  Johannst.-Nord(Gutenbergstr);06 Johannstadt-Nord;02 Johannstadt;StB 0 Altstadt;StB 0 Altstadt;159;01;45
067  Johannst.-Nord(Neubertstr);06 Johannstadt-Nord;02 Johannstadt;StB 0 Altstadt;StB 0 Altstadt;159;01;45
068  Johannst.-N(Uni-Klinikum);06 Johannstadt-Nord;02 Johannstadt;StB 0 Altstadt;StB 0 Altstadt;159;01;45
071  Johannst.-Süd(Marschnerstr);07 Johannstadt-Süd;02 Johannstadt;StB 0 Altstadt;StB 0 Altstadt;159;01;45
072  Johannst.-Süd(Wintergartenstr);07 Johannstadt-Süd;02 Johannstadt;StB 0 Altstadt;StB 0 Altstadt;159;01;45
073  Johannst.-Süd(Nicolaistr);07 Johannstadt-Süd;02 Johannstadt;StB 0 Altstadt;StB 0 Altstadt;159;01;45
074  Johannst.-Süd(Schumannstr);07 Johannstadt-Süd;02 Johannstadt;StB 0 Altstadt;StB 0 Altstadt;159;01;45
075  Johannst.-Süd(Permoserstr);07 Johannstadt-Süd;02 Johannstadt;StB 0 Altstadt;StB 0 Altstadt;159;01;45
076  Johannst.-Süd(Cranachstr);07 Johannstadt-Süd;02 Johannstadt;StB 0 Altstadt;StB 0 Altstadt;159;01;45
077  Johannst.-Süd(Zöllnerstr);07 Johannstadt-Süd;02 Johannstadt;StB 0 Altstadt;StB 0 Altstadt;159;01;45
078  Johannst.-Süd(M.-Cebotari-Str);07 Johannstadt-Süd;02 Johannstadt;StB 0 Altstadt;StB 0 Altstadt;159;01;45
079  Johannst.-Süd(Lortzingstr);07 Johannstadt-Süd;02 Johannstadt;StB 0 Altstadt;StB 0 Altstadt;159;01;45
111  Äußere Neust.(Schönbrunnstr);11 Äußere Neustadt (Antonstadt);03 StB Neustadt ohne Leipziger Vorstadt;StB 1 Neustadt;StB 1 Neustadt;160;02;41
112  Äußere Neust.(Timäusstr);11 Äußere Neustadt (Antonstadt);03 StB Neustadt ohne Leipziger Vorstadt;StB 1 Neustadt;StB 1 Neustadt;160;02;41
113  Äußere Neust.(Katharinenstr);11 Äußere Neustadt (Antonstadt);03 StB Neustadt ohne Leipziger Vorstadt;StB 1 Neustadt;StB 1 Neustadt;160;02;41
114  Äußere Neust.(Böhmische Str);11 Äußere Neustadt (Antonstadt);03 StB Neustadt ohne Leipziger Vorstadt;StB 1 Neustadt;StB 1 Neustadt;160;02;41
115  Äußere Neust.(Görlitzer Str);11 Äußere Neustadt (Antonstadt);03 StB Neustadt ohne Leipziger Vorstadt;StB 1 Neustadt;StB 1 Neustadt;160;02;41
116  Äußere Neust.(Schönfelder Str);11 Äußere Neustadt (Antonstadt);03 StB Neustadt ohne Leipziger Vorstadt;StB 1 Neustadt;StB 1 Neustadt;160;02;41
117  Äußere Neust.(Frühlingstr);11 Äußere Neustadt (Antonstadt);03 StB Neustadt ohne Leipziger Vorstadt;StB 1 Neustadt;StB 1 Neustadt;160;02;41
118  Äußere Neust.(Tannenstr);11 Äußere Neustadt (Antonstadt);03 StB Neustadt ohne Leipziger Vorstadt;StB 1 Neustadt;StB 1 Neustadt;160;02;41
121  Radeberger Vs.(Jägerstr);12 Radeberger Vorstadt;03 StB Neustadt ohne Leipziger Vorstadt;StB 1 Neustadt;StB 1 Neustadt;160;02;41
122  Radeberger Vs.(Forststr);12 Radeberger Vorstadt;03 StB Neustadt ohne Leipziger Vorstadt;StB 1 Neustadt;StB 1 Neustadt;160;02;41
123  Radeberger Vs.(Angelikastr);12 Radeberger Vorstadt;03 StB Neustadt ohne Leipziger Vorstadt;StB 1 Neustadt;StB 1 Neustadt;160;02;41
124  Radeberger Vs.(Am Jägerpark);12 Radeberger Vorstadt;03 StB Neustadt ohne Leipziger Vorstadt;StB 1 Neustadt;StB 1 Neustadt;160;02;41
131  Innere Neust.(Königstr);13 Innere Neustadt;03 StB Neustadt ohne Leipziger Vorstadt;StB 1 Neustadt;StB 1 Neustadt;160;02;45
132  Innere Neust.(Sarrasanistr);13 Innere Neustadt;03 StB Neustadt ohne Leipziger Vorstadt;StB 1 Neustadt;StB 1 Neustadt;160;02;45
133  Innere Neust.(Wigardstr);13 Innere Neustadt;03 StB Neustadt ohne Leipziger Vorstadt;StB 1 Neustadt;StB 1 Neustadt;160;02;45
134  Äußere Neust.(Hoyerswerd. Str);13 Innere Neustadt;03 StB Neustadt ohne Leipziger Vorstadt;StB 1 Neustadt;StB 1 Neustadt;160;02;45
141  Leipziger Vs.(Eisenbahnstr);14 Leipziger Vorstadt;04 Leipziger Vorstadt, Pieschen;StB 1 Neustadt;StB 1 Neustadt;160;02;45
142  Leipziger Vs.(Rudolfstr);14 Leipziger Vorstadt;04 Leipziger Vorstadt, Pieschen;StB 1 Neustadt;StB 1 Neustadt;160;02;45
143  Leipziger Vs.(Helgolandstr);14 Leipziger Vorstadt;04 Leipziger Vorstadt, Pieschen;StB 1 Neustadt;StB 1 Neustadt;160;02;45
144  Leipziger Vs.(Unterer Hecht);14 Leipziger Vorstadt;04 Leipziger Vorstadt, Pieschen;StB 1 Neustadt;StB 1 Neustadt;160;02;45
145  Leipziger Vs.(Mittlerer Hecht);14 Leipziger Vorstadt;04 Leipziger Vorstadt, Pieschen;StB 1 Neustadt;StB 1 Neustadt;160;02;45
146  Leipziger Vs.(Oberer Hecht);14 Leipziger Vorstadt;04 Leipziger Vorstadt, Pieschen;StB 1 Neustadt;StB 1 Neustadt;160;02;45
151  Hellersiedlung;15 Albertstadt;03 StB Neustadt ohne Leipziger Vorstadt;StB 1 Neustadt;StB 1 Neustadt;160;02;41
152  Albertstadt-West;15 Albertstadt;03 StB Neustadt ohne Leipziger Vorstadt;StB 1 Neustadt;StB 1 Neustadt;160;02;41
153  Albertstadt-Ost;15 Albertstadt;03 StB Neustadt ohne Leipziger Vorstadt;StB 1 Neustadt;StB 1 Neustadt;160;02;41
211  Leipziger Vs.(Weimarische Str);21 Pieschen-Süd;04 Leipziger Vorstadt, Pieschen;StB 2 Pieschen;StB 2 Pieschen;160;03;47
212  Leipziger Vs.(Moritzburger St);21 Pieschen-Süd;04 Leipziger Vorstadt, Pieschen;StB 2 Pieschen;StB 2 Pieschen;160;03;47
213  Pieschen-Süd(Torgauer Str);21 Pieschen-Süd;04 Leipziger Vorstadt, Pieschen;StB 2 Pieschen;StB 2 Pieschen;160;03;47
214  Pieschen-Süd(Altpieschen);21 Pieschen-Süd;04 Leipziger Vorstadt, Pieschen;StB 2 Pieschen;StB 2 Pieschen;160;03;47
215  Pieschen-Süd(Leisniger Pl);21 Pieschen-Süd;04 Leipziger Vorstadt, Pieschen;StB 2 Pieschen;StB 2 Pieschen;160;03;47
221  Trachau-Süd(Alttrachau);22 Mickten;05 Mickten, Kaditz, Trachau;StB 2 Pieschen;StB 2 Pieschen;160;03;47
222  Trachau-Süd(Bunsenstr);22 Mickten;05 Mickten, Kaditz, Trachau;StB 2 Pieschen;StB 2 Pieschen;160;03;47
223  Mickten(Dreyßigplatz);22 Mickten;05 Mickten, Kaditz, Trachau;StB 2 Pieschen;StB 2 Pieschen;160;03;47
224  Mickten(Lommatzscher Str);22 Mickten;05 Mickten, Kaditz, Trachau;StB 2 Pieschen;StB 2 Pieschen;160;03;47
225  Mickten(Sternstr);22 Mickten;05 Mickten, Kaditz, Trachau;StB 2 Pieschen;StB 2 Pieschen;160;03;47
226  Mickten(Altmickten);22 Mickten;05 Mickten, Kaditz, Trachau;StB 2 Pieschen;StB 2 Pieschen;160;03;47
227  Übigau;22 Mickten;05 Mickten, Kaditz, Trachau;StB 2 Pieschen;StB 2 Pieschen;160;03;47
231  Kaditz(Wächterstr);23 Kaditz;05 Mickten, Kaditz, Trachau;StB 2 Pieschen;StB 2 Pieschen;160;03;47
232  Kaditz(Peschelstr);23 Kaditz;05 Mickten, Kaditz, Trachau;StB 2 Pieschen;StB 2 Pieschen;160;03;47
233  Kaditz(Altkaditz);23 Kaditz;05 Mickten, Kaditz, Trachau;StB 2 Pieschen;StB 2 Pieschen;160;03;47
234  Kaditz(Riegelplatz);23 Kaditz;05 Mickten, Kaditz, Trachau;StB 2 Pieschen;StB 2 Pieschen;160;03;47
241  Trachau(Cottbuser Str);24 Trachau;05 Mickten, Kaditz, Trachau;StB 2 Pieschen;StB 2 Pieschen;160;03;47
242  Trachau(Wahnsdorfer Str);24 Trachau;05 Mickten, Kaditz, Trachau;StB 2 Pieschen;StB 2 Pieschen;160;03;47
243  Trachau(Stephanstr);24 Trachau;05 Mickten, Kaditz, Trachau;StB 2 Pieschen;StB 2 Pieschen;160;03;47
244  Trachau(Platanenstr);24 Trachau;05 Mickten, Kaditz, Trachau;StB 2 Pieschen;StB 2 Pieschen;160;03;47
245  Trachau(Trobischstr);24 Trachau;05 Mickten, Kaditz, Trachau;StB 2 Pieschen;StB 2 Pieschen;160;03;47
246  Trachau(Industriestr);24 Trachau;05 Mickten, Kaditz, Trachau;StB 2 Pieschen;StB 2 Pieschen;160;03;47
247  Trachau(Richard-Rösch-Str);24 Trachau;05 Mickten, Kaditz, Trachau;StB 2 Pieschen;StB 2 Pieschen;160;03;47
248  Trachau(Neuländer Str);24 Trachau;05 Mickten, Kaditz, Trachau;StB 2 Pieschen;StB 2 Pieschen;160;03;47
251  Leipziger Vs.-NW(Liststr);25 Pieschen-N/Trachenberge;04 Leipziger Vorstadt, Pieschen;StB 2 Pieschen;StB 2 Pieschen;160;03;47
252  Pieschen-Nord(Riesaer Str);25 Pieschen-N/Trachenberge;04 Leipziger Vorstadt, Pieschen;StB 2 Pieschen;StB 2 Pieschen;160;03;47
253  Pieschen-Nord(Hellerauer Str);25 Pieschen-N/Trachenberge;04 Leipziger Vorstadt, Pieschen;StB 2 Pieschen;StB 2 Pieschen;160;03;47
254  Pieschen-Nord(Trachenbgr. Str);25 Pieschen-N/Trachenberge;04 Leipziger Vorstadt, Pieschen;StB 2 Pieschen;StB 2 Pieschen;160;03;47
255  Pieschen-Nord(Rückertstr);25 Pieschen-N/Trachenberge;04 Leipziger Vorstadt, Pieschen;StB 2 Pieschen;StB 2 Pieschen;160;03;47
256  Pieschen-Nord(Duckwitzstr);25 Pieschen-N/Trachenberge;04 Leipziger Vorstadt, Pieschen;StB 2 Pieschen;StB 2 Pieschen;160;03;47
257  Trachenberge;25 Pieschen-N/Trachenberge;04 Leipziger Vorstadt, Pieschen;StB 2 Pieschen;StB 2 Pieschen;160;03;47
311  Klotzsche(Altklotzsche);31 Klotzsche;06 StB Klotzsche und nördliche OS;StB 3 Klotzsche/nördliche Ortschaften;StB 3 Klotzsche;160;04;41
312  Klotzsche(Lubminer Str);31 Klotzsche;06 StB Klotzsche und nördliche OS;StB 3 Klotzsche/nördliche Ortschaften;StB 3 Klotzsche;160;04;41
313  Klotzsche(Grüner Weg);31 Klotzsche;06 StB Klotzsche und nördliche OS;StB 3 Klotzsche/nördliche Ortschaften;StB 3 Klotzsche;160;04;41
314  Klotzsche(Am Trobischberg);31 Klotzsche;06 StB Klotzsche und nördliche OS;StB 3 Klotzsche/nördliche Ortschaften;StB 3 Klotzsche;160;04;41
315  Klotzsche(Königswald-Süd);31 Klotzsche;06 StB Klotzsche und nördliche OS;StB 3 Klotzsche/nördliche Ortschaften;StB 3 Klotzsche;160;04;41
316  Klotzsche(Königswald-Nord);31 Klotzsche;06 StB Klotzsche und nördliche OS;StB 3 Klotzsche/nördliche Ortschaften;StB 3 Klotzsche;160;04;41
317  Klotzsche(Selliner Str);31 Klotzsche;06 StB Klotzsche und nördliche OS;StB 3 Klotzsche/nördliche Ortschaften;StB 3 Klotzsche;160;04;41
318  Klotzsche(Binzer Weg);31 Klotzsche;06 StB Klotzsche und nördliche OS;StB 3 Klotzsche/nördliche Ortschaften;StB 3 Klotzsche;160;04;41
321  Wilschdorf;32 Hellerau/Wilschdorf;06 StB Klotzsche und nördliche OS;StB 3 Klotzsche/nördliche Ortschaften;StB 3 Klotzsche;160;04;41
322  Rähnitz;32 Hellerau/Wilschdorf;06 StB Klotzsche und nördliche OS;StB 3 Klotzsche/nördliche Ortschaften;StB 3 Klotzsche;160;04;41
323  Hellerau(Festspielhaus);32 Hellerau/Wilschdorf;06 StB Klotzsche und nördliche OS;StB 3 Klotzsche/nördliche Ortschaften;StB 3 Klotzsche;160;04;41
324  Hellerau(Markt);32 Hellerau/Wilschdorf;06 StB Klotzsche und nördliche OS;StB 3 Klotzsche/nördliche Ortschaften;StB 3 Klotzsche;160;04;41
331  Flughafen;31 Klotzsche;06 StB Klotzsche und nördliche OS;StB 3 Klotzsche/nördliche Ortschaften;StB 3 Klotzsche;160;04;41
342  Waldpark Klotzsche;31 Klotzsche;06 StB Klotzsche und nördliche OS;StB 3 Klotzsche/nördliche Ortschaften;StB 3 Klotzsche;160;04;41
351  Weixdorf;35 Weixdorf;06 StB Klotzsche und nördliche OS;StB 3 Klotzsche/nördliche Ortschaften;OS Weixdorf;160;04;41
352  Lausa-Fuchsberg;35 Weixdorf;06 StB Klotzsche und nördliche OS;StB 3 Klotzsche/nördliche Ortschaften;OS Weixdorf;160;04;41
353  Lausa (Alte Dr. Str./Schönburg;35 Weixdorf;06 StB Klotzsche und nördliche OS;StB 3 Klotzsche/nördliche Ortschaften;OS Weixdorf;160;04;41
354  Alt-Lausa/Friedersdorf;35 Weixdorf;06 StB Klotzsche und nördliche OS;StB 3 Klotzsche/nördliche Ortschaften;OS Weixdorf;160;04;41
355  Gomlitz;35 Weixdorf;06 StB Klotzsche und nördliche OS;StB 3 Klotzsche/nördliche Ortschaften;OS Weixdorf;160;04;41
356  Marsdorf;35 Weixdorf;06 StB Klotzsche und nördliche OS;StB 3 Klotzsche/nördliche Ortschaften;OS Weixdorf;160;04;41
361  Langebrück-Nord;36 Langebrück/Schönborn;06 StB Klotzsche und nördliche OS;StB 3 Klotzsche/nördliche Ortschaften;OS Langebrück;160;04;41
362  Langebrück-Süd;36 Langebrück/Schönborn;06 StB Klotzsche und nördliche OS;StB 3 Klotzsche/nördliche Ortschaften;OS Langebrück;160;04;41
363  Heidehof;36 Langebrück/Schönborn;06 StB Klotzsche und nördliche OS;StB 3 Klotzsche/nördliche Ortschaften;OS Langebrück;160;04;41
364  Schönborn;36 Langebrück/Schönborn;06 StB Klotzsche und nördliche OS;StB 3 Klotzsche/nördliche Ortschaften;OS Schönborn;160;04;41
411  Loschwitz(Schevenstr);41 Loschwitz/Wachwitz;07 StB Loschwitz und OS Schönfeld-Weißig;StB 4 Loschwitz/OS Schönfeld-Weißig;StB 4 Loschwitz;160;07;42
412  Loschwitz(Körnerplatz);41 Loschwitz/Wachwitz;07 StB Loschwitz und OS Schönfeld-Weißig;StB 4 Loschwitz/OS Schönfeld-Weißig;StB 4 Loschwitz;160;07;42
413  Oberloschwitz;41 Loschwitz/Wachwitz;07 StB Loschwitz und OS Schönfeld-Weißig;StB 4 Loschwitz/OS Schönfeld-Weißig;StB 4 Loschwitz;160;07;42
414  Wachwitz;41 Loschwitz/Wachwitz;07 StB Loschwitz und OS Schönfeld-Weißig;StB 4 Loschwitz/OS Schönfeld-Weißig;StB 4 Loschwitz;160;07;42
421  Weißer Hirsch;42 Bühlau/Weißer Hirsch;07 StB Loschwitz und OS Schönfeld-Weißig;StB 4 Loschwitz/OS Schönfeld-Weißig;StB 4 Loschwitz;160;07;42
422  Loschwitz-Nordost(Rißweg);42 Bühlau/Weißer Hirsch;07 StB Loschwitz und OS Schönfeld-Weißig;StB 4 Loschwitz/OS Schönfeld-Weißig;StB 4 Loschwitz;160;07;42
423  Loschwitz-NO(Am Weißen Adler);42 Bühlau/Weißer Hirsch;07 StB Loschwitz und OS Schönfeld-Weißig;StB 4 Loschwitz/OS Schönfeld-Weißig;StB 4 Loschwitz;160;07;42
424  Bühlau(Neubühlauer Str);42 Bühlau/Weißer Hirsch;07 StB Loschwitz und OS Schönfeld-Weißig;StB 4 Loschwitz/OS Schönfeld-Weißig;StB 4 Loschwitz;160;07;42
425  Bühlau(Neukircher Str);42 Bühlau/Weißer Hirsch;07 StB Loschwitz und OS Schönfeld-Weißig;StB 4 Loschwitz/OS Schönfeld-Weißig;StB 4 Loschwitz;160;07;42
426  Bühlau(Ullersdorfer Str);42 Bühlau/Weißer Hirsch;07 StB Loschwitz und OS Schönfeld-Weißig;StB 4 Loschwitz/OS Schönfeld-Weißig;StB 4 Loschwitz;160;07;42
427  Alt-Bühlau/Quohren;42 Bühlau/Weißer Hirsch;07 StB Loschwitz und OS Schönfeld-Weißig;StB 4 Loschwitz/OS Schönfeld-Weißig;StB 4 Loschwitz;160;07;42
428  Rochwitz;42 Bühlau/Weißer Hirsch;07 StB Loschwitz und OS Schönfeld-Weißig;StB 4 Loschwitz/OS Schönfeld-Weißig;StB 4 Loschwitz;160;07;42
429  Neu-Rochwitz;42 Bühlau/Weißer Hirsch;07 StB Loschwitz und OS Schönfeld-Weißig;StB 4 Loschwitz/OS Schönfeld-Weißig;StB 4 Loschwitz;160;07;42
431  Niederpoyritz;43 Hosterwitz/Pillnitz;07 StB Loschwitz und OS Schönfeld-Weißig;StB 4 Loschwitz/OS Schönfeld-Weißig;StB 4 Loschwitz;160;07;42
432  Hosterwitz;43 Hosterwitz/Pillnitz;07 StB Loschwitz und OS Schönfeld-Weißig;StB 4 Loschwitz/OS Schönfeld-Weißig;StB 4 Loschwitz;160;07;42
433  Pillnitz;43 Hosterwitz/Pillnitz;07 StB Loschwitz und OS Schönfeld-Weißig;StB 4 Loschwitz/OS Schönfeld-Weißig;StB 4 Loschwitz;160;07;42
434  Oberpoyritz;43 Hosterwitz/Pillnitz;07 StB Loschwitz und OS Schönfeld-Weißig;StB 4 Loschwitz/OS Schönfeld-Weißig;StB 4 Loschwitz;160;07;42
435  Söbrigen;43 Hosterwitz/Pillnitz;07 StB Loschwitz und OS Schönfeld-Weißig;StB 4 Loschwitz/OS Schönfeld-Weißig;StB 4 Loschwitz;160;07;42
441  Dresdner Heide;42 Bühlau/Weißer Hirsch;07 StB Loschwitz und OS Schönfeld-Weißig;StB 4 Loschwitz/OS Schönfeld-Weißig;StB 4 Loschwitz;160;04;41
441  Dresdner Heide;42 Bühlau/Weißer Hirsch;07 StB Loschwitz und OS Schönfeld-Weißig;StB 4 Loschwitz/OS Schönfeld-Weißig;StB 4 Loschwitz;160;07;41
451  Weißig (Heidestr./Marienbäder);45 Weißig;07 StB Loschwitz und OS Schönfeld-Weißig;StB 4 Loschwitz/OS Schönfeld-Weißig;OS Schönfeld-Weißig;160;04;41
452  Weißig (Am Weißiger Bach);45 Weißig;07 StB Loschwitz und OS Schönfeld-Weißig;StB 4 Loschwitz/OS Schönfeld-Weißig;OS Schönfeld-Weißig;160;04;41
453  Weißig (An der Prießnitzaue);45 Weißig;07 StB Loschwitz und OS Schönfeld-Weißig;StB 4 Loschwitz/OS Schönfeld-Weißig;OS Schönfeld-Weißig;160;04;41
454  Weißig (Hauptstr.);45 Weißig;07 StB Loschwitz und OS Schönfeld-Weißig;StB 4 Loschwitz/OS Schönfeld-Weißig;OS Schönfeld-Weißig;160;04;41
455  Weißig (Bergstr.);45 Weißig;07 StB Loschwitz und OS Schönfeld-Weißig;StB 4 Loschwitz/OS Schönfeld-Weißig;OS Schönfeld-Weißig;160;04;41
461  Gönnsdorf;46 Gönnsdorf/Pappritz;07 StB Loschwitz und OS Schönfeld-Weißig;StB 4 Loschwitz/OS Schönfeld-Weißig;OS Schönfeld-Weißig;160;04;41
462  Pappritz-West;46 Gönnsdorf/Pappritz;07 StB Loschwitz und OS Schönfeld-Weißig;StB 4 Loschwitz/OS Schönfeld-Weißig;OS Schönfeld-Weißig;160;04;41
463  Pappritz-Ost;46 Gönnsdorf/Pappritz;07 StB Loschwitz und OS Schönfeld-Weißig;StB 4 Loschwitz/OS Schönfeld-Weißig;OS Schönfeld-Weißig;160;04;41
464  Cunnersdorf;46 Gönnsdorf/Pappritz;07 StB Loschwitz und OS Schönfeld-Weißig;StB 4 Loschwitz/OS Schönfeld-Weißig;OS Schönfeld-Weißig;160;04;41
465  Eichbusch/Helfenberg/Rockau;46 Gönnsdorf/Pappritz;07 StB Loschwitz und OS Schönfeld-Weißig;StB 4 Loschwitz/OS Schönfeld-Weißig;OS Schönfeld-Weißig;160;04;41
471  Schönfeld;47 Schönfeld/Schullwitz;07 StB Loschwitz und OS Schönfeld-Weißig;StB 4 Loschwitz/OS Schönfeld-Weißig;OS Schönfeld-Weißig;160;04;41
472  Schullwitz;47 Schönfeld/Schullwitz;07 StB Loschwitz und OS Schönfeld-Weißig;StB 4 Loschwitz/OS Schönfeld-Weißig;OS Schönfeld-Weißig;160;04;41
473  Borsberg;47 Schönfeld/Schullwitz;07 StB Loschwitz und OS Schönfeld-Weißig;StB 4 Loschwitz/OS Schönfeld-Weißig;OS Schönfeld-Weißig;160;04;41
474  Eschdorf;47 Schönfeld/Schullwitz;07 StB Loschwitz und OS Schönfeld-Weißig;StB 4 Loschwitz/OS Schönfeld-Weißig;OS Schönfeld-Weißig;160;04;41
475  Rossendorf;47 Schönfeld/Schullwitz;07 StB Loschwitz und OS Schönfeld-Weißig;StB 4 Loschwitz/OS Schönfeld-Weißig;OS Schönfeld-Weißig;160;04;41
476  Krieschendorf/Malschendorf;47 Schönfeld/Schullwitz;07 StB Loschwitz und OS Schönfeld-Weißig;StB 4 Loschwitz/OS Schönfeld-Weißig;OS Schönfeld-Weißig;160;04;41
477  Reitzendorf;47 Schönfeld/Schullwitz;07 StB Loschwitz und OS Schönfeld-Weißig;StB 4 Loschwitz/OS Schönfeld-Weißig;OS Schönfeld-Weißig;160;04;41
478  Zaschendorf;47 Schönfeld/Schullwitz;07 StB Loschwitz und OS Schönfeld-Weißig;StB 4 Loschwitz/OS Schönfeld-Weißig;OS Schönfeld-Weißig;160;04;41
511  Blasewitz(Händelallee);51 Blasewitz;08 Blasewitz, Striesen;StB 5 Blasewitz;StB 5 Blasewitz;159;05;44
512  Blasewitz(Schillerpl);51 Blasewitz;08 Blasewitz, Striesen;StB 5 Blasewitz;StB 5 Blasewitz;159;05;44
514  Blasewitz(Kretschmerstr);51 Blasewitz;08 Blasewitz, Striesen;StB 5 Blasewitz;StB 5 Blasewitz;159;06;44
515  Blasewitz(Oehmestr);51 Blasewitz;08 Blasewitz, Striesen;StB 5 Blasewitz;StB 5 Blasewitz;159;06;44
516  Neugruna(Gustav-Freytag-Str);51 Blasewitz;08 Blasewitz, Striesen;StB 5 Blasewitz;StB 5 Blasewitz;159;06;44
517  Neugruna(Polenzstr);51 Blasewitz;08 Blasewitz, Striesen;StB 5 Blasewitz;StB 5 Blasewitz;159;06;44
521  Striesen-Ost(Sickingenstr);52 Striesen-Ost;08 Blasewitz, Striesen;StB 5 Blasewitz;StB 5 Blasewitz;159;05;44
522  Striesen-Ost(Jacobistr);52 Striesen-Ost;08 Blasewitz, Striesen;StB 5 Blasewitz;StB 5 Blasewitz;159;05;44
523  Striesen-Ost(Pohlandstr);52 Striesen-Ost;08 Blasewitz, Striesen;StB 5 Blasewitz;StB 5 Blasewitz;159;05;44
524  Striesen-Ost(Dornblüthstr);52 Striesen-Ost;08 Blasewitz, Striesen;StB 5 Blasewitz;StB 5 Blasewitz;159;05;44
525  Striesen-Ost(Ermelstr);52 Striesen-Ost;08 Blasewitz, Striesen;StB 5 Blasewitz;StB 5 Blasewitz;159;05;44
526  Striesen-Ost(Voglerstr);52 Striesen-Ost;08 Blasewitz, Striesen;StB 5 Blasewitz;StB 5 Blasewitz;159;05;44
527  Striesen-Ost(Bärensteiner Str);52 Striesen-Ost;08 Blasewitz, Striesen;StB 5 Blasewitz;StB 5 Blasewitz;159;05;44
531  Johannst.-SO(Anton-Graff-Str);53 Striesen-Süd;08 Blasewitz, Striesen;StB 5 Blasewitz;StB 5 Blasewitz;159;05;45
532  Striesen-Süd(Mosenstr);53 Striesen-Süd;08 Blasewitz, Striesen;StB 5 Blasewitz;StB 5 Blasewitz;159;05;45
533  Striesen-Süd(Mansfelder Str);53 Striesen-Süd;08 Blasewitz, Striesen;StB 5 Blasewitz;StB 5 Blasewitz;159;05;45
534  Johannst.-SO(Lipsiusstr);53 Striesen-Süd;08 Blasewitz, Striesen;StB 5 Blasewitz;StB 5 Blasewitz;159;05;45
535  Johannst.-SO(Comeniusstr);53 Striesen-Süd;08 Blasewitz, Striesen;StB 5 Blasewitz;StB 5 Blasewitz;159;05;45
536  Striesen-Süd(Haenel-Clauß-Pl);53 Striesen-Süd;08 Blasewitz, Striesen;StB 5 Blasewitz;StB 5 Blasewitz;159;05;45
537  Striesen-Süd(Hepkeplatz);53 Striesen-Süd;08 Blasewitz, Striesen;StB 5 Blasewitz;StB 5 Blasewitz;159;05;45
538  Striesen-Süd(Glashütter Str);53 Striesen-Süd;08 Blasewitz, Striesen;StB 5 Blasewitz;StB 5 Blasewitz;159;05;45
541  Striesen-West(Krenkelstr);54 Striesen-West;08 Blasewitz, Striesen;StB 5 Blasewitz;StB 5 Blasewitz;159;05;44
542  Striesen-West(Tittmannstr);54 Striesen-West;08 Blasewitz, Striesen;StB 5 Blasewitz;StB 5 Blasewitz;159;05;44
543  Striesen-West(Wormser Pl);54 Striesen-West;08 Blasewitz, Striesen;StB 5 Blasewitz;StB 5 Blasewitz;159;05;44
544  Striesen-West(Löscherstr);54 Striesen-West;08 Blasewitz, Striesen;StB 5 Blasewitz;StB 5 Blasewitz;159;05;44
545  Striesen-West(Alemannenstr);54 Striesen-West;08 Blasewitz, Striesen;StB 5 Blasewitz;StB 5 Blasewitz;159;05;44
546  Striesen-West(Altstriesen);54 Striesen-West;08 Blasewitz, Striesen;StB 5 Blasewitz;StB 5 Blasewitz;159;05;44
551  Tolkewitz(Wehlener Str);55 Tolkewitz/Seidnitz-Nord;09 Tolkewitz, Seidnitz, Gruna;StB 5 Blasewitz;StB 5 Blasewitz;159;06;44
552  Tolkewitz(Knappestr);55 Tolkewitz/Seidnitz-Nord;09 Tolkewitz, Seidnitz, Gruna;StB 5 Blasewitz;StB 5 Blasewitz;159;06;44
553  Tolkewitz(Wilischstr);55 Tolkewitz/Seidnitz-Nord;09 Tolkewitz, Seidnitz, Gruna;StB 5 Blasewitz;StB 5 Blasewitz;159;06;44
554  Seidnitz-Nord(Löwenhainer Str);55 Tolkewitz/Seidnitz-Nord;09 Tolkewitz, Seidnitz, Gruna;StB 5 Blasewitz;StB 5 Blasewitz;159;06;44
555  Seidnitz-Nord(Johnsbacher Weg);55 Tolkewitz/Seidnitz-Nord;09 Tolkewitz, Seidnitz, Gruna;StB 5 Blasewitz;StB 5 Blasewitz;159;06;44
556  Seidnitz-Nord(Altenberger Str);55 Tolkewitz/Seidnitz-Nord;09 Tolkewitz, Seidnitz, Gruna;StB 5 Blasewitz;StB 5 Blasewitz;159;06;44
557  Seidnitz-Nord(Schmiedebgr.Str);55 Tolkewitz/Seidnitz-Nord;09 Tolkewitz, Seidnitz, Gruna;StB 5 Blasewitz;StB 5 Blasewitz;159;06;44
558  Seidnitz-Nord(Schlottwtzr.Str);55 Tolkewitz/Seidnitz-Nord;09 Tolkewitz, Seidnitz, Gruna;StB 5 Blasewitz;StB 5 Blasewitz;159;06;44
561  Seidnitz(Rennbahn);56 Seidnitz/Dobritz;09 Tolkewitz, Seidnitz, Gruna;StB 5 Blasewitz;StB 5 Blasewitz;159;06;44
562  Seidnitz(Schilfweg);56 Seidnitz/Dobritz;09 Tolkewitz, Seidnitz, Gruna;StB 5 Blasewitz;StB 5 Blasewitz;159;06;44
563  Seidnitz(Dobritzer Str);56 Seidnitz/Dobritz;09 Tolkewitz, Seidnitz, Gruna;StB 5 Blasewitz;StB 5 Blasewitz;159;06;44
564  Dobritz(Altdobritz/Basedowstr);56 Seidnitz/Dobritz;09 Tolkewitz, Seidnitz, Gruna;StB 5 Blasewitz;StB 5 Blasewitz;159;06;44
565  Seidnitz(Hellendorfer Str);56 Seidnitz/Dobritz;09 Tolkewitz, Seidnitz, Gruna;StB 5 Blasewitz;StB 5 Blasewitz;159;06;44
566  Seidnitz(Altseidnitz);56 Seidnitz/Dobritz;09 Tolkewitz, Seidnitz, Gruna;StB 5 Blasewitz;StB 5 Blasewitz;159;06;44
568  Seidnitz(Hirschbacher Weg);56 Seidnitz/Dobritz;09 Tolkewitz, Seidnitz, Gruna;StB 5 Blasewitz;StB 5 Blasewitz;159;06;44
569  Seidnitz(Ulberndorfer Weg);56 Seidnitz/Dobritz;09 Tolkewitz, Seidnitz, Gruna;StB 5 Blasewitz;StB 5 Blasewitz;159;06;44
571  Gruna(Karl-Roth-Str);57 Gruna;09 Tolkewitz, Seidnitz, Gruna;StB 5 Blasewitz;StB 5 Blasewitz;159;06;44
572  Gruna(Falkensteinpl);57 Gruna;09 Tolkewitz, Seidnitz, Gruna;StB 5 Blasewitz;StB 5 Blasewitz;159;06;44
573  Gruna(Gartenheimallee);57 Gruna;09 Tolkewitz, Seidnitz, Gruna;StB 5 Blasewitz;StB 5 Blasewitz;159;06;44
574  Gruna(Am Knie);57 Gruna;09 Tolkewitz, Seidnitz, Gruna;StB 5 Blasewitz;StB 5 Blasewitz;159;06;44
575  Gruna(Rosenbergstr);57 Gruna;09 Tolkewitz, Seidnitz, Gruna;StB 5 Blasewitz;StB 5 Blasewitz;159;06;44
576  Gruna(Papstdorfer Str);57 Gruna;09 Tolkewitz, Seidnitz, Gruna;StB 5 Blasewitz;StB 5 Blasewitz;159;06;44
577  Gruna(Beilstr);57 Gruna;09 Tolkewitz, Seidnitz, Gruna;StB 5 Blasewitz;StB 5 Blasewitz;159;06;44
578  Gruna(Karcherallee);57 Gruna;09 Tolkewitz, Seidnitz, Gruna;StB 5 Blasewitz;StB 5 Blasewitz;159;06;44
579  Strehlen-Nordost(Basteistr);57 Gruna;09 Tolkewitz, Seidnitz, Gruna;StB 5 Blasewitz;StB 5 Blasewitz;159;06;44
611  Leuben(Altleuben);61 Leuben;10 StB Leuben;StB 6 Leuben;StB 6 Leuben;159;07;42
612  Leuben(Stephensonstr);61 Leuben;10 StB Leuben;StB 6 Leuben;StB 6 Leuben;159;07;42
613  Leuben(Kleinzschachwitzer Str);61 Leuben;10 StB Leuben;StB 6 Leuben;StB 6 Leuben;159;07;42
614  Leuben/Niedersedlitz(Sachsenw);61 Leuben;10 StB Leuben;StB 6 Leuben;StB 6 Leuben;159;07;42
615  Leuben(Altleuben);61 Leuben;10 StB Leuben;StB 6 Leuben;StB 6 Leuben;159;07;42
616  Leuben(Mockethaler Str);61 Leuben;10 StB Leuben;StB 6 Leuben;StB 6 Leuben;159;07;42
617  Leuben(Birkwitzer Weg);61 Leuben;10 StB Leuben;StB 6 Leuben;StB 6 Leuben;159;07;42
618  Leuben(Rottwerndorfer Str);61 Leuben;10 StB Leuben;StB 6 Leuben;StB 6 Leuben;159;07;42
619  Dobritz-Süd(Jessener Str);61 Leuben;10 StB Leuben;StB 6 Leuben;StB 6 Leuben;159;07;42
621  Laubegast-Nord/Alttolkewitz;62 Laubegast;10 StB Leuben;StB 6 Leuben;StB 6 Leuben;159;07;42
622  Laubegast(Burgenlandstr);62 Laubegast;10 StB Leuben;StB 6 Leuben;StB 6 Leuben;159;07;42
623  Laubegast(Hallstädter Str);62 Laubegast;10 StB Leuben;StB 6 Leuben;StB 6 Leuben;159;07;42
624  Laubegast(Altlaubegast);62 Laubegast;10 StB Leuben;StB 6 Leuben;StB 6 Leuben;159;07;42
625  Laubegast(Gasteiner Str);62 Laubegast;10 StB Leuben;StB 6 Leuben;StB 6 Leuben;159;07;42
626  Laubegast(Kärntner Weg);62 Laubegast;10 StB Leuben;StB 6 Leuben;StB 6 Leuben;159;07;42
631  Kleinzschachwitz-Nord;63 Kleinzschachwitz;10 StB Leuben;StB 6 Leuben;StB 6 Leuben;159;07;42
632  Kleinzschachwitz-Süd;63 Kleinzschachwitz;10 StB Leuben;StB 6 Leuben;StB 6 Leuben;159;07;42
633  Meußlitz;63 Kleinzschachwitz;10 StB Leuben;StB 6 Leuben;StB 6 Leuben;159;07;42
634  Zschieren;63 Kleinzschachwitz;10 StB Leuben;StB 6 Leuben;StB 6 Leuben;159;07;42
641  Großzschachwitz(Alte Str);64 Großzschachwitz;10 StB Leuben;StB 6 Leuben;StB 6 Leuben;159;07;42
642  Großzschachwitz(Rathener-Nord);64 Großzschachwitz;10 StB Leuben;StB 6 Leuben;StB 6 Leuben;159;07;42
643  Großzschachwitz(Rathener-Mitt);64 Großzschachwitz;10 StB Leuben;StB 6 Leuben;StB 6 Leuben;159;07;42
644  Großzschachwitz(Rathener-Süd);64 Großzschachwitz;10 StB Leuben;StB 6 Leuben;StB 6 Leuben;159;07;42
645  Großzschachwitz(Schweizstr);64 Großzschachwitz;10 StB Leuben;StB 6 Leuben;StB 6 Leuben;159;07;42
646  Sporbitz;64 Großzschachwitz;10 StB Leuben;StB 6 Leuben;StB 6 Leuben;159;07;42
711  Prohlis-Nord(Dohnaer Pl);71 Prohlis-Nord;11 Prohlis, Reick (mit Sternhäuser, Am Koitschgraben);StB 7 Prohlis;StB 7 Prohlis;159;08;42
712  Prohlis-Nord(Am Anger);71 Prohlis-Nord;11 Prohlis, Reick (mit Sternhäuser, Am Koitschgraben);StB 7 Prohlis;StB 7 Prohlis;159;08;42
713  Prohlis-Nord(Gubener Str);71 Prohlis-Nord;11 Prohlis, Reick (mit Sternhäuser, Am Koitschgraben);StB 7 Prohlis;StB 7 Prohlis;159;08;42
714  Prohlis-Nord(Albert-Wolf-Pl);71 Prohlis-Nord;11 Prohlis, Reick (mit Sternhäuser, Am Koitschgraben);StB 7 Prohlis;StB 7 Prohlis;159;08;42
715  Prohlis-Nord(Jacob-Winter-Pl);71 Prohlis-Nord;11 Prohlis, Reick (mit Sternhäuser, Am Koitschgraben);StB 7 Prohlis;StB 7 Prohlis;159;08;42
721  Prohlis-Süd(Spremberger Str);72 Prohlis-Süd;11 Prohlis, Reick (mit Sternhäuser, Am Koitschgraben);StB 7 Prohlis;StB 7 Prohlis;159;08;42
722  Prohlis-Süd(Finsterwald.-West);72 Prohlis-Süd;11 Prohlis, Reick (mit Sternhäuser, Am Koitschgraben);StB 7 Prohlis;StB 7 Prohlis;159;08;42
723  Prohlis-Süd(Finsterwald.-Ost);72 Prohlis-Süd;11 Prohlis, Reick (mit Sternhäuser, Am Koitschgraben);StB 7 Prohlis;StB 7 Prohlis;159;08;42
724  Prohlis-Süd(Senftenberger-Süd);72 Prohlis-Süd;11 Prohlis, Reick (mit Sternhäuser, Am Koitschgraben);StB 7 Prohlis;StB 7 Prohlis;159;08;42
725  Prohlis-Süd(Elsterwerdaer-SW);72 Prohlis-Süd;11 Prohlis, Reick (mit Sternhäuser, Am Koitschgraben);StB 7 Prohlis;StB 7 Prohlis;159;08;42
726  Prohlis-Süd(Spreewalder-Süd);72 Prohlis-Süd;11 Prohlis, Reick (mit Sternhäuser, Am Koitschgraben);StB 7 Prohlis;StB 7 Prohlis;159;08;42
727  Prohlis-Süd(Spreewalder-Ost);72 Prohlis-Süd;11 Prohlis, Reick (mit Sternhäuser, Am Koitschgraben);StB 7 Prohlis;StB 7 Prohlis;159;08;42
728  Prohlis-Süd(Spreewalder-West);72 Prohlis-Süd;11 Prohlis, Reick (mit Sternhäuser, Am Koitschgraben);StB 7 Prohlis;StB 7 Prohlis;159;08;42
731  Niedersedlitz-Südost;73 Niedersedlitz;12 Niedersedlitz, Leubnitz, Strehlen (ohne Sternhäuser, Am Koitschgraben);StB 7 Prohlis;StB 7 Prohlis;159;08;42
732  Niedersedlitz(Dorfstr);73 Niedersedlitz;12 Niedersedlitz, Leubnitz, Strehlen (ohne Sternhäuser, Am Koitschgraben);StB 7 Prohlis;StB 7 Prohlis;159;08;42
733  Niedersedlitz(Windmühlenstr);73 Niedersedlitz;12 Niedersedlitz, Leubnitz, Strehlen (ohne Sternhäuser, Am Koitschgraben);StB 7 Prohlis;StB 7 Prohlis;159;08;42
734  Niedersedlitz(Sosaer Str);73 Niedersedlitz;12 Niedersedlitz, Leubnitz, Strehlen (ohne Sternhäuser, Am Koitschgraben);StB 7 Prohlis;StB 7 Prohlis;159;08;42
741  Luga;74 Lockwitz;12 Niedersedlitz, Leubnitz, Strehlen (ohne Sternhäuser, Am Koitschgraben);StB 7 Prohlis;StB 7 Prohlis;159;08;43
742  Lockwitz;74 Lockwitz;12 Niedersedlitz, Leubnitz, Strehlen (ohne Sternhäuser, Am Koitschgraben);StB 7 Prohlis;StB 7 Prohlis;159;08;43
743  Nickern;74 Lockwitz;12 Niedersedlitz, Leubnitz, Strehlen (ohne Sternhäuser, Am Koitschgraben);StB 7 Prohlis;StB 7 Prohlis;159;08;43
744  Kauscha;74 Lockwitz;12 Niedersedlitz, Leubnitz, Strehlen (ohne Sternhäuser, Am Koitschgraben);StB 7 Prohlis;StB 7 Prohlis;159;08;43
751  Torna;75 Leubnitz-Neuostra;12 Niedersedlitz, Leubnitz, Strehlen (ohne Sternhäuser, Am Koitschgraben);StB 7 Prohlis;StB 7 Prohlis;159;08;43
752  Leubnitz(Leubnitzer Höhe);75 Leubnitz-Neuostra;12 Niedersedlitz, Leubnitz, Strehlen (ohne Sternhäuser, Am Koitschgraben);StB 7 Prohlis;StB 7 Prohlis;159;08;43
753  Leubnitz(Hans-Otto-Weg);75 Leubnitz-Neuostra;12 Niedersedlitz, Leubnitz, Strehlen (ohne Sternhäuser, Am Koitschgraben);StB 7 Prohlis;StB 7 Prohlis;159;08;43
754  Leubnitz(Fritz-Busch-Str);75 Leubnitz-Neuostra;12 Niedersedlitz, Leubnitz, Strehlen (ohne Sternhäuser, Am Koitschgraben);StB 7 Prohlis;StB 7 Prohlis;159;08;43
755  Leubnitz(Altleubnitz);75 Leubnitz-Neuostra;12 Niedersedlitz, Leubnitz, Strehlen (ohne Sternhäuser, Am Koitschgraben);StB 7 Prohlis;StB 7 Prohlis;159;08;43
756  Leubnitz(Wieckestr);75 Leubnitz-Neuostra;12 Niedersedlitz, Leubnitz, Strehlen (ohne Sternhäuser, Am Koitschgraben);StB 7 Prohlis;StB 7 Prohlis;159;08;43
757  Leubnitz(Clausen-Dahl-Str);75 Leubnitz-Neuostra;12 Niedersedlitz, Leubnitz, Strehlen (ohne Sternhäuser, Am Koitschgraben);StB 7 Prohlis;StB 7 Prohlis;159;08;43
758  Leubnitz(Feuerbachstr);75 Leubnitz-Neuostra;12 Niedersedlitz, Leubnitz, Strehlen (ohne Sternhäuser, Am Koitschgraben);StB 7 Prohlis;StB 7 Prohlis;159;08;43
759  Mockritz-Ost(Gostritzer Str);75 Leubnitz-Neuostra;12 Niedersedlitz, Leubnitz, Strehlen (ohne Sternhäuser, Am Koitschgraben);StB 7 Prohlis;StB 7 Prohlis;159;08;43
761  Strehlen(August-Bebel-Str);76 Strehlen;12 Niedersedlitz, Leubnitz, Strehlen (ohne Sternhäuser, Am Koitschgraben);StB 7 Prohlis;StB 7 Prohlis;159;08;45
762  Strehlen(Rayskistr);76 Strehlen;12 Niedersedlitz, Leubnitz, Strehlen (ohne Sternhäuser, Am Koitschgraben);StB 7 Prohlis;StB 7 Prohlis;159;08;45
763  Strehlen(Lenbachstr);76 Strehlen;12 Niedersedlitz, Leubnitz, Strehlen (ohne Sternhäuser, Am Koitschgraben);StB 7 Prohlis;StB 7 Prohlis;159;08;45
764  Strehlen(Geystr);76 Strehlen;12 Niedersedlitz, Leubnitz, Strehlen (ohne Sternhäuser, Am Koitschgraben);StB 7 Prohlis;StB 7 Prohlis;159;08;45
765  Strehlen(Eugen-Bracht-Str);76 Strehlen;12 Niedersedlitz, Leubnitz, Strehlen (ohne Sternhäuser, Am Koitschgraben);StB 7 Prohlis;StB 7 Prohlis;159;08;45
766  Strehlen(Hans-Lohmar-Str);76 Strehlen;11 Prohlis, Reick (mit Sternhäuser, Am Koitschgraben);StB 7 Prohlis;StB 7 Prohlis;159;08;45
767  Strehlen(Wilhelm-Lachnit-Str);76 Strehlen;11 Prohlis, Reick (mit Sternhäuser, Am Koitschgraben);StB 7 Prohlis;StB 7 Prohlis;159;08;45
771  Reick(Lohrmannstr);77 Reick;11 Prohlis, Reick (mit Sternhäuser, Am Koitschgraben);StB 7 Prohlis;StB 7 Prohlis;159;08;43
772  Reick(Am Lehmhaus);77 Reick;11 Prohlis, Reick (mit Sternhäuser, Am Koitschgraben);StB 7 Prohlis;StB 7 Prohlis;159;08;43
773  Reick(Lübbenauer Str);77 Reick;11 Prohlis, Reick (mit Sternhäuser, Am Koitschgraben);StB 7 Prohlis;StB 7 Prohlis;159;08;43
774  Reick(Mügelner Str);77 Reick;11 Prohlis, Reick (mit Sternhäuser, Am Koitschgraben);StB 7 Prohlis;StB 7 Prohlis;159;08;43
811  Südvs.-West(Feldschlößchenstr);81 Südvorstadt-West;13 Südvorstadt, Zschertnitz;StB 8 Plauen;StB 8 Plauen;159;09;43
812  Südvs.-West(Schweizer Str);81 Südvorstadt-West;13 Südvorstadt, Zschertnitz;StB 8 Plauen;StB 8 Plauen;159;09;43
813  Südvs.-West(Bayrische Str);81 Südvorstadt-West;13 Südvorstadt, Zschertnitz;StB 8 Plauen;StB 8 Plauen;159;09;43
814  Südvs.-West(Eisenstuckst-West);81 Südvorstadt-West;13 Südvorstadt, Zschertnitz;StB 8 Plauen;StB 8 Plauen;159;09;43
815  Südvs.-West(Eisenstuckst-Mitt);81 Südvorstadt-West;13 Südvorstadt, Zschertnitz;StB 8 Plauen;StB 8 Plauen;159;09;43
816  Südvs.-West(Schnorrstr-West);81 Südvorstadt-West;13 Südvorstadt, Zschertnitz;StB 8 Plauen;StB 8 Plauen;159;09;43
817  Südvs.-West(Nürnberger Pl/TU);81 Südvorstadt-West;13 Südvorstadt, Zschertnitz;StB 8 Plauen;StB 8 Plauen;159;09;43
818  Südvs.-West(Bayreuther-West);81 Südvorstadt-West;13 Südvorstadt, Zschertnitz;StB 8 Plauen;StB 8 Plauen;159;09;43
819  Südvs.-West(Bayreuther-Ost);81 Südvorstadt-West;13 Südvorstadt, Zschertnitz;StB 8 Plauen;StB 8 Plauen;159;09;43
821  Südvs.-Ost(Hochschulstr);82 Südvorstadt-Ost;13 Südvorstadt, Zschertnitz;StB 8 Plauen;StB 8 Plauen;159;09;43
822  Südvs.-Ost(Uhlandstr);82 Südvorstadt-Ost;13 Südvorstadt, Zschertnitz;StB 8 Plauen;StB 8 Plauen;159;09;43
823  Südvs.-Ost(Lukasplatz);82 Südvorstadt-Ost;13 Südvorstadt, Zschertnitz;StB 8 Plauen;StB 8 Plauen;159;09;43
824  Südvs.-Ost(Ackermannstr);82 Südvorstadt-Ost;13 Südvorstadt, Zschertnitz;StB 8 Plauen;StB 8 Plauen;159;09;43
825  Südvs.-Ost(Wundtstr);82 Südvorstadt-Ost;13 Südvorstadt, Zschertnitz;StB 8 Plauen;StB 8 Plauen;159;09;43
831  Räcknitz(Alträcknitz);83 Räcknitz/Zschertnitz;13 Südvorstadt, Zschertnitz;StB 8 Plauen;StB 8 Plauen;159;09;43
832  Zschertnitz(Böllstr);83 Räcknitz/Zschertnitz;13 Südvorstadt, Zschertnitz;StB 8 Plauen;StB 8 Plauen;159;09;43
833  Zschertnitz(Auguste-Lazar-Str);83 Räcknitz/Zschertnitz;13 Südvorstadt, Zschertnitz;StB 8 Plauen;StB 8 Plauen;159;09;43
834  Zschertnitz(Bulgakowstr);83 Räcknitz/Zschertnitz;13 Südvorstadt, Zschertnitz;StB 8 Plauen;StB 8 Plauen;159;09;43
835  Zschertnitz(Rubensweg);83 Räcknitz/Zschertnitz;13 Südvorstadt, Zschertnitz;StB 8 Plauen;StB 8 Plauen;159;09;43
836  Zschertnitz(Paradiesstr);83 Räcknitz/Zschertnitz;13 Südvorstadt, Zschertnitz;StB 8 Plauen;StB 8 Plauen;159;09;43
837  Zschertnitz(Zschertnitzer Weg);83 Räcknitz/Zschertnitz;13 Südvorstadt, Zschertnitz;StB 8 Plauen;StB 8 Plauen;159;09;43
838  Zschertnitz(Tizianstr);83 Räcknitz/Zschertnitz;13 Südvorstadt, Zschertnitz;StB 8 Plauen;StB 8 Plauen;159;09;43
839  Strehlen-SW(Donndorfstr);83 Räcknitz/Zschertnitz;13 Südvorstadt, Zschertnitz;StB 8 Plauen;StB 8 Plauen;159;09;43
841  Kleinpestitz(Muldaer Str);84 Kleinpestitz/Mockritz;14 Mockritz, Coschütz, Plauen;StB 8 Plauen;StB 8 Plauen;159;09;43
842  Kleinpestitz(Eppendorfer Weg);84 Kleinpestitz/Mockritz;14 Mockritz, Coschütz, Plauen;StB 8 Plauen;StB 8 Plauen;159;09;43
843  Kleinpestitz(Dorfhainer Str);84 Kleinpestitz/Mockritz;14 Mockritz, Coschütz, Plauen;StB 8 Plauen;StB 8 Plauen;159;09;43
844  Kaitz;84 Kleinpestitz/Mockritz;14 Mockritz, Coschütz, Plauen;StB 8 Plauen;StB 8 Plauen;159;09;43
845  Altmockritz/Altpestitz;84 Kleinpestitz/Mockritz;14 Mockritz, Coschütz, Plauen;StB 8 Plauen;StB 8 Plauen;159;09;43
846  Gostritz;84 Kleinpestitz/Mockritz;14 Mockritz, Coschütz, Plauen;StB 8 Plauen;StB 8 Plauen;159;09;43
851  Coschütz-Ost;85 Coschütz/Gittersee;14 Mockritz, Coschütz, Plauen;StB 8 Plauen;StB 8 Plauen;159;09;43
852  Coschütz-West;85 Coschütz/Gittersee;14 Mockritz, Coschütz, Plauen;StB 8 Plauen;StB 8 Plauen;159;09;43
853  Gittersee;85 Coschütz/Gittersee;14 Mockritz, Coschütz, Plauen;StB 8 Plauen;StB 8 Plauen;159;09;43
861  Plauen(Würzburger Str-West);86 Plauen;14 Mockritz, Coschütz, Plauen;StB 8 Plauen;StB 8 Plauen;159;09;43
862  Plauen(Würzburger Str-Ost);86 Plauen;14 Mockritz, Coschütz, Plauen;StB 8 Plauen;StB 8 Plauen;159;09;43
863  Plauen(Regensburger Str);86 Plauen;14 Mockritz, Coschütz, Plauen;StB 8 Plauen;StB 8 Plauen;159;09;43
864  Plauen(Nöthnitzer Str);86 Plauen;14 Mockritz, Coschütz, Plauen;StB 8 Plauen;StB 8 Plauen;159;09;43
865  Plauen(Müllerbrunnenstr);86 Plauen;14 Mockritz, Coschütz, Plauen;StB 8 Plauen;StB 8 Plauen;159;09;43
866  Plauen(Kantstr);86 Plauen;14 Mockritz, Coschütz, Plauen;StB 8 Plauen;StB 8 Plauen;159;09;43
867  Plauen(Friedrich-Hegel-Str);86 Plauen;14 Mockritz, Coschütz, Plauen;StB 8 Plauen;StB 8 Plauen;159;09;43
868  Plauen(Hohenplauen);86 Plauen;14 Mockritz, Coschütz, Plauen;StB 8 Plauen;StB 8 Plauen;159;09;43
901  Cossebaude-Nord;90 Cossebaude/Mobschatz/Oberw.;17 Briesnitz und westliche OS;StB 9 Cotta/westliche Ortschaften;OS Cossebaude;160;11;46
902  Cossebaude-Süd;90 Cossebaude/Mobschatz/Oberw.;17 Briesnitz und westliche OS;StB 9 Cotta/westliche Ortschaften;OS Cossebaude;160;11;46
903  Gohlis;90 Cossebaude/Mobschatz/Oberw.;17 Briesnitz und westliche OS;StB 9 Cotta/westliche Ortschaften;OS Cossebaude;160;11;46
904  Niederwartha;90 Cossebaude/Mobschatz/Oberw.;17 Briesnitz und westliche OS;StB 9 Cotta/westliche Ortschaften;OS Cossebaude;160;11;46
905  Oberwartha;90 Cossebaude/Mobschatz/Oberw.;17 Briesnitz und westliche OS;StB 9 Cotta/westliche Ortschaften;OS Oberwartha;160;11;46
906  Mobschatz;90 Cossebaude/Mobschatz/Oberw.;17 Briesnitz und westliche OS;StB 9 Cotta/westliche Ortschaften;OS Mobschatz;160;11;46
907  Alt-Leuteritz/Brabschütz;90 Cossebaude/Mobschatz/Oberw.;17 Briesnitz und westliche OS;StB 9 Cotta/westliche Ortschaften;OS Mobschatz;160;11;46
908  Rennersdorf;90 Cossebaude/Mobschatz/Oberw.;17 Briesnitz und westliche OS;StB 9 Cotta/westliche Ortschaften;OS Mobschatz;160;11;46
909  Merbitz/Podemus;90 Cossebaude/Mobschatz/Oberw.;17 Briesnitz und westliche OS;StB 9 Cotta/westliche Ortschaften;OS Mobschatz;160;11;46
911  Cotta(Cossebauder Str);91 Cotta;15 Cotta, Löbtau, Naußlitz, Dölzschen;StB 9 Cotta/westliche Ortschaften;StB 9 Cotta;160;10;47
912  Cotta(Grillparzerplatz);91 Cotta;15 Cotta, Löbtau, Naußlitz, Dölzschen;StB 9 Cotta/westliche Ortschaften;StB 9 Cotta;160;10;47
913  Cotta(Weidentalstr-West);91 Cotta;15 Cotta, Löbtau, Naußlitz, Dölzschen;StB 9 Cotta/westliche Ortschaften;StB 9 Cotta;160;10;47
914  Cotta(Weidentalstr-Ost);91 Cotta;15 Cotta, Löbtau, Naußlitz, Dölzschen;StB 9 Cotta/westliche Ortschaften;StB 9 Cotta;160;10;47
915  Cotta(Sachsdorfer Str);91 Cotta;15 Cotta, Löbtau, Naußlitz, Dölzschen;StB 9 Cotta/westliche Ortschaften;StB 9 Cotta;160;10;47
916  Friedrichst.-SW(Fröbelstr);91 Cotta;15 Cotta, Löbtau, Naußlitz, Dölzschen;StB 9 Cotta/westliche Ortschaften;StB 9 Cotta;160;10;47
921  Löbtau-Nord(Ebertplatz);92 Löbtau-Nord;15 Cotta, Löbtau, Naußlitz, Dölzschen;StB 9 Cotta/westliche Ortschaften;StB 9 Cotta;160;10;46
922  Löbtau-Nord(Altlöbtau);92 Löbtau-Nord;15 Cotta, Löbtau, Naußlitz, Dölzschen;StB 9 Cotta/westliche Ortschaften;StB 9 Cotta;160;10;46
923  Löbtau-Nord(Grumbacher Str);92 Löbtau-Nord;15 Cotta, Löbtau, Naußlitz, Dölzschen;StB 9 Cotta/westliche Ortschaften;StB 9 Cotta;160;10;46
924  Löbtau-Nord(Conertplatz);92 Löbtau-Nord;15 Cotta, Löbtau, Naußlitz, Dölzschen;StB 9 Cotta/westliche Ortschaften;StB 9 Cotta;160;10;46
925  Löbtau-Nord(Malterstr-Nord);92 Löbtau-Nord;15 Cotta, Löbtau, Naußlitz, Dölzschen;StB 9 Cotta/westliche Ortschaften;StB 9 Cotta;160;10;46
931  Löbtau-Süd(Schillingstr);93 Löbtau-Süd;15 Cotta, Löbtau, Naußlitz, Dölzschen;StB 9 Cotta/westliche Ortschaften;StB 9 Cotta;160;10;46
932  Löbtau-Süd(Frankenbergstr);93 Löbtau-Süd;15 Cotta, Löbtau, Naußlitz, Dölzschen;StB 9 Cotta/westliche Ortschaften;StB 9 Cotta;160;10;46
933  Löbtau-Süd(Altfrankener Str);93 Löbtau-Süd;15 Cotta, Löbtau, Naußlitz, Dölzschen;StB 9 Cotta/westliche Ortschaften;StB 9 Cotta;160;10;46
934  Löbtau-Süd(Zauckeroder Str);93 Löbtau-Süd;15 Cotta, Löbtau, Naußlitz, Dölzschen;StB 9 Cotta/westliche Ortschaften;StB 9 Cotta;160;10;46
935  Löbtau-Süd(Deubener Str);93 Löbtau-Süd;15 Cotta, Löbtau, Naußlitz, Dölzschen;StB 9 Cotta/westliche Ortschaften;StB 9 Cotta;160;10;46
936  Löbtau-Süd(Rabenauer Str);93 Löbtau-Süd;15 Cotta, Löbtau, Naußlitz, Dölzschen;StB 9 Cotta/westliche Ortschaften;StB 9 Cotta;160;10;46
941  Naußlitz-Nord;94 Naußlitz;15 Cotta, Löbtau, Naußlitz, Dölzschen;StB 9 Cotta/westliche Ortschaften;StB 9 Cotta;160;10;46
942  Wölfnitz;94 Naußlitz;15 Cotta, Löbtau, Naußlitz, Dölzschen;StB 9 Cotta/westliche Ortschaften;StB 9 Cotta;160;10;46
943  Naußlitz-West;94 Naußlitz;15 Cotta, Löbtau, Naußlitz, Dölzschen;StB 9 Cotta/westliche Ortschaften;StB 9 Cotta;160;10;46
944  Naußlitz-Süd;94 Naußlitz;15 Cotta, Löbtau, Naußlitz, Dölzschen;StB 9 Cotta/westliche Ortschaften;StB 9 Cotta;160;10;46
945  Dölzschen;94 Naußlitz;15 Cotta, Löbtau, Naußlitz, Dölzschen;StB 9 Cotta/westliche Ortschaften;StB 9 Cotta;160;10;46
946  Niedergorbitz/Roßthal;94 Naußlitz;15 Cotta, Löbtau, Naußlitz, Dölzschen;StB 9 Cotta/westliche Ortschaften;StB 9 Cotta;160;10;46
951  Gorbitz-Süd(Amal.-Dietrich-Pl);95 Gorbitz-Süd;16 Gorbitz;StB 9 Cotta/westliche Ortschaften;StB 9 Cotta;160;11;46
952  Gorbitz-Süd(Wölfn. Ring-Ost);95 Gorbitz-Süd;16 Gorbitz;StB 9 Cotta/westliche Ortschaften;StB 9 Cotta;160;11;46
953  Gorbitz-Süd(Wölfn. Ring-West);95 Gorbitz-Süd;16 Gorbitz;StB 9 Cotta/westliche Ortschaften;StB 9 Cotta;160;11;46
954  Gorbitz-Süd(Altgorb. Ring-Ost);95 Gorbitz-Süd;16 Gorbitz;StB 9 Cotta/westliche Ortschaften;StB 9 Cotta;160;11;46
955  Gorbitz-Süd(Altgorb.Ring-Mitt);95 Gorbitz-Süd;16 Gorbitz;StB 9 Cotta/westliche Ortschaften;StB 9 Cotta;160;11;46
956  Gorbitz-Süd(Wilsdr. Ring-Ost);95 Gorbitz-Süd;16 Gorbitz;StB 9 Cotta/westliche Ortschaften;StB 9 Cotta;160;11;46
957  Gorbitz-Süd(Wilsdr. Ring-West);95 Gorbitz-Süd;16 Gorbitz;StB 9 Cotta/westliche Ortschaften;StB 9 Cotta;160;11;46
958  Gorbitz-Süd(Schreberstr);95 Gorbitz-Süd;16 Gorbitz;StB 9 Cotta/westliche Ortschaften;StB 9 Cotta;160;11;46
961  Gorbitz-Ost(Am Gorbitzbach);96 Gorbitz-Ost;16 Gorbitz;StB 9 Cotta/westliche Ortschaften;StB 9 Cotta;160;11;46
962  Gorbitz-Ost(Dahlienweg-Süd);96 Gorbitz-Ost;16 Gorbitz;StB 9 Cotta/westliche Ortschaften;StB 9 Cotta;160;11;46
963  Gorbitz-Ost(Asternweg);96 Gorbitz-Ost;16 Gorbitz;StB 9 Cotta/westliche Ortschaften;StB 9 Cotta;160;11;46
964  Gorbitz-Ost(Höhenpromenade);96 Gorbitz-Ost;16 Gorbitz;StB 9 Cotta/westliche Ortschaften;StB 9 Cotta;160;11;46
965  Gorbitz-Ost(Leutew. Ring-Ost);96 Gorbitz-Ost;16 Gorbitz;StB 9 Cotta/westliche Ortschaften;StB 9 Cotta;160;11;46
966  Gorbitz-Ost(Leutew. Ring-Mitt);96 Gorbitz-Ost;16 Gorbitz;StB 9 Cotta/westliche Ortschaften;StB 9 Cotta;160;11;46
967  Gorbitz-Ost(Leutew. Ring-West);96 Gorbitz-Ost;16 Gorbitz;StB 9 Cotta/westliche Ortschaften;StB 9 Cotta;160;11;46
971  Gorbitz-Nord(Omsew. Ring-SO);97 Gorbitz-Nord/Neu-Omsewitz;16 Gorbitz;StB 9 Cotta/westliche Ortschaften;StB 9 Cotta;160;11;46
972  Gorbitz-Nord(Omsew. Ring-NW);97 Gorbitz-Nord/Neu-Omsewitz;16 Gorbitz;StB 9 Cotta/westliche Ortschaften;StB 9 Cotta;160;11;46
973  Neu-Omsewitz(Melisseweg);97 Gorbitz-Nord/Neu-Omsewitz;16 Gorbitz;StB 9 Cotta/westliche Ortschaften;StB 9 Cotta;160;11;46
974  Neu-Omsew.(Kresseweg);97 Gorbitz-Nord/Neu-Omsewitz;16 Gorbitz;StB 9 Cotta/westliche Ortschaften;StB 9 Cotta;160;11;46
975  Neu-Omsewitz(Harthaer-Ost);97 Gorbitz-Nord/Neu-Omsewitz;16 Gorbitz;StB 9 Cotta/westliche Ortschaften;StB 9 Cotta;160;11;46
976  Neu-Omsewitz(Harthaer-Mitte);97 Gorbitz-Nord/Neu-Omsewitz;16 Gorbitz;StB 9 Cotta/westliche Ortschaften;StB 9 Cotta;160;11;46
977  Neu-Omsewitz(Harthaer-West);97 Gorbitz-Nord/Neu-Omsewitz;16 Gorbitz;StB 9 Cotta/westliche Ortschaften;StB 9 Cotta;160;11;46
981  Stetzsch;98 Briesnitz;17 Briesnitz und westliche OS;StB 9 Cotta/westliche Ortschaften;StB 9 Cotta;160;11;46
982  Kemnitz;98 Briesnitz;17 Briesnitz und westliche OS;StB 9 Cotta/westliche Ortschaften;StB 9 Cotta;160;11;46
983  Briesnitz-Nord;98 Briesnitz;17 Briesnitz und westliche OS;StB 9 Cotta/westliche Ortschaften;StB 9 Cotta;160;11;46
984  Briesnitz-Süd;98 Briesnitz;17 Briesnitz und westliche OS;StB 9 Cotta/westliche Ortschaften;StB 9 Cotta;160;11;46
985  Alt-Omsewitz;98 Briesnitz;17 Briesnitz und westliche OS;StB 9 Cotta/westliche Ortschaften;StB 9 Cotta;160;11;46
986  Leutewitz;98 Briesnitz;17 Briesnitz und westliche OS;StB 9 Cotta/westliche Ortschaften;StB 9 Cotta;160;11;46
991  Gompitz;99 Altfranken/Gompitz;17 Briesnitz und westliche OS;StB 9 Cotta/westliche Ortschaften;OS Gompitz;160;11;46
992  Ockerwitz;99 Altfranken/Gompitz;17 Briesnitz und westliche OS;StB 9 Cotta/westliche Ortschaften;OS Gompitz;160;11;46
993  Pennrich;99 Altfranken/Gompitz;17 Briesnitz und westliche OS;StB 9 Cotta/westliche Ortschaften;OS Gompitz;160;11;46
994  Zöllmen;99 Altfranken/Gompitz;17 Briesnitz und westliche OS;StB 9 Cotta/westliche Ortschaften;OS Gompitz;160;11;46
995  Steinbach;99 Altfranken/Gompitz;17 Briesnitz und westliche OS;StB 9 Cotta/westliche Ortschaften;OS Gompitz;160;11;46
996  Roitzsch;99 Altfranken/Gompitz;17 Briesnitz und westliche OS;StB 9 Cotta/westliche Ortschaften;OS Gompitz;160;11;46
997  Unkersdorf;99 Altfranken/Gompitz;17 Briesnitz und westliche OS;StB 9 Cotta/westliche Ortschaften;OS Gompitz;160;11;46
998  Altfranken;99 Altfranken/Gompitz;17 Briesnitz und westliche OS;StB 9 Cotta/westliche Ortschaften;OS Altfranken;160;11;46
