Jahr;Wahlbezirk;Stadtteil zus.;Stadtraum;Stadtbezirk mit zugeordneten Ortschaften;Wahl-Form;Wahlberechtigte;Wahlberechtigte mit WS;Wähler;Wähler mit WS;Stimmen gültig;Stimmen CDU;Stimmen SPD;Stimmen Die Linke;Stimmen Grüne;Stimmen FDP;Stimmen Rechte Parteien;Stimmen AfD;Stimmen Piraten;Stimmen sonstiger Parteien;Stimmen ungültig
2019;01000;01 Innere Altstadt;01 StB Altstadt ohne Johannstadt;StB 0 Altstadt;Wahlbezirk_Brief;0;0;311;311;901;182;75;196;248;77;0;65;19;39;9
2019;01100;01 Innere Altstadt;01 StB Altstadt ohne Johannstadt;StB 0 Altstadt;Wahlbezirk_Urne;1360;344;600;0;1708;195;169;380;390;182;0;257;46;89;16
2019;02001;02 Pirnaische Vorstadt;01 StB Altstadt ohne Johannstadt;StB 0 Altstadt;Wahlbezirk_Brief;0;0;550;550;1568;330;209;347;264;88;0;187;28;115;7
2019;02002;02 Pirnaische Vorstadt;01 StB Altstadt ohne Johannstadt;StB 0 Altstadt;Wahlbezirk_Brief;0;0;339;339;998;234;96;211;163;95;0;94;29;76;1
2019;02100;02 Pirnaische Vorstadt;01 StB Altstadt ohne Johannstadt;StB 0 Altstadt;Wahlbezirk_Urne;1404;292;593;1;1703;208;146;468;359;104;0;202;73;143;5
2019;02200;02 Pirnaische Vorstadt;01 StB Altstadt ohne Johannstadt;StB 0 Altstadt;Wahlbezirk_Urne;1750;369;705;1;2019;307;201;514;364;94;0;294;77;168;13
2019;02400;02 Pirnaische Vorstadt;01 StB Altstadt ohne Johannstadt;StB 0 Altstadt;Wahlbezirk_Urne;1385;299;560;0;1559;347;166;246;205;101;0;371;20;103;13
2019;03001;03 Seevorstadt-Ost;01 StB Altstadt ohne Johannstadt;StB 0 Altstadt;Wahlbezirk_Brief;0;0;473;473;1381;255;163;264;313;105;0;154;30;97;2
2019;03002;03 Seevorstadt-Ost;01 StB Altstadt ohne Johannstadt;StB 0 Altstadt;Wahlbezirk_Brief;0;0;642;642;1806;377;209;355;321;148;0;222;42;132;26
2019;03100;03 Seevorstadt-Ost;01 StB Altstadt ohne Johannstadt;StB 0 Altstadt;Wahlbezirk_Urne;1349;242;517;0;1453;222;134;260;301;107;0;272;50;107;12
2019;03200;03 Seevorstadt-Ost;01 StB Altstadt ohne Johannstadt;StB 0 Altstadt;Wahlbezirk_Urne;1307;265;579;1;1634;295;142;319;292;88;0;281;50;167;12
2019;03300;03 Seevorstadt-Ost;01 StB Altstadt ohne Johannstadt;StB 0 Altstadt;Wahlbezirk_Urne;1243;238;622;0;1738;419;137;351;287;118;0;284;46;96;22
2019;03401;03 Seevorstadt-Ost;01 StB Altstadt ohne Johannstadt;StB 0 Altstadt;Wahlbezirk_Urne;1265;286;551;0;1494;287;164;277;230;106;0;300;47;83;15
2019;03402;03 Seevorstadt-Ost;01 StB Altstadt ohne Johannstadt;StB 0 Altstadt;Wahlbezirk_Urne;735;188;362;6;1027;215;84;132;209;74;0;213;10;90;7
2019;04001;04 Wilsdruffer Vs./Seevs.-West;01 StB Altstadt ohne Johannstadt;StB 0 Altstadt;Wahlbezirk_Brief;0;0;888;888;2511;551;269;529;488;234;0;246;60;134;4
2019;04002;04 Wilsdruffer Vs./Seevs.-West;01 StB Altstadt ohne Johannstadt;StB 0 Altstadt;Wahlbezirk_Brief;0;0;515;515;1514;281;189;405;190;101;0;203;35;110;3
2019;04100;04 Wilsdruffer Vs./Seevs.-West;01 StB Altstadt ohne Johannstadt;StB 0 Altstadt;Wahlbezirk_Urne;1435;406;597;1;1711;253;147;287;473;177;0;213;37;124;9
2019;04200;04 Wilsdruffer Vs./Seevs.-West;01 StB Altstadt ohne Johannstadt;StB 0 Altstadt;Wahlbezirk_Urne;1268;313;458;0;1297;234;110;233;270;124;0;208;27;91;9
2019;04300;04 Wilsdruffer Vs./Seevs.-West;01 StB Altstadt ohne Johannstadt;StB 0 Altstadt;Wahlbezirk_Urne;1353;240;544;1;1529;226;135;302;226;103;0;349;58;130;12
2019;04400;04 Wilsdruffer Vs./Seevs.-West;01 StB Altstadt ohne Johannstadt;StB 0 Altstadt;Wahlbezirk_Urne;1184;260;455;0;1199;238;123;225;198;70;0;229;27;89;11
2019;04500;04 Wilsdruffer Vs./Seevs.-West;01 StB Altstadt ohne Johannstadt;StB 0 Altstadt;Wahlbezirk_Urne;1015;166;453;1;1258;171;106;287;175;61;0;295;29;134;12
2019;04600;04 Wilsdruffer Vs./Seevs.-West;01 StB Altstadt ohne Johannstadt;StB 0 Altstadt;Wahlbezirk_Urne;918;165;452;0;1262;252;154;258;124;61;0;292;18;103;10
2019;05001;05 Friedrichstadt;01 StB Altstadt ohne Johannstadt;StB 0 Altstadt;Wahlbezirk_Brief;0;0;614;614;1827;184;167;392;519;152;0;131;126;156;3
2019;05002;05 Friedrichstadt;01 StB Altstadt ohne Johannstadt;StB 0 Altstadt;Wahlbezirk_Brief;0;0;572;572;1684;245;172;313;487;136;0;106;113;112;1
2019;05101;05 Friedrichstadt;01 StB Altstadt ohne Johannstadt;StB 0 Altstadt;Wahlbezirk_Urne;801;116;279;2;808;121;73;179;105;51;0;179;19;81;3
2019;05102;05 Friedrichstadt;01 StB Altstadt ohne Johannstadt;StB 0 Altstadt;Wahlbezirk_Urne;1298;258;604;0;1744;195;95;322;472;118;0;218;141;183;6
2019;05200;05 Friedrichstadt;01 StB Altstadt ohne Johannstadt;StB 0 Altstadt;Wahlbezirk_Urne;1498;314;613;0;1769;97;133;427;526;108;0;161;139;178;12
2019;05301;05 Friedrichstadt;01 StB Altstadt ohne Johannstadt;StB 0 Altstadt;Wahlbezirk_Urne;1743;454;665;2;1883;137;153;403;564;176;0;223;68;159;10
2019;05302;05 Friedrichstadt;01 StB Altstadt ohne Johannstadt;StB 0 Altstadt;Wahlbezirk_Urne;1118;194;406;3;1155;89;93;310;205;73;0;209;86;90;8
2019;06001;06 Johannstadt-Nord;02 Johannstadt;StB 0 Altstadt;Wahlbezirk_Brief;0;0;408;408;1183;231;144;300;169;49;0;140;33;117;5
2019;06002;06 Johannstadt-Nord;02 Johannstadt;StB 0 Altstadt;Wahlbezirk_Brief;0;0;687;687;2000;273;230;394;637;121;0;151;54;140;9
2019;06003;06 Johannstadt-Nord;02 Johannstadt;StB 0 Altstadt;Wahlbezirk_Brief;0;0;665;665;1815;294;166;350;527;124;0;196;26;132;41
2019;06100;06 Johannstadt-Nord;02 Johannstadt;StB 0 Altstadt;Wahlbezirk_Urne;1014;169;557;0;1522;319;175;287;104;72;0;376;24;165;16
2019;06200;06 Johannstadt-Nord;02 Johannstadt;StB 0 Altstadt;Wahlbezirk_Urne;1124;190;493;1;1395;193;167;326;262;63;0;274;30;80;15
2019;06300;06 Johannstadt-Nord;02 Johannstadt;StB 0 Altstadt;Wahlbezirk_Urne;760;84;266;2;737;107;54;165;61;49;0;215;27;59;9
2019;06400;06 Johannstadt-Nord;02 Johannstadt;StB 0 Altstadt;Wahlbezirk_Urne;1187;258;530;2;1485;283;161;268;294;55;0;285;44;95;15
2019;06500;06 Johannstadt-Nord;02 Johannstadt;StB 0 Altstadt;Wahlbezirk_Urne;941;234;531;1;1536;203;135;269;500;109;0;149;63;108;9
2019;06600;06 Johannstadt-Nord;02 Johannstadt;StB 0 Altstadt;Wahlbezirk_Urne;1500;305;634;2;1769;250;157;374;358;132;0;294;67;137;16
2019;06700;06 Johannstadt-Nord;02 Johannstadt;StB 0 Altstadt;Wahlbezirk_Urne;841;258;413;6;1185;127;182;232;393;57;0;96;30;68;5
2019;06800;06 Johannstadt-Nord;02 Johannstadt;StB 0 Altstadt;Wahlbezirk_Urne;1722;401;688;2;1979;301;196;417;583;147;0;172;62;101;10
2019;07001;07 Johannstadt-Süd;02 Johannstadt;StB 0 Altstadt;Wahlbezirk_Brief;0;0;656;656;1864;441;247;366;229;132;0;284;25;140;19
2019;07002;07 Johannstadt-Süd;02 Johannstadt;StB 0 Altstadt;Wahlbezirk_Brief;0;0;529;529;1492;334;143;353;181;90;0;282;23;86;31
2019;07003;07 Johannstadt-Süd;02 Johannstadt;StB 0 Altstadt;Wahlbezirk_Brief;0;0;700;700;1976;371;220;487;235;113;0;355;36;159;19
2019;07100;07 Johannstadt-Süd;02 Johannstadt;StB 0 Altstadt;Wahlbezirk_Urne;1203;242;563;1;1598;360;119;329;238;100;0;268;51;133;13
2019;07200;07 Johannstadt-Süd;02 Johannstadt;StB 0 Altstadt;Wahlbezirk_Urne;927;192;489;1;1345;304;142;240;117;105;0;358;14;65;18
2019;07300;07 Johannstadt-Süd;02 Johannstadt;StB 0 Altstadt;Wahlbezirk_Urne;1208;285;546;0;1491;317;148;263;169;86;0;350;42;116;15
2019;07400;07 Johannstadt-Süd;02 Johannstadt;StB 0 Altstadt;Wahlbezirk_Urne;1578;336;657;0;1819;390;141;364;205;117;0;474;16;112;29
2019;07500;07 Johannstadt-Süd;02 Johannstadt;StB 0 Altstadt;Wahlbezirk_Urne;1289;259;524;0;1477;296;159;337;152;70;0;350;18;95;9
2019;07600;07 Johannstadt-Süd;02 Johannstadt;StB 0 Altstadt;Wahlbezirk_Urne;947;246;397;0;1071;219;101;228;99;67;0;283;12;62;12
2019;07700;07 Johannstadt-Süd;02 Johannstadt;StB 0 Altstadt;Wahlbezirk_Urne;912;166;377;0;1049;140;120;290;156;38;0;206;35;64;10
2019;07800;07 Johannstadt-Süd;02 Johannstadt;StB 0 Altstadt;Wahlbezirk_Urne;988;138;441;0;1207;226;112;285;139;58;0;275;30;82;12
2019;07900;07 Johannstadt-Süd;02 Johannstadt;StB 0 Altstadt;Wahlbezirk_Urne;1053;199;504;0;1382;275;108;232;198;113;0;308;29;119;12
2019;11001;11 Äußere Neustadt (Antonstadt);03 StB Neustadt ohne Leipziger Vorstadt;StB 1 Neustadt;Wahlbezirk_Brief;0;0;635;635;1828;127;189;484;671;77;0;55;93;132;5
2019;11002;11 Äußere Neustadt (Antonstadt);03 StB Neustadt ohne Leipziger Vorstadt;StB 1 Neustadt;Wahlbezirk_Brief;0;0;597;597;1771;121;194;413;739;58;0;54;103;89;6
2019;11003;11 Äußere Neustadt (Antonstadt);03 StB Neustadt ohne Leipziger Vorstadt;StB 1 Neustadt;Wahlbezirk_Brief;0;0;715;715;2099;101;220;490;920;39;0;71;112;146;4
2019;11004;11 Äußere Neustadt (Antonstadt);03 StB Neustadt ohne Leipziger Vorstadt;StB 1 Neustadt;Wahlbezirk_Brief;0;0;753;753;2214;89;207;537;1015;58;0;33;128;147;9
2019;11005;11 Äußere Neustadt (Antonstadt);03 StB Neustadt ohne Leipziger Vorstadt;StB 1 Neustadt;Wahlbezirk_Brief;0;0;655;655;1855;122;242;467;677;81;0;59;88;119;3
2019;11100;11 Äußere Neustadt (Antonstadt);03 StB Neustadt ohne Leipziger Vorstadt;StB 1 Neustadt;Wahlbezirk_Urne;1751;493;763;10;2266;128;199;626;912;71;0;59;94;177;3
2019;11200;11 Äußere Neustadt (Antonstadt);03 StB Neustadt ohne Leipziger Vorstadt;StB 1 Neustadt;Wahlbezirk_Urne;1338;360;692;4;2028;104;187;515;875;68;0;42;119;118;10
2019;11300;11 Äußere Neustadt (Antonstadt);03 StB Neustadt ohne Leipziger Vorstadt;StB 1 Neustadt;Wahlbezirk_Urne;1317;293;656;5;1955;126;206;522;629;79;0;123;105;165;3
2019;11401;11 Äußere Neustadt (Antonstadt);03 StB Neustadt ohne Leipziger Vorstadt;StB 1 Neustadt;Wahlbezirk_Urne;838;219;446;3;1321;56;91;319;529;69;0;52;93;112;0
2019;11402;11 Äußere Neustadt (Antonstadt);03 StB Neustadt ohne Leipziger Vorstadt;StB 1 Neustadt;Wahlbezirk_Urne;1011;233;489;6;1426;127;134;344;495;48;0;84;74;120;9
2019;11500;11 Äußere Neustadt (Antonstadt);03 StB Neustadt ohne Leipziger Vorstadt;StB 1 Neustadt;Wahlbezirk_Urne;1607;430;860;3;2527;60;232;659;1060;61;0;100;136;219;6
2019;11601;11 Äußere Neustadt (Antonstadt);03 StB Neustadt ohne Leipziger Vorstadt;StB 1 Neustadt;Wahlbezirk_Urne;1205;343;663;3;1956;74;262;488;839;51;0;38;108;96;7
2019;11602;11 Äußere Neustadt (Antonstadt);03 StB Neustadt ohne Leipziger Vorstadt;StB 1 Neustadt;Wahlbezirk_Urne;1440;403;779;7;2302;64;207;613;985;58;0;100;148;127;3
2019;11700;11 Äußere Neustadt (Antonstadt);03 StB Neustadt ohne Leipziger Vorstadt;StB 1 Neustadt;Wahlbezirk_Urne;1409;415;721;3;2116;77;161;560;940;34;0;111;131;102;9
2019;11800;11 Äußere Neustadt (Antonstadt);03 StB Neustadt ohne Leipziger Vorstadt;StB 1 Neustadt;Wahlbezirk_Urne;1659;458;770;5;2269;106;180;595;956;54;0;91;119;168;6
2019;12001;12 Radeberger Vorstadt;03 StB Neustadt ohne Leipziger Vorstadt;StB 1 Neustadt;Wahlbezirk_Brief;0;0;834;834;2481;372;257;346;956;207;0;160;55;128;3
2019;12002;12 Radeberger Vorstadt;03 StB Neustadt ohne Leipziger Vorstadt;StB 1 Neustadt;Wahlbezirk_Brief;0;0;669;669;1946;320;226;409;452;160;0;192;53;134;18
2019;12100;12 Radeberger Vorstadt;03 StB Neustadt ohne Leipziger Vorstadt;StB 1 Neustadt;Wahlbezirk_Urne;924;292;492;3;1437;155;137;265;522;83;0;106;64;105;5
2019;12201;12 Radeberger Vorstadt;03 StB Neustadt ohne Leipziger Vorstadt;StB 1 Neustadt;Wahlbezirk_Urne;1115;324;580;3;1682;192;183;262;621;113;0;161;35;115;7
2019;12202;12 Radeberger Vorstadt;03 StB Neustadt ohne Leipziger Vorstadt;StB 1 Neustadt;Wahlbezirk_Urne;1095;309;554;0;1619;285;131;218;523;145;0;188;36;93;3
2019;12301;12 Radeberger Vorstadt;03 StB Neustadt ohne Leipziger Vorstadt;StB 1 Neustadt;Wahlbezirk_Urne;1114;286;525;2;1516;231;117;331;316;118;0;192;52;159;10
2019;12302;12 Radeberger Vorstadt;03 StB Neustadt ohne Leipziger Vorstadt;StB 1 Neustadt;Wahlbezirk_Urne;956;245;493;2;1457;219;101;268;405;159;0;196;26;83;4
2019;12400;12 Radeberger Vorstadt;03 StB Neustadt ohne Leipziger Vorstadt;StB 1 Neustadt;Wahlbezirk_Urne;1371;198;591;3;1650;186;119;424;228;96;0;390;54;153;13
2019;13001;13 Innere Neustadt;03 StB Neustadt ohne Leipziger Vorstadt;StB 1 Neustadt;Wahlbezirk_Brief;0;0;713;713;2001;363;266;423;430;152;0;146;58;163;13
2019;13002;13 Innere Neustadt;03 StB Neustadt ohne Leipziger Vorstadt;StB 1 Neustadt;Wahlbezirk_Brief;0;0;805;805;2364;361;312;436;797;133;0;104;86;135;12
2019;13100;13 Innere Neustadt;03 StB Neustadt ohne Leipziger Vorstadt;StB 1 Neustadt;Wahlbezirk_Urne;1371;435;582;2;1665;265;177;232;545;139;0;127;70;110;3
2019;13200;13 Innere Neustadt;03 StB Neustadt ohne Leipziger Vorstadt;StB 1 Neustadt;Wahlbezirk_Urne;1209;311;469;0;1314;289;92;278;146;75;0;268;73;93;12
2019;13300;13 Innere Neustadt;03 StB Neustadt ohne Leipziger Vorstadt;StB 1 Neustadt;Wahlbezirk_Urne;1431;369;689;2;2037;194;225;398;694;106;0;128;104;188;3
2019;13400;13 Innere Neustadt;03 StB Neustadt ohne Leipziger Vorstadt;StB 1 Neustadt;Wahlbezirk_Urne;1729;521;731;0;2116;297;215;404;658;131;0;198;79;134;9
2019;14001;14 Leipziger Vorstadt;04 Leipziger Vorstadt, Pieschen;StB 1 Neustadt;Wahlbezirk_Brief;0;0;644;644;1901;123;172;533;640;57;0;86;114;176;3
2019;14002;14 Leipziger Vorstadt;04 Leipziger Vorstadt, Pieschen;StB 1 Neustadt;Wahlbezirk_Brief;0;0;700;700;2001;79;175;579;796;60;0;52;108;152;4
2019;14003;14 Leipziger Vorstadt;04 Leipziger Vorstadt, Pieschen;StB 1 Neustadt;Wahlbezirk_Brief;0;0;771;771;2253;202;234;501;795;149;0;133;75;164;5
2019;14100;14 Leipziger Vorstadt;04 Leipziger Vorstadt, Pieschen;StB 1 Neustadt;Wahlbezirk_Urne;1078;230;520;3;1510;122;103;426;403;71;0;128;96;161;10
2019;14200;14 Leipziger Vorstadt;04 Leipziger Vorstadt, Pieschen;StB 1 Neustadt;Wahlbezirk_Urne;1687;466;803;2;2301;102;153;774;845;47;0;85;124;171;11
2019;14300;14 Leipziger Vorstadt;04 Leipziger Vorstadt, Pieschen;StB 1 Neustadt;Wahlbezirk_Urne;1732;431;883;5;2580;66;185;820;963;56;0;77;151;262;11
2019;14401;14 Leipziger Vorstadt;04 Leipziger Vorstadt, Pieschen;StB 1 Neustadt;Wahlbezirk_Urne;1247;327;641;5;1871;58;159;514;683;49;0;107;101;200;9
2019;14402;14 Leipziger Vorstadt;04 Leipziger Vorstadt, Pieschen;StB 1 Neustadt;Wahlbezirk_Urne;1225;306;721;3;2121;105;185;541;847;58;0;94;106;185;7
2019;14500;14 Leipziger Vorstadt;04 Leipziger Vorstadt, Pieschen;StB 1 Neustadt;Wahlbezirk_Urne;1554;267;819;0;2394;192;229;520;809;85;0;249;143;167;8
2019;14600;14 Leipziger Vorstadt;04 Leipziger Vorstadt, Pieschen;StB 1 Neustadt;Wahlbezirk_Urne;1245;265;611;0;1776;267;116;295;321;147;0;427;52;151;7
2019;15000;15 Albertstadt;03 StB Neustadt ohne Leipziger Vorstadt;StB 1 Neustadt;Wahlbezirk_Brief;0;0;564;564;1659;240;195;255;462;142;0;197;61;107;11
2019;15100;15 Albertstadt;03 StB Neustadt ohne Leipziger Vorstadt;StB 1 Neustadt;Wahlbezirk_Urne;1523;395;595;1;1750;229;168;282;622;147;0;155;50;97;2
2019;15300;15 Albertstadt;03 StB Neustadt ohne Leipziger Vorstadt;StB 1 Neustadt;Wahlbezirk_Urne;822;196;385;2;1090;147;84;234;238;87;0;154;41;105;7
2019;21001;21 Pieschen-Süd;04 Leipziger Vorstadt, Pieschen;StB 2 Pieschen;Wahlbezirk_Brief;0;0;688;688;2035;207;251;507;646;58;4;136;68;158;2
2019;21002;21 Pieschen-Süd;04 Leipziger Vorstadt, Pieschen;StB 2 Pieschen;Wahlbezirk_Brief;0;0;442;442;1272;145;180;254;392;65;4;100;33;99;1
2019;21003;21 Pieschen-Süd;04 Leipziger Vorstadt, Pieschen;StB 2 Pieschen;Wahlbezirk_Brief;0;0;517;517;1523;138;171;346;496;53;0;117;73;129;6
2019;21100;21 Pieschen-Süd;04 Leipziger Vorstadt, Pieschen;StB 2 Pieschen;Wahlbezirk_Urne;1247;291;611;0;1768;132;183;480;477;57;6;181;98;154;10
2019;21200;21 Pieschen-Süd;04 Leipziger Vorstadt, Pieschen;StB 2 Pieschen;Wahlbezirk_Urne;1391;271;644;2;1880;183;136;479;483;80;4;262;93;160;6
2019;21301;21 Pieschen-Süd;04 Leipziger Vorstadt, Pieschen;StB 2 Pieschen;Wahlbezirk_Urne;916;196;471;1;1354;152;181;238;364;56;6;213;54;90;6
2019;21302;21 Pieschen-Süd;04 Leipziger Vorstadt, Pieschen;StB 2 Pieschen;Wahlbezirk_Urne;1642;284;776;1;2232;212;224;418;635;84;27;282;119;231;6
2019;21303;21 Pieschen-Süd;04 Leipziger Vorstadt, Pieschen;StB 2 Pieschen;Wahlbezirk_Urne;929;186;369;1;1069;123;171;166;286;42;6;106;46;123;6
2019;21400;21 Pieschen-Süd;04 Leipziger Vorstadt, Pieschen;StB 2 Pieschen;Wahlbezirk_Urne;1491;284;676;1;1922;153;213;406;599;35;14;236;89;177;11
2019;21500;21 Pieschen-Süd;04 Leipziger Vorstadt, Pieschen;StB 2 Pieschen;Wahlbezirk_Urne;1510;261;653;3;1874;165;172;383;495;61;18;260;119;201;16
2019;22001;22 Mickten;05 Mickten, Kaditz, Trachau;StB 2 Pieschen;Wahlbezirk_Brief;0;0;451;451;1327;277;163;188;261;43;5;205;57;128;3
2019;22002;22 Mickten;05 Mickten, Kaditz, Trachau;StB 2 Pieschen;Wahlbezirk_Brief;0;0;474;474;1315;282;146;230;193;57;5;232;37;133;19
2019;22003;22 Mickten;05 Mickten, Kaditz, Trachau;StB 2 Pieschen;Wahlbezirk_Brief;0;0;615;615;1784;337;248;274;330;94;7;274;58;162;14
2019;22100;22 Mickten;05 Mickten, Kaditz, Trachau;StB 2 Pieschen;Wahlbezirk_Urne;1595;274;701;6;1996;249;213;390;470;89;15;341;76;153;10
2019;22200;22 Mickten;05 Mickten, Kaditz, Trachau;StB 2 Pieschen;Wahlbezirk_Urne;1399;217;623;0;1763;244;150;303;291;109;14;381;92;179;13
2019;22300;22 Mickten;05 Mickten, Kaditz, Trachau;StB 2 Pieschen;Wahlbezirk_Urne;1275;177;542;0;1532;197;126;304;245;68;19;343;61;169;12
2019;22400;22 Mickten;05 Mickten, Kaditz, Trachau;StB 2 Pieschen;Wahlbezirk_Urne;889;112;406;0;1147;210;110;178;75;55;36;364;13;106;10
2019;22501;22 Mickten;05 Mickten, Kaditz, Trachau;StB 2 Pieschen;Wahlbezirk_Urne;1204;215;580;1;1635;254;172;239;206;81;15;374;67;227;13
2019;22502;22 Mickten;05 Mickten, Kaditz, Trachau;StB 2 Pieschen;Wahlbezirk_Urne;1711;321;760;1;2178;310;241;401;410;91;9;413;65;238;12
2019;22600;22 Mickten;05 Mickten, Kaditz, Trachau;StB 2 Pieschen;Wahlbezirk_Urne;1092;175;544;0;1543;202;149;195;176;79;21;359;57;305;9
2019;22700;22 Mickten;05 Mickten, Kaditz, Trachau;StB 2 Pieschen;Wahlbezirk_Urne;1131;163;604;1;1711;290;153;240;165;53;12;484;34;280;9
2019;23000;23 Kaditz;05 Mickten, Kaditz, Trachau;StB 2 Pieschen;Wahlbezirk_Brief;0;0;606;606;1763;458;177;226;223;124;2;396;22;135;7
2019;23100;23 Kaditz;05 Mickten, Kaditz, Trachau;StB 2 Pieschen;Wahlbezirk_Urne;1084;188;513;0;1457;250;87;226;222;76;16;402;46;132;7
2019;23200;23 Kaditz;05 Mickten, Kaditz, Trachau;StB 2 Pieschen;Wahlbezirk_Urne;1230;194;476;1;1364;167;91;238;228;96;15;370;37;122;5
2019;23300;23 Kaditz;05 Mickten, Kaditz, Trachau;StB 2 Pieschen;Wahlbezirk_Urne;1060;161;574;0;1611;477;142;173;211;72;7;404;13;112;10
2019;23400;23 Kaditz;05 Mickten, Kaditz, Trachau;StB 2 Pieschen;Wahlbezirk_Urne;1059;128;549;0;1513;331;120;268;143;81;19;409;13;129;20
2019;24001;24 Trachau;05 Mickten, Kaditz, Trachau;StB 2 Pieschen;Wahlbezirk_Brief;0;0;800;800;2355;549;287;401;552;98;8;282;35;143;5
2019;24002;24 Trachau;05 Mickten, Kaditz, Trachau;StB 2 Pieschen;Wahlbezirk_Brief;0;0;688;688;2003;399;347;387;334;72;10;282;26;146;6
2019;24100;24 Trachau;05 Mickten, Kaditz, Trachau;StB 2 Pieschen;Wahlbezirk_Urne;951;171;479;0;1343;233;169;204;260;66;3;269;33;106;12
2019;24200;24 Trachau;05 Mickten, Kaditz, Trachau;StB 2 Pieschen;Wahlbezirk_Urne;1128;256;636;2;1841;271;227;336;482;106;3;260;58;98;6
2019;24300;24 Trachau;05 Mickten, Kaditz, Trachau;StB 2 Pieschen;Wahlbezirk_Urne;1028;208;592;3;1723;350;218;275;326;88;12;286;32;136;9
2019;24400;24 Trachau;05 Mickten, Kaditz, Trachau;StB 2 Pieschen;Wahlbezirk_Urne;1318;289;663;3;1914;300;240;332;370;96;10;365;43;158;3
2019;24500;24 Trachau;05 Mickten, Kaditz, Trachau;StB 2 Pieschen;Wahlbezirk_Urne;1508;292;726;0;1967;381;197;324;283;73;32;495;37;145;12
2019;24700;24 Trachau;05 Mickten, Kaditz, Trachau;StB 2 Pieschen;Wahlbezirk_Urne;1076;172;501;0;1424;252;136;274;228;67;9;340;27;91;11
2019;24800;24 Trachau;05 Mickten, Kaditz, Trachau;StB 2 Pieschen;Wahlbezirk_Urne;1016;253;512;4;1475;370;167;210;206;84;1;327;19;91;6
2019;25001;25 Pieschen-N/Trachenberge;04 Leipziger Vorstadt, Pieschen;StB 2 Pieschen;Wahlbezirk_Brief;0;0;628;628;1831;325;257;364;389;77;10;198;51;160;7
2019;25002;25 Pieschen-N/Trachenberge;04 Leipziger Vorstadt, Pieschen;StB 2 Pieschen;Wahlbezirk_Brief;0;0;577;577;1673;215;216;389;375;83;19;201;38;137;12
2019;25003;25 Pieschen-N/Trachenberge;04 Leipziger Vorstadt, Pieschen;StB 2 Pieschen;Wahlbezirk_Brief;0;0;494;494;1455;303;229;254;300;83;5;164;28;89;2
2019;25100;25 Pieschen-N/Trachenberge;04 Leipziger Vorstadt, Pieschen;StB 2 Pieschen;Wahlbezirk_Urne;1489;243;689;2;1958;243;153;452;400;60;21;310;85;234;15
2019;25200;25 Pieschen-N/Trachenberge;04 Leipziger Vorstadt, Pieschen;StB 2 Pieschen;Wahlbezirk_Urne;1265;212;540;2;1561;172;146;367;294;83;16;218;64;201;13
2019;25300;25 Pieschen-N/Trachenberge;04 Leipziger Vorstadt, Pieschen;StB 2 Pieschen;Wahlbezirk_Urne;1402;248;671;2;1860;352;188;271;267;114;22;456;40;150;13
2019;25400;25 Pieschen-N/Trachenberge;04 Leipziger Vorstadt, Pieschen;StB 2 Pieschen;Wahlbezirk_Urne;1796;321;814;2;2319;318;184;486;490;68;13;348;102;310;15
2019;25500;25 Pieschen-N/Trachenberge;04 Leipziger Vorstadt, Pieschen;StB 2 Pieschen;Wahlbezirk_Urne;1676;327;694;4;1971;289;184;382;424;103;22;303;67;197;9
2019;25600;25 Pieschen-N/Trachenberge;04 Leipziger Vorstadt, Pieschen;StB 2 Pieschen;Wahlbezirk_Urne;846;205;386;0;1124;233;113;181;235;50;12;184;13;103;3
2019;25700;25 Pieschen-N/Trachenberge;04 Leipziger Vorstadt, Pieschen;StB 2 Pieschen;Wahlbezirk_Urne;1532;332;715;1;2068;399;197;338;419;80;9;440;36;150;8
2019;31001;31 Klotzsche;06 StB Klotzsche und nördliche OS;StB 3 Klotzsche/nördliche Ortschaften;Wahlbezirk_Brief;0;0;668;668;1934;425;186;371;362;303;4;283;0;0;7
2019;31002;31 Klotzsche;06 StB Klotzsche und nördliche OS;StB 3 Klotzsche/nördliche Ortschaften;Wahlbezirk_Brief;0;0;761;761;2194;539;173;321;487;378;9;287;0;0;8
2019;31003;31 Klotzsche;06 StB Klotzsche und nördliche OS;StB 3 Klotzsche/nördliche Ortschaften;Wahlbezirk_Brief;0;0;614;614;1752;422;103;350;310;268;15;284;0;0;11
2019;31100;31 Klotzsche;06 StB Klotzsche und nördliche OS;StB 3 Klotzsche/nördliche Ortschaften;Wahlbezirk_Urne;1621;344;778;2;2221;481;177;295;567;305;17;379;0;0;12
2019;31200;31 Klotzsche;06 StB Klotzsche und nördliche OS;StB 3 Klotzsche/nördliche Ortschaften;Wahlbezirk_Urne;1367;225;649;2;1758;305;150;316;267;230;17;473;0;0;15
2019;31300;31 Klotzsche;06 StB Klotzsche und nördliche OS;StB 3 Klotzsche/nördliche Ortschaften;Wahlbezirk_Urne;1021;163;531;0;1425;255;94;298;156;220;27;375;0;0;21
2019;31400;31 Klotzsche;06 StB Klotzsche und nördliche OS;StB 3 Klotzsche/nördliche Ortschaften;Wahlbezirk_Urne;1422;331;792;0;2257;592;159;226;497;379;22;382;0;0;6
2019;31500;31 Klotzsche;06 StB Klotzsche und nördliche OS;StB 3 Klotzsche/nördliche Ortschaften;Wahlbezirk_Urne;1132;229;683;6;1954;406;122;266;514;280;4;362;0;0;10
2019;31601;31 Klotzsche;06 StB Klotzsche und nördliche OS;StB 3 Klotzsche/nördliche Ortschaften;Wahlbezirk_Urne;1184;276;643;2;1842;409;142;256;387;341;21;286;0;0;9
2019;31602;31 Klotzsche;06 StB Klotzsche und nördliche OS;StB 3 Klotzsche/nördliche Ortschaften;Wahlbezirk_Urne;1062;261;624;5;1792;421;123;251;474;241;34;248;0;0;8
2019;31701;31 Klotzsche;06 StB Klotzsche und nördliche OS;StB 3 Klotzsche/nördliche Ortschaften;Wahlbezirk_Urne;947;130;462;1;1312;234;85;304;171;233;20;265;0;0;9
2019;31702;31 Klotzsche;06 StB Klotzsche und nördliche OS;StB 3 Klotzsche/nördliche Ortschaften;Wahlbezirk_Urne;1059;181;481;0;1343;286;147;279;153;148;19;311;0;0;10
2019;31800;31 Klotzsche;06 StB Klotzsche und nördliche OS;StB 3 Klotzsche/nördliche Ortschaften;Wahlbezirk_Urne;877;102;451;0;1223;138;82;294;190;156;43;320;0;0;12
2019;32001;32 Hellerau/Wilschdorf;06 StB Klotzsche und nördliche OS;StB 3 Klotzsche/nördliche Ortschaften;Wahlbezirk_Brief;0;0;379;379;1085;338;70;158;108;193;15;203;0;0;6
2019;32002;32 Hellerau/Wilschdorf;06 StB Klotzsche und nördliche OS;StB 3 Klotzsche/nördliche Ortschaften;Wahlbezirk_Brief;0;0;641;641;1844;440;210;315;444;212;2;221;0;0;7
2019;32100;32 Hellerau/Wilschdorf;06 StB Klotzsche und nördliche OS;StB 3 Klotzsche/nördliche Ortschaften;Wahlbezirk_Urne;1377;270;756;0;2177;514;101;266;275;359;32;630;0;0;8
2019;32201;32 Hellerau/Wilschdorf;06 StB Klotzsche und nördliche OS;StB 3 Klotzsche/nördliche Ortschaften;Wahlbezirk_Urne;873;152;477;0;1326;277;53;137;162;285;19;393;0;0;11
2019;32202;32 Hellerau/Wilschdorf;06 StB Klotzsche und nördliche OS;StB 3 Klotzsche/nördliche Ortschaften;Wahlbezirk_Urne;794;184;391;0;1099;264;71;137;109;209;24;285;0;0;4
2019;32300;32 Hellerau/Wilschdorf;06 StB Klotzsche und nördliche OS;StB 3 Klotzsche/nördliche Ortschaften;Wahlbezirk_Urne;921;210;557;2;1584;367;115;218;335;231;23;295;0;0;6
2019;32400;32 Hellerau/Wilschdorf;06 StB Klotzsche und nördliche OS;StB 3 Klotzsche/nördliche Ortschaften;Wahlbezirk_Urne;1107;291;658;2;1904;309;292;227;517;285;14;260;0;0;5
2019;35010;35 Weixdorf;06 StB Klotzsche und nördliche OS;StB 3 Klotzsche/nördliche Ortschaften;Wahlbezirk_Brief;0;0;818;818;2407;864;0;218;0;121;0;0;0;1204;8
2019;35110;35 Weixdorf;06 StB Klotzsche und nördliche OS;StB 3 Klotzsche/nördliche Ortschaften;Wahlbezirk_Urne;1293;253;754;2;2179;633;0;263;0;65;0;0;0;1218;15
2019;35310;35 Weixdorf;06 StB Klotzsche und nördliche OS;StB 3 Klotzsche/nördliche Ortschaften;Wahlbezirk_Urne;1098;204;673;4;1945;587;0;174;0;93;0;0;0;1091;9
2019;35410;35 Weixdorf;06 StB Klotzsche und nördliche OS;StB 3 Klotzsche/nördliche Ortschaften;Wahlbezirk_Urne;1213;207;715;1;2068;568;0;228;0;129;0;0;0;1143;10
2019;35510;35 Weixdorf;06 StB Klotzsche und nördliche OS;StB 3 Klotzsche/nördliche Ortschaften;Wahlbezirk_Urne;979;194;534;0;1540;511;0;111;0;70;0;0;0;848;10
2019;35610;35 Weixdorf;06 StB Klotzsche und nördliche OS;StB 3 Klotzsche/nördliche Ortschaften;Wahlbezirk_Urne;208;31;107;0;313;114;0;18;0;6;0;0;0;175;1
2019;36010;36 Langebrück/Schönborn;06 StB Klotzsche und nördliche OS;StB 3 Klotzsche/nördliche Ortschaften;Wahlbezirk_Brief;0;0;611;611;1734;542;131;207;388;258;0;208;0;0;1
2019;36110;36 Langebrück/Schönborn;06 StB Klotzsche und nördliche OS;StB 3 Klotzsche/nördliche Ortschaften;Wahlbezirk_Urne;962;142;605;0;1753;661;63;169;297;213;0;350;0;0;5
2019;36210;36 Langebrück/Schönborn;06 StB Klotzsche und nördliche OS;StB 3 Klotzsche/nördliche Ortschaften;Wahlbezirk_Urne;1268;269;726;0;2133;803;114;182;441;294;0;299;0;0;4
2019;36310;36 Langebrück/Schönborn;06 StB Klotzsche und nördliche OS;StB 3 Klotzsche/nördliche Ortschaften;Wahlbezirk_Urne;786;235;457;1;1310;448;85;154;219;229;0;175;0;0;5
2019;36410;36 Langebrück/Schönborn;06 StB Klotzsche und nördliche OS;StB 3 Klotzsche/nördliche Ortschaften;Wahlbezirk_Urne;381;37;332;34;950;0;0;0;0;92;0;0;0;858;8
2019;41001;41 Loschwitz/Wachwitz;07 StB Loschwitz und OS Schönfeld-Weißig;StB 4 Loschwitz/OS Schönfeld-Weißig;Wahlbezirk_Brief;0;0;656;656;1923;508;239;216;550;140;0;128;0;142;8
2019;41002;41 Loschwitz/Wachwitz;07 StB Loschwitz und OS Schönfeld-Weißig;StB 4 Loschwitz/OS Schönfeld-Weißig;Wahlbezirk_Brief;0;0;563;563;1508;505;159;234;231;84;0;162;0;133;0
2019;41100;41 Loschwitz/Wachwitz;07 StB Loschwitz und OS Schönfeld-Weißig;StB 4 Loschwitz/OS Schönfeld-Weißig;Wahlbezirk_Urne;1333;403;693;4;2008;409;174;236;620;164;0;216;0;189;8
2019;41200;41 Loschwitz/Wachwitz;07 StB Loschwitz und OS Schönfeld-Weißig;StB 4 Loschwitz/OS Schönfeld-Weißig;Wahlbezirk_Urne;1228;317;668;4;1905;391;193;194;508;173;0;266;0;180;9
2019;41300;41 Loschwitz/Wachwitz;07 StB Loschwitz und OS Schönfeld-Weißig;StB 4 Loschwitz/OS Schönfeld-Weißig;Wahlbezirk_Urne;845;262;438;1;1263;282;157;107;316;119;0;154;0;128;4
2019;41400;41 Loschwitz/Wachwitz;07 StB Loschwitz und OS Schönfeld-Weißig;StB 4 Loschwitz/OS Schönfeld-Weißig;Wahlbezirk_Urne;1066;347;497;1;1443;250;154;148;373;101;0;232;0;185;7
2019;42001;42 Bühlau/Weißer Hirsch;07 StB Loschwitz und OS Schönfeld-Weißig;StB 4 Loschwitz/OS Schönfeld-Weißig;Wahlbezirk_Brief;0;0;759;759;2179;588;242;251;638;188;0;134;0;138;14
2019;42002;42 Bühlau/Weißer Hirsch;07 StB Loschwitz und OS Schönfeld-Weißig;StB 4 Loschwitz/OS Schönfeld-Weißig;Wahlbezirk_Brief;0;0;554;554;1627;484;178;210;357;119;0;135;0;144;4
2019;42003;42 Bühlau/Weißer Hirsch;07 StB Loschwitz und OS Schönfeld-Weißig;StB 4 Loschwitz/OS Schönfeld-Weißig;Wahlbezirk_Brief;0;0;722;722;2121;731;185;244;449;136;0;223;0;153;5
2019;42100;42 Bühlau/Weißer Hirsch;07 StB Loschwitz und OS Schönfeld-Weißig;StB 4 Loschwitz/OS Schönfeld-Weißig;Wahlbezirk_Urne;1505;430;793;6;2305;511;385;199;658;156;0;244;0;152;7
2019;42200;42 Bühlau/Weißer Hirsch;07 StB Loschwitz und OS Schönfeld-Weißig;StB 4 Loschwitz/OS Schönfeld-Weißig;Wahlbezirk_Urne;1467;399;804;7;2298;529;246;225;679;151;0;314;0;154;16
2019;42400;42 Bühlau/Weißer Hirsch;07 StB Loschwitz und OS Schönfeld-Weißig;StB 4 Loschwitz/OS Schönfeld-Weißig;Wahlbezirk_Urne;1232;336;602;0;1734;458;180;253;429;119;0;185;0;110;10
2019;42500;42 Bühlau/Weißer Hirsch;07 StB Loschwitz und OS Schönfeld-Weißig;StB 4 Loschwitz/OS Schönfeld-Weißig;Wahlbezirk_Urne;1159;286;653;1;1860;485;214;294;323;105;0;313;0;126;11
2019;42600;42 Bühlau/Weißer Hirsch;07 StB Loschwitz und OS Schönfeld-Weißig;StB 4 Loschwitz/OS Schönfeld-Weißig;Wahlbezirk_Urne;977;257;539;3;1556;420;179;176;323;130;0;234;0;94;5
2019;42700;42 Bühlau/Weißer Hirsch;07 StB Loschwitz und OS Schönfeld-Weißig;StB 4 Loschwitz/OS Schönfeld-Weißig;Wahlbezirk_Urne;1139;277;606;3;1703;399;193;184;315;173;0;321;0;118;11
2019;42800;42 Bühlau/Weißer Hirsch;07 StB Loschwitz und OS Schönfeld-Weißig;StB 4 Loschwitz/OS Schönfeld-Weißig;Wahlbezirk_Urne;744;138;456;3;1318;355;164;133;276;89;0;183;0;118;5
2019;42900;42 Bühlau/Weißer Hirsch;07 StB Loschwitz und OS Schönfeld-Weißig;StB 4 Loschwitz/OS Schönfeld-Weißig;Wahlbezirk_Urne;673;134;386;4;1111;234;144;146;240;69;0;165;0;113;6
2019;43000;43 Hosterwitz/Pillnitz;07 StB Loschwitz und OS Schönfeld-Weißig;StB 4 Loschwitz/OS Schönfeld-Weißig;Wahlbezirk_Brief;0;0;620;620;1820;353;184;261;448;84;0;317;0;173;5
2019;43100;43 Hosterwitz/Pillnitz;07 StB Loschwitz und OS Schönfeld-Weißig;StB 4 Loschwitz/OS Schönfeld-Weißig;Wahlbezirk_Urne;503;120;257;1;735;119;104;97;164;52;0;151;0;48;0
2019;43200;43 Hosterwitz/Pillnitz;07 StB Loschwitz und OS Schönfeld-Weißig;StB 4 Loschwitz/OS Schönfeld-Weißig;Wahlbezirk_Urne;1496;399;780;2;2201;368;224;290;544;140;0;384;0;251;15
2019;43400;43 Hosterwitz/Pillnitz;07 StB Loschwitz und OS Schönfeld-Weißig;StB 4 Loschwitz/OS Schönfeld-Weißig;Wahlbezirk_Urne;738;168;377;3;1062;183;135;179;215;43;0;216;0;91;4
2019;45010;45 Weißig;07 StB Loschwitz und OS Schönfeld-Weißig;StB 4 Loschwitz/OS Schönfeld-Weißig;Wahlbezirk_Brief;0;0;793;793;2308;825;200;205;362;52;0;279;0;385;1
2019;45110;45 Weißig;07 StB Loschwitz und OS Schönfeld-Weißig;StB 4 Loschwitz/OS Schönfeld-Weißig;Wahlbezirk_Urne;1005;180;610;0;1762;634;125;141;251;73;0;198;0;340;11
2019;45210;45 Weißig;07 StB Loschwitz und OS Schönfeld-Weißig;StB 4 Loschwitz/OS Schönfeld-Weißig;Wahlbezirk_Urne;1048;176;493;0;1387;537;67;104;130;30;0;289;0;230;14
2019;45310;45 Weißig;07 StB Loschwitz und OS Schönfeld-Weißig;StB 4 Loschwitz/OS Schönfeld-Weißig;Wahlbezirk_Urne;1124;152;503;1;1417;388;65;153;129;107;0;252;0;323;11
2019;45410;45 Weißig;07 StB Loschwitz und OS Schönfeld-Weißig;StB 4 Loschwitz/OS Schönfeld-Weißig;Wahlbezirk_Urne;827;183;436;0;1250;425;59;74;173;55;0;188;0;276;10
2019;45510;45 Weißig;07 StB Loschwitz und OS Schönfeld-Weißig;StB 4 Loschwitz/OS Schönfeld-Weißig;Wahlbezirk_Urne;594;167;289;1;827;311;51;40;132;31;0;97;0;165;4
2019;46010;46 Gönnsdorf/Pappritz;07 StB Loschwitz und OS Schönfeld-Weißig;StB 4 Loschwitz/OS Schönfeld-Weißig;Wahlbezirk_Brief;0;0;668;668;1960;683;184;128;413;89;0;198;0;265;6
2019;46110;46 Gönnsdorf/Pappritz;07 StB Loschwitz und OS Schönfeld-Weißig;StB 4 Loschwitz/OS Schönfeld-Weißig;Wahlbezirk_Urne;839;180;503;0;1454;516;90;85;265;84;0;196;0;218;4
2019;46210;46 Gönnsdorf/Pappritz;07 StB Loschwitz und OS Schönfeld-Weißig;StB 4 Loschwitz/OS Schönfeld-Weißig;Wahlbezirk_Urne;874;199;489;0;1431;434;78;93;221;115;0;263;0;227;4
2019;46310;46 Gönnsdorf/Pappritz;07 StB Loschwitz und OS Schönfeld-Weißig;StB 4 Loschwitz/OS Schönfeld-Weißig;Wahlbezirk_Urne;696;178;397;2;1164;323;126;104;226;112;0;144;0;129;5
2019;46410;46 Gönnsdorf/Pappritz;07 StB Loschwitz und OS Schönfeld-Weißig;StB 4 Loschwitz/OS Schönfeld-Weißig;Wahlbezirk_Urne;749;167;419;1;1220;292;52;108;163;73;0;240;0;292;3
2019;47010;47 Schönfeld/Schullwitz;07 StB Loschwitz und OS Schönfeld-Weißig;StB 4 Loschwitz/OS Schönfeld-Weißig;Wahlbezirk_Brief;0;0;485;485;1419;498;94;114;206;72;0;196;0;239;4
2019;47110;47 Schönfeld/Schullwitz;07 StB Loschwitz und OS Schönfeld-Weißig;StB 4 Loschwitz/OS Schönfeld-Weißig;Wahlbezirk_Urne;1004;204;547;0;1410;493;98;116;194;105;0;217;0;187;8
2019;47210;47 Schönfeld/Schullwitz;07 StB Loschwitz und OS Schönfeld-Weißig;StB 4 Loschwitz/OS Schönfeld-Weißig;Wahlbezirk_Urne;1112;207;595;3;1706;636;78;106;144;88;0;388;0;266;12
2019;47310;47 Schönfeld/Schullwitz;07 StB Loschwitz und OS Schönfeld-Weißig;StB 4 Loschwitz/OS Schönfeld-Weißig;Wahlbezirk_Urne;559;119;310;0;894;250;59;58;146;28;0;146;0;207;5
2019;51001;51 Blasewitz;08 Blasewitz, Striesen;StB 5 Blasewitz;Wahlbezirk_Brief;0;0;728;728;2129;607;198;252;473;231;1;240;0;127;4
2019;51002;51 Blasewitz;08 Blasewitz, Striesen;StB 5 Blasewitz;Wahlbezirk_Brief;0;0;526;526;1534;423;124;211;368;98;0;144;0;166;3
2019;51003;51 Blasewitz;08 Blasewitz, Striesen;StB 5 Blasewitz;Wahlbezirk_Brief;0;0;533;533;1581;381;150;228;444;110;4;158;0;106;3
2019;51100;51 Blasewitz;08 Blasewitz, Striesen;StB 5 Blasewitz;Wahlbezirk_Urne;1374;394;646;1;1892;457;169;243;410;194;3;249;0;167;3
2019;51200;51 Blasewitz;08 Blasewitz, Striesen;StB 5 Blasewitz;Wahlbezirk_Urne;1606;417;742;5;2105;536;204;238;474;209;5;273;0;166;17
2019;51400;51 Blasewitz;08 Blasewitz, Striesen;StB 5 Blasewitz;Wahlbezirk_Urne;1123;252;639;1;1843;410;162;176;476;193;11;256;0;159;8
2019;51500;51 Blasewitz;08 Blasewitz, Striesen;StB 5 Blasewitz;Wahlbezirk_Urne;1243;326;612;4;1757;244;166;242;514;107;6;257;0;221;10
2019;51600;51 Blasewitz;08 Blasewitz, Striesen;StB 5 Blasewitz;Wahlbezirk_Urne;1183;278;693;2;1953;373;182;251;564;121;1;285;0;176;12
2019;51700;51 Blasewitz;08 Blasewitz, Striesen;StB 5 Blasewitz;Wahlbezirk_Urne;1491;301;784;0;2276;388;161;400;608;139;10;307;0;263;14
2019;52001;52 Striesen-Ost;08 Blasewitz, Striesen;StB 5 Blasewitz;Wahlbezirk_Brief;0;0;691;691;2010;409;188;271;740;118;3;136;0;145;3
2019;52002;52 Striesen-Ost;08 Blasewitz, Striesen;StB 5 Blasewitz;Wahlbezirk_Brief;0;0;616;616;1816;361;171;266;580;140;0;141;0;157;5
2019;52003;52 Striesen-Ost;08 Blasewitz, Striesen;StB 5 Blasewitz;Wahlbezirk_Brief;0;0;852;852;1917;392;174;261;549;174;8;189;0;170;3
2019;52004;52 Striesen-Ost;08 Blasewitz, Striesen;StB 5 Blasewitz;Wahlbezirk_Brief;0;0;596;596;1757;332;162;262;478;147;5;183;0;188;2
2019;52100;52 Striesen-Ost;08 Blasewitz, Striesen;StB 5 Blasewitz;Wahlbezirk_Urne;1163;356;613;4;1777;261;123;242;687;159;5;165;0;135;9
2019;52200;52 Striesen-Ost;08 Blasewitz, Striesen;StB 5 Blasewitz;Wahlbezirk_Urne;1359;340;768;1;2229;362;185;337;728;201;6;189;0;221;8
2019;52300;52 Striesen-Ost;08 Blasewitz, Striesen;StB 5 Blasewitz;Wahlbezirk_Urne;1516;395;782;3;2288;386;247;263;905;124;0;182;0;181;8
2019;52400;52 Striesen-Ost;08 Blasewitz, Striesen;StB 5 Blasewitz;Wahlbezirk_Urne;1443;345;815;2;2372;437;282;317;770;174;8;176;0;208;8
2019;52501;52 Striesen-Ost;08 Blasewitz, Striesen;StB 5 Blasewitz;Wahlbezirk_Urne;1455;348;793;3;2297;377;196;359;736;182;4;256;0;187;11
2019;52502;52 Striesen-Ost;08 Blasewitz, Striesen;StB 5 Blasewitz;Wahlbezirk_Urne;1144;279;585;7;1675;296;147;216;478;117;6;225;0;190;11
2019;52600;52 Striesen-Ost;08 Blasewitz, Striesen;StB 5 Blasewitz;Wahlbezirk_Urne;1002;231;594;5;1721;284;153;243;557;117;3;220;0;144;9
2019;52701;52 Striesen-Ost;08 Blasewitz, Striesen;StB 5 Blasewitz;Wahlbezirk_Urne;1053;211;494;1;1370;318;125;217;338;89;13;142;0;128;19
2019;52702;52 Striesen-Ost;08 Blasewitz, Striesen;StB 5 Blasewitz;Wahlbezirk_Urne;1418;289;695;0;1976;458;161;317;360;149;10;344;0;177;14
2019;53001;53 Striesen-Süd;08 Blasewitz, Striesen;StB 5 Blasewitz;Wahlbezirk_Brief;0;0;703;703;2063;520;220;263;479;187;5;191;0;198;4
2019;53002;53 Striesen-Süd;08 Blasewitz, Striesen;StB 5 Blasewitz;Wahlbezirk_Brief;0;0;656;656;1910;410;195;332;425;110;3;214;0;221;11
2019;53003;53 Striesen-Süd;08 Blasewitz, Striesen;StB 5 Blasewitz;Wahlbezirk_Brief;0;0;646;646;1843;404;187;355;320;113;6;186;0;272;5
2019;53100;53 Striesen-Süd;08 Blasewitz, Striesen;StB 5 Blasewitz;Wahlbezirk_Urne;1085;315;604;8;1767;316;162;263;510;122;7;217;0;170;5
2019;53200;53 Striesen-Süd;08 Blasewitz, Striesen;StB 5 Blasewitz;Wahlbezirk_Urne;1001;247;456;3;1301;171;98;287;366;64;10;164;0;141;9
2019;53300;53 Striesen-Süd;08 Blasewitz, Striesen;StB 5 Blasewitz;Wahlbezirk_Urne;1821;470;702;2;1988;269;149;404;409;117;9;405;0;226;14
2019;53400;53 Striesen-Süd;08 Blasewitz, Striesen;StB 5 Blasewitz;Wahlbezirk_Urne;1393;293;670;0;1893;339;144;345;253;101;6;503;0;202;17
2019;53600;53 Striesen-Süd;08 Blasewitz, Striesen;StB 5 Blasewitz;Wahlbezirk_Urne;1612;450;734;0;2111;457;199;266;402;189;4;368;0;226;14
2019;53700;53 Striesen-Süd;08 Blasewitz, Striesen;StB 5 Blasewitz;Wahlbezirk_Urne;1201;232;555;2;1559;222;135;219;327;84;15;339;0;218;17
2019;53800;53 Striesen-Süd;08 Blasewitz, Striesen;StB 5 Blasewitz;Wahlbezirk_Urne;1077;186;582;0;1658;316;152;269;292;111;6;260;0;252;9
2019;54001;54 Striesen-West;08 Blasewitz, Striesen;StB 5 Blasewitz;Wahlbezirk_Brief;0;0;389;389;1138;238;148;178;301;103;0;91;0;79;0
2019;54002;54 Striesen-West;08 Blasewitz, Striesen;StB 5 Blasewitz;Wahlbezirk_Brief;0;0;507;507;1424;270;163;263;360;92;0;113;0;163;6
2019;54003;54 Striesen-West;08 Blasewitz, Striesen;StB 5 Blasewitz;Wahlbezirk_Brief;0;0;652;652;1917;418;209;269;354;178;8;285;0;196;3
2019;54004;54 Striesen-West;08 Blasewitz, Striesen;StB 5 Blasewitz;Wahlbezirk_Brief;0;0;667;667;1928;424;183;351;392;166;6;221;0;185;17
2019;54100;54 Striesen-West;08 Blasewitz, Striesen;StB 5 Blasewitz;Wahlbezirk_Urne;1755;422;790;1;2257;356;261;373;585;149;2;309;0;222;20
2019;54200;54 Striesen-West;08 Blasewitz, Striesen;StB 5 Blasewitz;Wahlbezirk_Urne;1296;241;688;3;1941;215;154;351;623;145;15;247;0;191;8
2019;54300;54 Striesen-West;08 Blasewitz, Striesen;StB 5 Blasewitz;Wahlbezirk_Urne;1350;310;626;0;1783;402;156;285;316;125;11;304;0;184;9
2019;54400;54 Striesen-West;08 Blasewitz, Striesen;StB 5 Blasewitz;Wahlbezirk_Urne;1529;388;664;4;1872;424;150;259;368;154;12;307;0;198;17
2019;54501;54 Striesen-West;08 Blasewitz, Striesen;StB 5 Blasewitz;Wahlbezirk_Urne;1499;333;749;2;2106;525;179;275;391;187;5;343;0;201;18
2019;54502;54 Striesen-West;08 Blasewitz, Striesen;StB 5 Blasewitz;Wahlbezirk_Urne;1624;361;785;0;2244;459;197;312;516;187;1;381;0;191;15
2019;54600;54 Striesen-West;08 Blasewitz, Striesen;StB 5 Blasewitz;Wahlbezirk_Urne;1611;350;752;1;2109;362;188;404;491;126;6;334;0;198;16
2019;55001;55 Tolkewitz/Seidnitz-Nord;09 Tolkewitz, Seidnitz, Gruna;StB 5 Blasewitz;Wahlbezirk_Brief;0;0;586;586;1693;350;166;233;308;115;4;252;0;265;3
2019;55002;55 Tolkewitz/Seidnitz-Nord;09 Tolkewitz, Seidnitz, Gruna;StB 5 Blasewitz;Wahlbezirk_Brief;0;0;393;393;1127;256;98;226;110;56;2;216;0;163;8
2019;55003;55 Tolkewitz/Seidnitz-Nord;09 Tolkewitz, Seidnitz, Gruna;StB 5 Blasewitz;Wahlbezirk_Brief;0;0;436;436;1238;195;146;235;169;90;0;258;0;145;4
2019;55101;55 Tolkewitz/Seidnitz-Nord;09 Tolkewitz, Seidnitz, Gruna;StB 5 Blasewitz;Wahlbezirk_Urne;1210;196;645;2;1834;342;145;253;326;147;27;352;0;242;10
2019;55102;55 Tolkewitz/Seidnitz-Nord;09 Tolkewitz, Seidnitz, Gruna;StB 5 Blasewitz;Wahlbezirk_Urne;1106;231;601;1;1759;251;156;234;372;98;4;349;0;295;2
2019;55200;55 Tolkewitz/Seidnitz-Nord;09 Tolkewitz, Seidnitz, Gruna;StB 5 Blasewitz;Wahlbezirk_Urne;1037;203;495;0;1385;227;121;242;172;72;13;314;0;224;13
2019;55300;55 Tolkewitz/Seidnitz-Nord;09 Tolkewitz, Seidnitz, Gruna;StB 5 Blasewitz;Wahlbezirk_Urne;1567;279;771;0;2134;398;179;318;178;159;15;515;0;372;18
2019;55400;55 Tolkewitz/Seidnitz-Nord;09 Tolkewitz, Seidnitz, Gruna;StB 5 Blasewitz;Wahlbezirk_Urne;1058;136;443;0;1272;198;91;231;90;46;15;399;0;202;11
2019;55600;55 Tolkewitz/Seidnitz-Nord;09 Tolkewitz, Seidnitz, Gruna;StB 5 Blasewitz;Wahlbezirk_Urne;1644;253;626;1;1752;268;104;342;213;139;6;382;0;298;16
2019;55800;55 Tolkewitz/Seidnitz-Nord;09 Tolkewitz, Seidnitz, Gruna;StB 5 Blasewitz;Wahlbezirk_Urne;1504;232;627;0;1799;305;161;272;273;105;20;393;0;270;16
2019;56001;56 Seidnitz/Dobritz;09 Tolkewitz, Seidnitz, Gruna;StB 5 Blasewitz;Wahlbezirk_Brief;0;0;609;609;1744;332;174;296;218;123;7;348;0;246;7
2019;56002;56 Seidnitz/Dobritz;09 Tolkewitz, Seidnitz, Gruna;StB 5 Blasewitz;Wahlbezirk_Brief;0;0;519;519;1497;301;118;287;198;119;6;249;0;219;16
2019;56003;56 Seidnitz/Dobritz;09 Tolkewitz, Seidnitz, Gruna;StB 5 Blasewitz;Wahlbezirk_Brief;0;0;644;644;1900;439;149;338;214;138;10;378;0;234;2
2019;56100;56 Seidnitz/Dobritz;09 Tolkewitz, Seidnitz, Gruna;StB 5 Blasewitz;Wahlbezirk_Urne;1617;379;609;0;1743;273;128;318;230;115;23;420;0;236;13
2019;56200;56 Seidnitz/Dobritz;09 Tolkewitz, Seidnitz, Gruna;StB 5 Blasewitz;Wahlbezirk_Urne;837;86;352;0;967;117;112;137;62;56;7;314;0;162;18
2019;56300;56 Seidnitz/Dobritz;09 Tolkewitz, Seidnitz, Gruna;StB 5 Blasewitz;Wahlbezirk_Urne;1310;201;638;0;1813;289;160;272;207;97;17;529;0;242;11
2019;56401;56 Seidnitz/Dobritz;09 Tolkewitz, Seidnitz, Gruna;StB 5 Blasewitz;Wahlbezirk_Urne;717;172;311;0;876;169;45;108;145;61;0;225;0;123;6
2019;56402;56 Seidnitz/Dobritz;09 Tolkewitz, Seidnitz, Gruna;StB 5 Blasewitz;Wahlbezirk_Urne;1520;231;736;1;2035;430;132;334;231;149;13;488;0;258;15
2019;56501;56 Seidnitz/Dobritz;09 Tolkewitz, Seidnitz, Gruna;StB 5 Blasewitz;Wahlbezirk_Urne;1020;168;510;0;1431;266;72;242;153;104;15;397;0;182;14
2019;56502;56 Seidnitz/Dobritz;09 Tolkewitz, Seidnitz, Gruna;StB 5 Blasewitz;Wahlbezirk_Urne;958;156;494;1;1395;294;112;236;187;78;5;354;0;129;10
2019;56600;56 Seidnitz/Dobritz;09 Tolkewitz, Seidnitz, Gruna;StB 5 Blasewitz;Wahlbezirk_Urne;1328;232;543;0;1522;248;117;234;213;106;10;408;0;186;14
2019;56800;56 Seidnitz/Dobritz;09 Tolkewitz, Seidnitz, Gruna;StB 5 Blasewitz;Wahlbezirk_Urne;829;164;394;1;1101;199;94;185;103;63;7;302;0;148;9
2019;56900;56 Seidnitz/Dobritz;09 Tolkewitz, Seidnitz, Gruna;StB 5 Blasewitz;Wahlbezirk_Urne;995;173;453;2;1260;222;93;247;138;70;11;297;0;182;10
2019;57001;57 Gruna;09 Tolkewitz, Seidnitz, Gruna;StB 5 Blasewitz;Wahlbezirk_Brief;0;0;538;538;1564;310;145;299;384;82;8;207;0;129;9
2019;57002;57 Gruna;09 Tolkewitz, Seidnitz, Gruna;StB 5 Blasewitz;Wahlbezirk_Brief;0;0;555;555;1571;315;159;262;277;118;3;244;0;193;24
2019;57003;57 Gruna;09 Tolkewitz, Seidnitz, Gruna;StB 5 Blasewitz;Wahlbezirk_Brief;0;0;544;544;1545;357;178;328;216;100;3;240;0;123;21
2019;57004;57 Gruna;09 Tolkewitz, Seidnitz, Gruna;StB 5 Blasewitz;Wahlbezirk_Brief;0;0;630;630;1825;404;210;315;299;157;0;273;0;167;6
2019;57100;57 Gruna;09 Tolkewitz, Seidnitz, Gruna;StB 5 Blasewitz;Wahlbezirk_Urne;1054;254;550;1;1563;332;130;284;285;112;0;278;0;142;7
2019;57200;57 Gruna;09 Tolkewitz, Seidnitz, Gruna;StB 5 Blasewitz;Wahlbezirk_Urne;1551;320;773;2;2230;247;204;463;561;95;10;412;0;238;9
2019;57301;57 Gruna;09 Tolkewitz, Seidnitz, Gruna;StB 5 Blasewitz;Wahlbezirk_Urne;903;154;486;1;1358;273;117;183;201;104;1;294;0;185;11
2019;57302;57 Gruna;09 Tolkewitz, Seidnitz, Gruna;StB 5 Blasewitz;Wahlbezirk_Urne;761;147;439;0;1226;232;112;203;210;84;3;214;0;168;15
2019;57400;57 Gruna;09 Tolkewitz, Seidnitz, Gruna;StB 5 Blasewitz;Wahlbezirk_Urne;1197;278;588;2;1670;299;117;276;243;88;10;407;0;230;8
2019;57500;57 Gruna;09 Tolkewitz, Seidnitz, Gruna;StB 5 Blasewitz;Wahlbezirk_Urne;1523;343;601;1;1695;225;136;436;223;72;14;381;0;208;11
2019;57600;57 Gruna;09 Tolkewitz, Seidnitz, Gruna;StB 5 Blasewitz;Wahlbezirk_Urne;1426;270;630;2;1750;326;120;301;265;118;6;404;0;210;19
2019;57700;57 Gruna;09 Tolkewitz, Seidnitz, Gruna;StB 5 Blasewitz;Wahlbezirk_Urne;920;259;431;1;1234;245;74;209;277;69;5;232;0;123;6
2019;57800;57 Gruna;09 Tolkewitz, Seidnitz, Gruna;StB 5 Blasewitz;Wahlbezirk_Urne;1376;419;599;2;1712;458;130;247;304;106;2;320;0;145;11
2019;61001;61 Leuben;10 StB Leuben;StB 6 Leuben;Wahlbezirk_Brief;0;0;726;726;2128;490;207;428;249;152;0;441;43;118;4
2019;61002;61 Leuben;10 StB Leuben;StB 6 Leuben;Wahlbezirk_Brief;0;0;487;487;1416;323;116;341;143;74;0;291;26;102;3
2019;61100;61 Leuben;10 StB Leuben;StB 6 Leuben;Wahlbezirk_Urne;943;125;483;0;1315;281;108;272;130;86;0;334;26;78;20
2019;61200;61 Leuben;10 StB Leuben;StB 6 Leuben;Wahlbezirk_Urne;1037;178;524;2;1496;324;128;166;230;154;0;380;34;80;7
2019;61300;61 Leuben;10 StB Leuben;StB 6 Leuben;Wahlbezirk_Urne;1603;195;745;0;2093;398;186;408;200;141;0;608;38;114;12
2019;61400;61 Leuben;10 StB Leuben;StB 6 Leuben;Wahlbezirk_Urne;1071;130;489;1;1373;211;98;252;149;105;0;425;59;74;12
2019;61500;61 Leuben;10 StB Leuben;StB 6 Leuben;Wahlbezirk_Urne;1243;192;566;0;1580;322;136;289;139;111;0;433;27;123;11
2019;61600;61 Leuben;10 StB Leuben;StB 6 Leuben;Wahlbezirk_Urne;1022;158;490;2;1334;252;107;276;117;63;0;398;37;84;13
2019;61700;61 Leuben;10 StB Leuben;StB 6 Leuben;Wahlbezirk_Urne;1064;116;384;2;1047;162;105;240;69;39;0;368;20;44;12
2019;61800;61 Leuben;10 StB Leuben;StB 6 Leuben;Wahlbezirk_Urne;1818;261;665;1;1837;253;154;363;119;102;0;641;70;135;13
2019;62001;62 Laubegast;10 StB Leuben;StB 6 Leuben;Wahlbezirk_Brief;0;0;439;439;1296;265;143;232;209;119;0;234;23;71;3
2019;62002;62 Laubegast;10 StB Leuben;StB 6 Leuben;Wahlbezirk_Brief;0;0;615;615;1824;356;172;336;359;134;0;340;40;87;1
2019;62003;62 Laubegast;10 StB Leuben;StB 6 Leuben;Wahlbezirk_Brief;0;0;789;789;2068;473;188;381;328;88;0;440;51;119;32
2019;62101;62 Laubegast;10 StB Leuben;StB 6 Leuben;Wahlbezirk_Urne;717;106;390;0;1092;198;101;152;191;107;0;252;26;65;9
2019;62102;62 Laubegast;10 StB Leuben;StB 6 Leuben;Wahlbezirk_Urne;977;157;530;1;1496;314;110;220;240;171;0;362;31;48;9
2019;62200;62 Laubegast;10 StB Leuben;StB 6 Leuben;Wahlbezirk_Urne;1154;217;597;1;1694;352;137;257;170;130;0;487;25;136;9
2019;62301;62 Laubegast;10 StB Leuben;StB 6 Leuben;Wahlbezirk_Urne;926;171;450;0;1266;254;96;189;138;106;0;372;32;79;9
2019;62302;62 Laubegast;10 StB Leuben;StB 6 Leuben;Wahlbezirk_Urne;1059;200;548;0;1541;413;130;252;170;176;0;336;15;49;5
2019;62400;62 Laubegast;10 StB Leuben;StB 6 Leuben;Wahlbezirk_Urne;1350;303;712;3;2071;393;154;258;435;162;0;499;82;88;8
2019;62501;62 Laubegast;10 StB Leuben;StB 6 Leuben;Wahlbezirk_Urne;1283;250;702;0;2008;429;134;252;273;201;0;580;41;98;7
2019;62502;62 Laubegast;10 StB Leuben;StB 6 Leuben;Wahlbezirk_Urne;1179;265;568;0;1657;354;108;217;169;102;0;572;18;117;9
2019;62600;62 Laubegast;10 StB Leuben;StB 6 Leuben;Wahlbezirk_Urne;1504;292;800;1;2278;480;170;302;274;180;0;738;38;96;10
2019;63001;63 Kleinzschachwitz;10 StB Leuben;StB 6 Leuben;Wahlbezirk_Brief;0;0;552;552;1619;561;152;200;316;171;0;171;20;28;3
2019;63002;63 Kleinzschachwitz;10 StB Leuben;StB 6 Leuben;Wahlbezirk_Brief;0;0;792;792;2339;685;246;318;380;188;0;433;12;77;3
2019;63101;63 Kleinzschachwitz;10 StB Leuben;StB 6 Leuben;Wahlbezirk_Urne;940;172;518;0;1461;412;118;143;207;162;0;343;31;45;10
2019;63102;63 Kleinzschachwitz;10 StB Leuben;StB 6 Leuben;Wahlbezirk_Urne;947;230;514;6;1481;309;138;145;262;152;0;416;30;29;7
2019;63200;63 Kleinzschachwitz;10 StB Leuben;StB 6 Leuben;Wahlbezirk_Urne;982;198;573;2;1631;341;205;185;277;154;0;403;20;46;10
2019;63301;63 Kleinzschachwitz;10 StB Leuben;StB 6 Leuben;Wahlbezirk_Urne;1187;230;676;0;1939;524;154;227;263;100;0;613;30;28;6
2019;63302;63 Kleinzschachwitz;10 StB Leuben;StB 6 Leuben;Wahlbezirk_Urne;887;158;537;0;1524;457;110;141;176;126;0;448;26;40;10
2019;63401;63 Kleinzschachwitz;10 StB Leuben;StB 6 Leuben;Wahlbezirk_Urne;962;273;507;0;1435;414;97;116;210;167;0;372;16;43;10
2019;63402;63 Kleinzschachwitz;10 StB Leuben;StB 6 Leuben;Wahlbezirk_Urne;1071;214;616;2;1769;536;129;136;183;157;0;548;15;65;7
2019;64000;64 Großzschachwitz;10 StB Leuben;StB 6 Leuben;Wahlbezirk_Brief;0;0;670;670;1985;467;156;399;212;175;0;407;53;116;1
2019;64100;64 Großzschachwitz;10 StB Leuben;StB 6 Leuben;Wahlbezirk_Urne;1187;175;589;2;1690;310;108;231;200;150;0;530;54;107;6
2019;64200;64 Großzschachwitz;10 StB Leuben;StB 6 Leuben;Wahlbezirk_Urne;927;139;453;0;1257;197;86;286;110;56;0;406;36;80;8
2019;64300;64 Großzschachwitz;10 StB Leuben;StB 6 Leuben;Wahlbezirk_Urne;840;106;403;0;1111;180;101;200;114;61;0;371;22;62;7
2019;64400;64 Großzschachwitz;10 StB Leuben;StB 6 Leuben;Wahlbezirk_Urne;848;116;439;1;1202;220;95;305;109;58;0;337;27;51;10
2019;64500;64 Großzschachwitz;10 StB Leuben;StB 6 Leuben;Wahlbezirk_Urne;1291;199;601;1;1713;371;157;229;182;144;0;516;37;77;10
2019;71000;71 Prohlis-Nord;11 Prohlis, Reick (mit Sternhäuser, Am Koitschgraben);StB 7 Prohlis;Wahlbezirk_Brief;0;0;531;531;1514;346;169;277;101;62;20;292;16;231;14
2019;71100;71 Prohlis-Nord;11 Prohlis, Reick (mit Sternhäuser, Am Koitschgraben);StB 7 Prohlis;Wahlbezirk_Urne;954;145;523;0;1465;259;120;208;144;68;15;370;31;250;14
2019;71200;71 Prohlis-Nord;11 Prohlis, Reick (mit Sternhäuser, Am Koitschgraben);StB 7 Prohlis;Wahlbezirk_Urne;1606;176;618;1;1691;286;118;308;130;71;58;479;43;198;19
2019;71400;71 Prohlis-Nord;11 Prohlis, Reick (mit Sternhäuser, Am Koitschgraben);StB 7 Prohlis;Wahlbezirk_Urne;930;131;379;0;1011;177;99;188;67;30;15;319;6;110;22
2019;71500;71 Prohlis-Nord;11 Prohlis, Reick (mit Sternhäuser, Am Koitschgraben);StB 7 Prohlis;Wahlbezirk_Urne;1132;148;379;1;1024;185;71;187;54;24;22;283;10;188;16
2019;72000;72 Prohlis-Süd;11 Prohlis, Reick (mit Sternhäuser, Am Koitschgraben);StB 7 Prohlis;Wahlbezirk_Brief;0;0;611;611;1704;399;132;325;135;52;26;377;36;222;9
2019;72100;72 Prohlis-Süd;11 Prohlis, Reick (mit Sternhäuser, Am Koitschgraben);StB 7 Prohlis;Wahlbezirk_Urne;1063;79;395;1;1054;137;94;206;68;55;25;313;20;136;17
2019;72200;72 Prohlis-Süd;11 Prohlis, Reick (mit Sternhäuser, Am Koitschgraben);StB 7 Prohlis;Wahlbezirk_Urne;956;72;318;0;857;130;58;204;40;32;25;280;13;75;13
2019;72300;72 Prohlis-Süd;11 Prohlis, Reick (mit Sternhäuser, Am Koitschgraben);StB 7 Prohlis;Wahlbezirk_Urne;1378;150;467;0;1300;201;91;247;78;34;31;400;34;184;17
2019;72500;72 Prohlis-Süd;11 Prohlis, Reick (mit Sternhäuser, Am Koitschgraben);StB 7 Prohlis;Wahlbezirk_Urne;1326;136;546;0;1462;231;130;246;80;70;51;420;39;195;16
2019;72700;72 Prohlis-Süd;11 Prohlis, Reick (mit Sternhäuser, Am Koitschgraben);StB 7 Prohlis;Wahlbezirk_Urne;1803;249;605;0;1668;245;122;418;151;62;37;454;37;142;18
2019;73001;73 Niedersedlitz;12 Niedersedlitz, Leubnitz, Strehlen (ohne Sternhäuser, Am Koitschgraben);StB 7 Prohlis;Wahlbezirk_Brief;0;0;418;418;1225;190;118;161;172;65;7;130;7;375;1
2019;73002;73 Niedersedlitz;12 Niedersedlitz, Leubnitz, Strehlen (ohne Sternhäuser, Am Koitschgraben);StB 7 Prohlis;Wahlbezirk_Brief;0;0;459;459;1362;319;131;184;144;84;8;177;15;300;3
2019;73101;73 Niedersedlitz;12 Niedersedlitz, Leubnitz, Strehlen (ohne Sternhäuser, Am Koitschgraben);StB 7 Prohlis;Wahlbezirk_Urne;1349;248;725;2;2054;315;114;207;251;104;20;405;32;606;10
2019;73102;73 Niedersedlitz;12 Niedersedlitz, Leubnitz, Strehlen (ohne Sternhäuser, Am Koitschgraben);StB 7 Prohlis;Wahlbezirk_Urne;1466;289;737;0;2085;345;129;273;206;102;20;501;39;470;17
2019;73200;73 Niedersedlitz;12 Niedersedlitz, Leubnitz, Strehlen (ohne Sternhäuser, Am Koitschgraben);StB 7 Prohlis;Wahlbezirk_Urne;1092;200;595;0;1711;281;105;147;216;115;16;380;16;435;9
2019;73300;73 Niedersedlitz;12 Niedersedlitz, Leubnitz, Strehlen (ohne Sternhäuser, Am Koitschgraben);StB 7 Prohlis;Wahlbezirk_Urne;884;212;458;0;1314;256;83;147;105;61;11;387;7;257;8
2019;74001;74 Lockwitz;12 Niedersedlitz, Leubnitz, Strehlen (ohne Sternhäuser, Am Koitschgraben);StB 7 Prohlis;Wahlbezirk_Brief;0;0;448;448;1326;316;132;129;205;74;0;223;9;238;4
2019;74002;74 Lockwitz;12 Niedersedlitz, Leubnitz, Strehlen (ohne Sternhäuser, Am Koitschgraben);StB 7 Prohlis;Wahlbezirk_Brief;0;0;450;450;1321;308;133;196;160;108;6;176;11;223;5
2019;74100;74 Lockwitz;12 Niedersedlitz, Leubnitz, Strehlen (ohne Sternhäuser, Am Koitschgraben);StB 7 Prohlis;Wahlbezirk_Urne;730;106;388;0;1114;172;44;91;95;74;17;297;7;317;6
2019;74201;74 Lockwitz;12 Niedersedlitz, Leubnitz, Strehlen (ohne Sternhäuser, Am Koitschgraben);StB 7 Prohlis;Wahlbezirk_Urne;1183;231;688;0;1968;399;109;210;205;131;22;491;34;367;12
2019;74202;74 Lockwitz;12 Niedersedlitz, Leubnitz, Strehlen (ohne Sternhäuser, Am Koitschgraben);StB 7 Prohlis;Wahlbezirk_Urne;842;149;489;1;1400;373;81;107;137;106;16;295;23;262;6
2019;74301;74 Lockwitz;12 Niedersedlitz, Leubnitz, Strehlen (ohne Sternhäuser, Am Koitschgraben);StB 7 Prohlis;Wahlbezirk_Urne;1363;230;772;0;2236;463;217;229;188;153;16;507;14;449;2
2019;74302;74 Lockwitz;12 Niedersedlitz, Leubnitz, Strehlen (ohne Sternhäuser, Am Koitschgraben);StB 7 Prohlis;Wahlbezirk_Urne;1304;255;737;0;2038;441;159;279;256;122;23;424;21;313;15
2019;75001;75 Leubnitz-Neuostra;12 Niedersedlitz, Leubnitz, Strehlen (ohne Sternhäuser, Am Koitschgraben);StB 7 Prohlis;Wahlbezirk_Brief;0;0;753;753;2188;578;194;272;288;162;2;392;15;285;14
2019;75002;75 Leubnitz-Neuostra;12 Niedersedlitz, Leubnitz, Strehlen (ohne Sternhäuser, Am Koitschgraben);StB 7 Prohlis;Wahlbezirk_Brief;0;0;554;554;1648;385;160;232;283;118;4;257;19;190;1
2019;75003;75 Leubnitz-Neuostra;12 Niedersedlitz, Leubnitz, Strehlen (ohne Sternhäuser, Am Koitschgraben);StB 7 Prohlis;Wahlbezirk_Brief;0;0;464;464;1329;273;140;249;176;73;5;236;19;158;3
2019;75004;75 Leubnitz-Neuostra;12 Niedersedlitz, Leubnitz, Strehlen (ohne Sternhäuser, Am Koitschgraben);StB 7 Prohlis;Wahlbezirk_Brief;0;0;648;648;1889;484;176;239;328;128;4;279;15;236;11
2019;75100;75 Leubnitz-Neuostra;12 Niedersedlitz, Leubnitz, Strehlen (ohne Sternhäuser, Am Koitschgraben);StB 7 Prohlis;Wahlbezirk_Urne;1063;249;537;0;1406;209;118;244;161;114;7;349;12;192;11
2019;75201;75 Leubnitz-Neuostra;12 Niedersedlitz, Leubnitz, Strehlen (ohne Sternhäuser, Am Koitschgraben);StB 7 Prohlis;Wahlbezirk_Urne;1014;299;539;0;1547;397;130;172;335;109;1;256;7;140;9
2019;75202;75 Leubnitz-Neuostra;12 Niedersedlitz, Leubnitz, Strehlen (ohne Sternhäuser, Am Koitschgraben);StB 7 Prohlis;Wahlbezirk_Urne;1239;261;576;0;1556;380;131;187;209;122;9;326;25;167;15
2019;75300;75 Leubnitz-Neuostra;12 Niedersedlitz, Leubnitz, Strehlen (ohne Sternhäuser, Am Koitschgraben);StB 7 Prohlis;Wahlbezirk_Urne;785;95;236;1;657;79;82;135;72;26;28;163;12;60;4
2019;75500;75 Leubnitz-Neuostra;12 Niedersedlitz, Leubnitz, Strehlen (ohne Sternhäuser, Am Koitschgraben);StB 7 Prohlis;Wahlbezirk_Urne;1045;226;598;2;1728;343;143;171;422;107;3;324;25;190;7
2019;75600;75 Leubnitz-Neuostra;12 Niedersedlitz, Leubnitz, Strehlen (ohne Sternhäuser, Am Koitschgraben);StB 7 Prohlis;Wahlbezirk_Urne;1112;280;540;4;1538;238;129;221;235;113;6;363;40;193;10
2019;75700;75 Leubnitz-Neuostra;12 Niedersedlitz, Leubnitz, Strehlen (ohne Sternhäuser, Am Koitschgraben);StB 7 Prohlis;Wahlbezirk_Urne;1225;259;555;0;1514;275;112;231;210;69;18;399;44;156;17
2019;75800;75 Leubnitz-Neuostra;12 Niedersedlitz, Leubnitz, Strehlen (ohne Sternhäuser, Am Koitschgraben);StB 7 Prohlis;Wahlbezirk_Urne;1309;244;643;0;1797;351;181;309;239;94;15;378;15;215;17
2019;75901;75 Leubnitz-Neuostra;12 Niedersedlitz, Leubnitz, Strehlen (ohne Sternhäuser, Am Koitschgraben);StB 7 Prohlis;Wahlbezirk_Urne;750;185;391;0;1059;246;78;186;125;129;1;154;25;115;7
2019;75902;75 Leubnitz-Neuostra;12 Niedersedlitz, Leubnitz, Strehlen (ohne Sternhäuser, Am Koitschgraben);StB 7 Prohlis;Wahlbezirk_Urne;961;271;497;4;1405;263;120;171;281;101;11;278;18;162;11
2019;75903;75 Leubnitz-Neuostra;12 Niedersedlitz, Leubnitz, Strehlen (ohne Sternhäuser, Am Koitschgraben);StB 7 Prohlis;Wahlbezirk_Urne;927;241;483;0;1375;274;136;154;255;105;28;280;14;129;5
2019;76001;76 Strehlen;12 Niedersedlitz, Leubnitz, Strehlen (ohne Sternhäuser, Am Koitschgraben);StB 7 Prohlis;Wahlbezirk_Brief;0;0;573;573;1710;295;224;237;594;74;4;133;43;106;2
2019;76002;76 Strehlen;12 Niedersedlitz, Leubnitz, Strehlen (ohne Sternhäuser, Am Koitschgraben);StB 7 Prohlis;Wahlbezirk_Brief;0;0;418;418;1218;202;155;214;303;90;6;117;24;107;10
2019;76003;76 Strehlen;12 Niedersedlitz, Leubnitz, Strehlen (ohne Sternhäuser, Am Koitschgraben);StB 7 Prohlis;Wahlbezirk_Brief;0;0;546;546;1619;308;213;318;279;101;8;216;29;147;4
2019;76100;76 Strehlen;12 Niedersedlitz, Leubnitz, Strehlen (ohne Sternhäuser, Am Koitschgraben);StB 7 Prohlis;Wahlbezirk_Urne;1388;384;637;3;1872;337;161;365;523;144;0;149;33;160;8
2019;76200;76 Strehlen;12 Niedersedlitz, Leubnitz, Strehlen (ohne Sternhäuser, Am Koitschgraben);StB 7 Prohlis;Wahlbezirk_Urne;1259;314;638;0;1851;318;170;256;453;100;18;304;39;193;9
2019;76300;76 Strehlen;12 Niedersedlitz, Leubnitz, Strehlen (ohne Sternhäuser, Am Koitschgraben);StB 7 Prohlis;Wahlbezirk_Urne;1121;249;612;1;1757;166;215;359;554;98;9;164;40;152;6
2019;76400;76 Strehlen;12 Niedersedlitz, Leubnitz, Strehlen (ohne Sternhäuser, Am Koitschgraben);StB 7 Prohlis;Wahlbezirk_Urne;528;136;241;2;696;166;68;116;125;33;0;121;8;59;2
2019;76500;76 Strehlen;12 Niedersedlitz, Leubnitz, Strehlen (ohne Sternhäuser, Am Koitschgraben);StB 7 Prohlis;Wahlbezirk_Urne;1522;387;663;4;1866;278;159;322;422;124;14;298;56;193;5
2019;76600;76 Strehlen;11 Prohlis, Reick (mit Sternhäuser, Am Koitschgraben);StB 7 Prohlis;Wahlbezirk_Urne;1155;179;429;0;1204;180;77;270;121;63;12;355;23;103;11
2019;76700;76 Strehlen;11 Prohlis, Reick (mit Sternhäuser, Am Koitschgraben);StB 7 Prohlis;Wahlbezirk_Urne;970;50;271;0;772;65;52;170;98;22;27;233;43;62;8
2019;77000;77 Reick;11 Prohlis, Reick (mit Sternhäuser, Am Koitschgraben);StB 7 Prohlis;Wahlbezirk_Brief;0;0;615;615;1769;343;206;337;191;142;6;291;10;243;6
2019;77100;77 Reick;11 Prohlis, Reick (mit Sternhäuser, Am Koitschgraben);StB 7 Prohlis;Wahlbezirk_Urne;1340;243;583;0;1632;257;128;230;124;108;34;522;42;187;17
2019;77200;77 Reick;11 Prohlis, Reick (mit Sternhäuser, Am Koitschgraben);StB 7 Prohlis;Wahlbezirk_Urne;1639;307;709;0;1933;444;156;279;199;109;21;422;46;257;19
2019;77300;77 Reick;11 Prohlis, Reick (mit Sternhäuser, Am Koitschgraben);StB 7 Prohlis;Wahlbezirk_Urne;1078;124;402;1;1120;158;89;151;140;55;31;325;37;134;8
2019;81001;81 Südvorstadt-West;13 Südvorstadt, Zschertnitz;StB 8 Plauen;Wahlbezirk_Brief;0;0;492;492;1341;235;183;283;285;129;6;151;14;55;28
2019;81002;81 Südvorstadt-West;13 Südvorstadt, Zschertnitz;StB 8 Plauen;Wahlbezirk_Brief;0;0;565;565;1649;246;153;307;441;175;0;156;42;129;6
2019;81003;81 Südvorstadt-West;13 Südvorstadt, Zschertnitz;StB 8 Plauen;Wahlbezirk_Brief;0;0;527;527;1554;263;221;276;414;141;1;157;16;65;2
2019;81004;81 Südvorstadt-West;13 Südvorstadt, Zschertnitz;StB 8 Plauen;Wahlbezirk_Brief;0;0;478;478;1418;194;139;282;432;135;1;128;26;81;2
2019;81100;81 Südvorstadt-West;13 Südvorstadt, Zschertnitz;StB 8 Plauen;Wahlbezirk_Urne;1121;206;498;0;1418;149;156;282;212;114;10;351;27;117;7
2019;81200;81 Südvorstadt-West;13 Südvorstadt, Zschertnitz;StB 8 Plauen;Wahlbezirk_Urne;1500;301;724;1;2001;345;224;409;365;120;7;346;59;126;27
2019;81400;81 Südvorstadt-West;13 Südvorstadt, Zschertnitz;StB 8 Plauen;Wahlbezirk_Urne;1533;334;702;2;1992;279;194;366;455;181;7;282;51;177;25
2019;81500;81 Südvorstadt-West;13 Südvorstadt, Zschertnitz;StB 8 Plauen;Wahlbezirk_Urne;1153;259;568;0;1656;166;198;388;394;125;5;244;53;83;7
2019;81700;81 Südvorstadt-West;13 Südvorstadt, Zschertnitz;StB 8 Plauen;Wahlbezirk_Urne;1749;510;769;1;2225;276;244;400;599;218;3;273;67;145;14
2019;81800;81 Südvorstadt-West;13 Südvorstadt, Zschertnitz;StB 8 Plauen;Wahlbezirk_Urne;1068;263;530;0;1537;220;148;267;482;133;1;157;33;96;8
2019;81900;81 Südvorstadt-West;13 Südvorstadt, Zschertnitz;StB 8 Plauen;Wahlbezirk_Urne;1083;310;486;3;1384;189;141;245;413;98;8;181;30;79;8
2019;82001;82 Südvorstadt-Ost;13 Südvorstadt, Zschertnitz;StB 8 Plauen;Wahlbezirk_Brief;0;0;625;625;1814;239;220;326;555;129;6;183;54;102;4
2019;82002;82 Südvorstadt-Ost;13 Südvorstadt, Zschertnitz;StB 8 Plauen;Wahlbezirk_Brief;0;0;571;571;1670;267;181;246;515;165;3;121;45;127;3
2019;82100;82 Südvorstadt-Ost;13 Südvorstadt, Zschertnitz;StB 8 Plauen;Wahlbezirk_Urne;667;129;286;2;810;109;55;217;155;55;0;111;42;66;7
2019;82200;82 Südvorstadt-Ost;13 Südvorstadt, Zschertnitz;StB 8 Plauen;Wahlbezirk_Urne;1236;242;600;1;1725;247;176;269;370;189;9;321;38;106;13
2019;82300;82 Südvorstadt-Ost;13 Südvorstadt, Zschertnitz;StB 8 Plauen;Wahlbezirk_Urne;1129;314;558;5;1627;244;127;301;474;167;6;191;24;93;4
2019;82400;82 Südvorstadt-Ost;13 Südvorstadt, Zschertnitz;StB 8 Plauen;Wahlbezirk_Urne;1386;338;696;3;2036;310;170;367;515;188;11;272;71;132;5
2019;82500;82 Südvorstadt-Ost;13 Südvorstadt, Zschertnitz;StB 8 Plauen;Wahlbezirk_Urne;1047;293;517;0;1527;117;167;249;551;143;3;62;85;150;5
2019;83001;83 Räcknitz/Zschertnitz;13 Südvorstadt, Zschertnitz;StB 8 Plauen;Wahlbezirk_Brief;0;0;563;563;1618;408;155;287;272;162;3;241;10;80;10
2019;83002;83 Räcknitz/Zschertnitz;13 Südvorstadt, Zschertnitz;StB 8 Plauen;Wahlbezirk_Brief;0;0;601;601;1698;325;214;334;253;123;10;315;14;110;21
2019;83003;83 Räcknitz/Zschertnitz;13 Südvorstadt, Zschertnitz;StB 8 Plauen;Wahlbezirk_Brief;0;0;462;462;1359;297;144;258;220;127;3;204;9;97;3
2019;83100;83 Räcknitz/Zschertnitz;13 Südvorstadt, Zschertnitz;StB 8 Plauen;Wahlbezirk_Urne;1002;261;511;7;1457;233;133;222;380;127;6;202;45;109;12
2019;83200;83 Räcknitz/Zschertnitz;13 Südvorstadt, Zschertnitz;StB 8 Plauen;Wahlbezirk_Urne;818;189;373;0;1035;141;99;191;117;77;6;283;23;98;11
2019;83300;83 Räcknitz/Zschertnitz;13 Südvorstadt, Zschertnitz;StB 8 Plauen;Wahlbezirk_Urne;1174;287;537;4;1549;252;159;271;156;111;13;425;21;141;7
2019;83400;83 Räcknitz/Zschertnitz;13 Südvorstadt, Zschertnitz;StB 8 Plauen;Wahlbezirk_Urne;1448;357;729;3;2041;397;195;387;242;131;15;534;22;118;15
2019;83500;83 Räcknitz/Zschertnitz;13 Südvorstadt, Zschertnitz;StB 8 Plauen;Wahlbezirk_Urne;967;168;415;3;1172;191;88;295;107;73;17;287;26;88;7
2019;83700;83 Räcknitz/Zschertnitz;13 Südvorstadt, Zschertnitz;StB 8 Plauen;Wahlbezirk_Urne;971;209;473;0;1317;249;110;241;170;90;3;331;20;103;15
2019;83800;83 Räcknitz/Zschertnitz;13 Südvorstadt, Zschertnitz;StB 8 Plauen;Wahlbezirk_Urne;1109;293;519;0;1479;284;116;258;277;103;6;310;20;105;13
2019;84001;84 Kleinpestitz/Mockritz;14 Mockritz, Coschütz, Plauen;StB 8 Plauen;Wahlbezirk_Brief;0;0;688;688;1819;329;222;378;183;150;6;388;21;142;25
2019;84002;84 Kleinpestitz/Mockritz;14 Mockritz, Coschütz, Plauen;StB 8 Plauen;Wahlbezirk_Brief;0;0;626;626;1846;405;133;222;363;201;3;295;18;206;2
2019;84100;84 Kleinpestitz/Mockritz;14 Mockritz, Coschütz, Plauen;StB 8 Plauen;Wahlbezirk_Urne;1225;243;583;0;1667;257;217;283;212;134;1;415;8;140;7
2019;84200;84 Kleinpestitz/Mockritz;14 Mockritz, Coschütz, Plauen;StB 8 Plauen;Wahlbezirk_Urne;1018;198;511;0;1439;231;161;236;164;116;5;363;32;131;13
2019;84300;84 Kleinpestitz/Mockritz;14 Mockritz, Coschütz, Plauen;StB 8 Plauen;Wahlbezirk_Urne;1137;253;558;0;1595;283;150;247;156;147;3;464;20;125;11
2019;84400;84 Kleinpestitz/Mockritz;14 Mockritz, Coschütz, Plauen;StB 8 Plauen;Wahlbezirk_Urne;561;82;316;1;910;218;51;78;169;54;8;204;15;113;4
2019;84501;84 Kleinpestitz/Mockritz;14 Mockritz, Coschütz, Plauen;StB 8 Plauen;Wahlbezirk_Urne;1295;311;758;2;2200;445;189;259;441;206;5;497;26;132;6
2019;84502;84 Kleinpestitz/Mockritz;14 Mockritz, Coschütz, Plauen;StB 8 Plauen;Wahlbezirk_Urne;1041;291;488;0;1390;223;114;190;229;87;8;363;8;168;4
2019;85001;85 Coschütz/Gittersee;14 Mockritz, Coschütz, Plauen;StB 8 Plauen;Wahlbezirk_Brief;0;0;501;501;1448;330;147;206;267;144;0;248;18;88;12
2019;85002;85 Coschütz/Gittersee;14 Mockritz, Coschütz, Plauen;StB 8 Plauen;Wahlbezirk_Brief;0;0;454;454;1271;314;131;185;340;103;7;118;7;66;5
2019;85100;85 Coschütz/Gittersee;14 Mockritz, Coschütz, Plauen;StB 8 Plauen;Wahlbezirk_Urne;1366;373;617;1;1715;368;145;247;227;140;12;440;25;111;8
2019;85200;85 Coschütz/Gittersee;14 Mockritz, Coschütz, Plauen;StB 8 Plauen;Wahlbezirk_Urne;1416;359;663;1;1907;347;163;191;387;178;6;435;43;157;4
2019;85301;85 Coschütz/Gittersee;14 Mockritz, Coschütz, Plauen;StB 8 Plauen;Wahlbezirk_Urne;864;153;457;2;1275;209;93;140;236;103;10;370;28;86;6
2019;85302;85 Coschütz/Gittersee;14 Mockritz, Coschütz, Plauen;StB 8 Plauen;Wahlbezirk_Urne;927;128;472;1;1352;255;97;148;220;106;10;411;27;78;6
2019;86001;86 Plauen;14 Mockritz, Coschütz, Plauen;StB 8 Plauen;Wahlbezirk_Brief;0;0;637;637;1868;272;220;305;499;177;1;217;39;138;1
2019;86002;86 Plauen;14 Mockritz, Coschütz, Plauen;StB 8 Plauen;Wahlbezirk_Brief;0;0;572;572;1660;265;220;328;440;141;1;161;15;89;3
2019;86003;86 Plauen;14 Mockritz, Coschütz, Plauen;StB 8 Plauen;Wahlbezirk_Brief;0;0;531;531;1559;177;164;245;609;166;8;76;17;97;4
2019;86004;86 Plauen;14 Mockritz, Coschütz, Plauen;StB 8 Plauen;Wahlbezirk_Brief;0;0;523;523;1529;338;191;187;413;158;3;120;5;114;9
2019;86100;86 Plauen;14 Mockritz, Coschütz, Plauen;StB 8 Plauen;Wahlbezirk_Urne;1431;376;702;4;2035;277;296;346;569;146;3;261;34;103;3
2019;86200;86 Plauen;14 Mockritz, Coschütz, Plauen;StB 8 Plauen;Wahlbezirk_Urne;1151;298;616;3;1682;167;229;254;501;123;6;228;29;145;8
2019;86300;86 Plauen;14 Mockritz, Coschütz, Plauen;StB 8 Plauen;Wahlbezirk_Urne;1274;324;627;3;1821;184;215;452;430;135;11;246;36;112;7
2019;86400;86 Plauen;14 Mockritz, Coschütz, Plauen;StB 8 Plauen;Wahlbezirk_Urne;955;264;535;0;1590;229;153;292;482;113;8;189;28;96;1
2019;86500;86 Plauen;14 Mockritz, Coschütz, Plauen;StB 8 Plauen;Wahlbezirk_Urne;1225;302;666;6;1956;246;221;252;744;124;1;200;28;140;4
2019;86600;86 Plauen;14 Mockritz, Coschütz, Plauen;StB 8 Plauen;Wahlbezirk_Urne;1131;271;590;0;1669;269;261;246;360;159;0;207;41;126;2
2019;86700;86 Plauen;14 Mockritz, Coschütz, Plauen;StB 8 Plauen;Wahlbezirk_Urne;704;226;387;1;1135;236;138;145;295;107;3;125;16;70;2
2019;86800;86 Plauen;14 Mockritz, Coschütz, Plauen;StB 8 Plauen;Wahlbezirk_Urne;1126;324;533;0;1483;230;271;185;348;131;0;220;14;84;10
2019;90011;90 Cossebaude/Mobschatz/Oberw.;17 Briesnitz und westliche OS;StB 9 Cotta/westliche Ortschaften;Wahlbezirk_Brief;0;0;593;593;1712;921;164;186;133;41;0;267;0;0;2
2019;90012;90 Cossebaude/Mobschatz/Oberw.;17 Briesnitz und westliche OS;StB 9 Cotta/westliche Ortschaften;Wahlbezirk_Brief;0;0;205;205;601;278;67;64;76;25;0;91;0;0;1
2019;90110;90 Cossebaude/Mobschatz/Oberw.;17 Briesnitz und westliche OS;StB 9 Cotta/westliche Ortschaften;Wahlbezirk_Urne;1569;223;784;0;2204;911;141;298;183;76;0;595;0;0;12
2019;90210;90 Cossebaude/Mobschatz/Oberw.;17 Briesnitz und westliche OS;StB 9 Cotta/westliche Ortschaften;Wahlbezirk_Urne;1184;300;610;4;1755;862;120;127;196;67;0;383;0;0;7
2019;90311;90 Cossebaude/Mobschatz/Oberw.;17 Briesnitz und westliche OS;StB 9 Cotta/westliche Ortschaften;Wahlbezirk_Urne;660;125;380;2;1065;460;59;90;144;25;0;287;0;0;8
2019;90312;90 Cossebaude/Mobschatz/Oberw.;17 Briesnitz und westliche OS;StB 9 Cotta/westliche Ortschaften;Wahlbezirk_Urne;967;162;498;1;1397;519;104;177;170;56;0;371;0;0;5
2019;90410;90 Cossebaude/Mobschatz/Oberw.;17 Briesnitz und westliche OS;StB 9 Cotta/westliche Ortschaften;Wahlbezirk_Urne;353;63;202;2;582;272;42;52;86;31;0;99;0;0;2
2019;90510;90 Cossebaude/Mobschatz/Oberw.;17 Briesnitz und westliche OS;StB 9 Cotta/westliche Ortschaften;Wahlbezirk_Urne;330;59;270;53;768;0;60;0;0;0;0;0;0;708;10
2019;90610;90 Cossebaude/Mobschatz/Oberw.;17 Briesnitz und westliche OS;StB 9 Cotta/westliche Ortschaften;Wahlbezirk_Urne;746;136;599;174;1719;960;0;0;0;0;0;0;0;759;17
2019;90710;90 Cossebaude/Mobschatz/Oberw.;17 Briesnitz und westliche OS;StB 9 Cotta/westliche Ortschaften;Wahlbezirk_Urne;403;58;254;0;715;342;0;0;0;0;0;0;0;373;6
2019;91001;91 Cotta;15 Cotta, Löbtau, Naußlitz, Dölzschen;StB 9 Cotta/westliche Ortschaften;Wahlbezirk_Brief;0;0;582;582;1684;358;223;271;294;92;21;232;34;159;12
2019;91002;91 Cotta;15 Cotta, Löbtau, Naußlitz, Dölzschen;StB 9 Cotta/westliche Ortschaften;Wahlbezirk_Brief;0;0;420;420;1223;243;135;220;194;93;4;152;19;163;4
2019;91003;91 Cotta;15 Cotta, Löbtau, Naußlitz, Dölzschen;StB 9 Cotta/westliche Ortschaften;Wahlbezirk_Brief;0;0;454;454;1300;273;115;234;258;61;3;172;26;158;5
2019;91101;91 Cotta;15 Cotta, Löbtau, Naußlitz, Dölzschen;StB 9 Cotta/westliche Ortschaften;Wahlbezirk_Urne;1053;182;562;2;1598;255;110;244;239;78;23;395;38;216;12
2019;91102;91 Cotta;15 Cotta, Löbtau, Naußlitz, Dölzschen;StB 9 Cotta/westliche Ortschaften;Wahlbezirk_Urne;1043;156;447;3;1270;214;121;213;189;87;11;276;26;133;8
2019;91200;91 Cotta;15 Cotta, Löbtau, Naußlitz, Dölzschen;StB 9 Cotta/westliche Ortschaften;Wahlbezirk_Urne;1683;299;786;1;2286;396;171;293;407;119;29;543;54;274;8
2019;91300;91 Cotta;15 Cotta, Löbtau, Naußlitz, Dölzschen;StB 9 Cotta/westliche Ortschaften;Wahlbezirk_Urne;1573;305;726;0;2082;238;182;368;323;111;8;438;84;330;7
2019;91400;91 Cotta;15 Cotta, Löbtau, Naußlitz, Dölzschen;StB 9 Cotta/westliche Ortschaften;Wahlbezirk_Urne;996;156;440;1;1264;220;106;236;127;68;6;267;48;186;7
2019;91501;91 Cotta;15 Cotta, Löbtau, Naußlitz, Dölzschen;StB 9 Cotta/westliche Ortschaften;Wahlbezirk_Urne;1356;232;595;0;1685;236;111;310;252;108;10;382;54;222;9
2019;91502;91 Cotta;15 Cotta, Löbtau, Naußlitz, Dölzschen;StB 9 Cotta/westliche Ortschaften;Wahlbezirk_Urne;1330;266;572;0;1646;211;134;296;307;104;14;294;65;221;9
2019;92001;92 Löbtau-Nord;15 Cotta, Löbtau, Naußlitz, Dölzschen;StB 9 Cotta/westliche Ortschaften;Wahlbezirk_Brief;0;0;426;426;1214;158;112;248;373;79;1;60;72;111;2
2019;92002;92 Löbtau-Nord;15 Cotta, Löbtau, Naußlitz, Dölzschen;StB 9 Cotta/westliche Ortschaften;Wahlbezirk_Brief;0;0;484;484;1419;199;162;273;399;67;1;120;48;150;9
2019;92003;92 Löbtau-Nord;15 Cotta, Löbtau, Naußlitz, Dölzschen;StB 9 Cotta/westliche Ortschaften;Wahlbezirk_Brief;0;0;525;525;1549;231;122;323;465;99;5;103;73;128;4
2019;92100;92 Löbtau-Nord;15 Cotta, Löbtau, Naußlitz, Dölzschen;StB 9 Cotta/westliche Ortschaften;Wahlbezirk_Urne;2001;450;853;1;2521;205;145;501;797;157;11;235;164;306;7
2019;92200;92 Löbtau-Nord;15 Cotta, Löbtau, Naußlitz, Dölzschen;StB 9 Cotta/westliche Ortschaften;Wahlbezirk_Urne;1682;343;756;4;2193;280;158;367;522;160;14;354;89;249;8
2019;92300;92 Löbtau-Nord;15 Cotta, Löbtau, Naußlitz, Dölzschen;StB 9 Cotta/westliche Ortschaften;Wahlbezirk_Urne;1564;349;734;4;2141;264;185;395;532;142;14;263;102;244;10
2019;92400;92 Löbtau-Nord;15 Cotta, Löbtau, Naußlitz, Dölzschen;StB 9 Cotta/westliche Ortschaften;Wahlbezirk_Urne;896;177;440;3;1264;134;105;288;258;57;6;208;51;157;2
2019;92500;92 Löbtau-Nord;15 Cotta, Löbtau, Naußlitz, Dölzschen;StB 9 Cotta/westliche Ortschaften;Wahlbezirk_Urne;1287;236;632;0;1829;211;158;343;434;101;26;229;66;261;7
2019;93001;93 Löbtau-Süd;15 Cotta, Löbtau, Naußlitz, Dölzschen;StB 9 Cotta/westliche Ortschaften;Wahlbezirk_Brief;0;0;432;432;1268;183;136;210;415;83;3;64;53;121;6
2019;93002;93 Löbtau-Süd;15 Cotta, Löbtau, Naußlitz, Dölzschen;StB 9 Cotta/westliche Ortschaften;Wahlbezirk_Brief;0;0;690;690;2041;309;223;362;585;110;0;151;64;237;3
2019;93003;93 Löbtau-Süd;15 Cotta, Löbtau, Naußlitz, Dölzschen;StB 9 Cotta/westliche Ortschaften;Wahlbezirk_Brief;0;0;621;621;1822;267;199;379;451;120;1;163;48;194;2
2019;93101;93 Löbtau-Süd;15 Cotta, Löbtau, Naußlitz, Dölzschen;StB 9 Cotta/westliche Ortschaften;Wahlbezirk_Urne;1288;234;664;1;1942;223;143;346;576;103;11;265;70;205;7
2019;93102;93 Löbtau-Süd;15 Cotta, Löbtau, Naußlitz, Dölzschen;StB 9 Cotta/westliche Ortschaften;Wahlbezirk_Urne;1182;233;582;2;1677;151;130;311;437;79;5;282;62;220;13
2019;93200;93 Löbtau-Süd;15 Cotta, Löbtau, Naußlitz, Dölzschen;StB 9 Cotta/westliche Ortschaften;Wahlbezirk_Urne;1654;343;798;2;2308;259;150;406;693;135;20;245;103;297;15
2019;93300;93 Löbtau-Süd;15 Cotta, Löbtau, Naußlitz, Dölzschen;StB 9 Cotta/westliche Ortschaften;Wahlbezirk_Urne;1016;236;484;2;1353;166;129;228;379;81;8;158;64;140;8
2019;93400;93 Löbtau-Süd;15 Cotta, Löbtau, Naußlitz, Dölzschen;StB 9 Cotta/westliche Ortschaften;Wahlbezirk_Urne;950;173;508;0;1459;211;97;240;344;92;8;251;28;188;10
2019;93500;93 Löbtau-Süd;15 Cotta, Löbtau, Naußlitz, Dölzschen;StB 9 Cotta/westliche Ortschaften;Wahlbezirk_Urne;1361;300;686;3;2004;219;135;397;446;121;27;307;94;258;7
2019;93600;93 Löbtau-Süd;15 Cotta, Löbtau, Naußlitz, Dölzschen;StB 9 Cotta/westliche Ortschaften;Wahlbezirk_Urne;1635;369;743;3;2177;279;151;396;593;127;12;239;73;307;5
2019;94001;94 Naußlitz;15 Cotta, Löbtau, Naußlitz, Dölzschen;StB 9 Cotta/westliche Ortschaften;Wahlbezirk_Brief;0;0;821;821;2416;592;285;320;434;130;0;370;43;242;4
2019;94002;94 Naußlitz;15 Cotta, Löbtau, Naußlitz, Dölzschen;StB 9 Cotta/westliche Ortschaften;Wahlbezirk_Brief;0;0;612;612;1757;397;179;267;279;109;8;323;26;169;6
2019;94101;94 Naußlitz;15 Cotta, Löbtau, Naußlitz, Dölzschen;StB 9 Cotta/westliche Ortschaften;Wahlbezirk_Urne;958;168;427;0;1224;149;110;199;204;72;9;262;72;147;8
2019;94102;94 Naußlitz;15 Cotta, Löbtau, Naußlitz, Dölzschen;StB 9 Cotta/westliche Ortschaften;Wahlbezirk_Urne;959;164;399;0;1125;189;113;179;124;65;12;268;14;161;8
2019;94200;94 Naußlitz;15 Cotta, Löbtau, Naußlitz, Dölzschen;StB 9 Cotta/westliche Ortschaften;Wahlbezirk_Urne;1321;242;662;4;1904;342;148;323;286;95;13;424;46;227;10
2019;94400;94 Naußlitz;15 Cotta, Löbtau, Naußlitz, Dölzschen;StB 9 Cotta/westliche Ortschaften;Wahlbezirk_Urne;1069;248;534;1;1523;301;112;213;208;82;4;354;31;218;5
2019;94501;94 Naußlitz;15 Cotta, Löbtau, Naußlitz, Dölzschen;StB 9 Cotta/westliche Ortschaften;Wahlbezirk_Urne;990;284;521;1;1481;353;121;204;217;92;9;259;10;216;9
2019;94502;94 Naußlitz;15 Cotta, Löbtau, Naußlitz, Dölzschen;StB 9 Cotta/westliche Ortschaften;Wahlbezirk_Urne;894;176;525;1;1536;354;118;159;268;102;7;284;18;226;1
2019;94600;94 Naußlitz;15 Cotta, Löbtau, Naußlitz, Dölzschen;StB 9 Cotta/westliche Ortschaften;Wahlbezirk_Urne;1466;286;770;0;2226;338;176;279;359;139;27;591;41;276;11
2019;95000;95 Gorbitz-Süd;16 Gorbitz;StB 9 Cotta/westliche Ortschaften;Wahlbezirk_Brief;0;0;697;697;2027;401;290;397;191;77;16;440;39;176;10
2019;95100;95 Gorbitz-Süd;16 Gorbitz;StB 9 Cotta/westliche Ortschaften;Wahlbezirk_Urne;1597;170;520;3;1440;149;133;263;98;76;47;520;37;117;13
2019;95200;95 Gorbitz-Süd;16 Gorbitz;StB 9 Cotta/westliche Ortschaften;Wahlbezirk_Urne;1046;104;306;0;846;121;82;140;40;29;35;296;15;88;6
2019;95400;95 Gorbitz-Süd;16 Gorbitz;StB 9 Cotta/westliche Ortschaften;Wahlbezirk_Urne;860;126;296;1;797;135;100;149;68;32;4;228;9;72;13
2019;95500;95 Gorbitz-Süd;16 Gorbitz;StB 9 Cotta/westliche Ortschaften;Wahlbezirk_Urne;1402;242;547;0;1533;220;138;268;125;78;22;479;35;168;13
2019;95600;95 Gorbitz-Süd;16 Gorbitz;StB 9 Cotta/westliche Ortschaften;Wahlbezirk_Urne;1137;150;392;2;1088;118;127;146;60;36;28;453;17;103;11
2019;96000;96 Gorbitz-Ost;16 Gorbitz;StB 9 Cotta/westliche Ortschaften;Wahlbezirk_Brief;0;0;635;635;1817;343;246;429;174;114;19;345;33;114;5
2019;96100;96 Gorbitz-Ost;16 Gorbitz;StB 9 Cotta/westliche Ortschaften;Wahlbezirk_Urne;1455;229;581;0;1591;193;184;334;143;81;17;456;37;146;15
2019;96300;96 Gorbitz-Ost;16 Gorbitz;StB 9 Cotta/westliche Ortschaften;Wahlbezirk_Urne;1795;286;607;0;1655;248;151;282;128;92;13;558;35;148;23
2019;96600;96 Gorbitz-Ost;16 Gorbitz;StB 9 Cotta/westliche Ortschaften;Wahlbezirk_Urne;1742;199;578;3;1645;192;192;222;127;48;64;602;45;153;10
2019;97000;97 Gorbitz-Nord/Neu-Omsewitz;16 Gorbitz;StB 9 Cotta/westliche Ortschaften;Wahlbezirk_Brief;0;0;589;589;1700;303;244;391;158;63;25;326;25;165;12
2019;97100;97 Gorbitz-Nord/Neu-Omsewitz;16 Gorbitz;StB 9 Cotta/westliche Ortschaften;Wahlbezirk_Urne;1545;221;619;3;1759;239;164;357;148;72;25;514;61;179;19
2019;97300;97 Gorbitz-Nord/Neu-Omsewitz;16 Gorbitz;StB 9 Cotta/westliche Ortschaften;Wahlbezirk_Urne;1756;170;643;0;1790;267;133;363;138;68;58;515;51;197;27
2019;97600;97 Gorbitz-Nord/Neu-Omsewitz;16 Gorbitz;StB 9 Cotta/westliche Ortschaften;Wahlbezirk_Urne;1359;253;515;0;1461;224;136;266;127;61;26;470;32;119;11
2019;98001;98 Briesnitz;17 Briesnitz und westliche OS;StB 9 Cotta/westliche Ortschaften;Wahlbezirk_Brief;0;0;474;474;1403;365;121;179;167;88;4;343;15;121;3
2019;98002;98 Briesnitz;17 Briesnitz und westliche OS;StB 9 Cotta/westliche Ortschaften;Wahlbezirk_Brief;0;0;569;569;1663;376;151;236;245;134;14;296;32;179;11
2019;98003;98 Briesnitz;17 Briesnitz und westliche OS;StB 9 Cotta/westliche Ortschaften;Wahlbezirk_Brief;0;0;574;574;1664;365;185;217;311;119;2;326;21;118;11
2019;98100;98 Briesnitz;17 Briesnitz und westliche OS;StB 9 Cotta/westliche Ortschaften;Wahlbezirk_Urne;1440;227;697;0;1967;453;138;200;226;126;24;557;32;211;20
2019;98200;98 Briesnitz;17 Briesnitz und westliche OS;StB 9 Cotta/westliche Ortschaften;Wahlbezirk_Urne;1467;278;777;3;2230;501;189;281;316;128;6;560;37;212;14
2019;98300;98 Briesnitz;17 Briesnitz und westliche OS;StB 9 Cotta/westliche Ortschaften;Wahlbezirk_Urne;1358;264;730;1;2139;475;187;198;245;127;16;681;16;194;13
2019;98401;98 Briesnitz;17 Briesnitz und westliche OS;StB 9 Cotta/westliche Ortschaften;Wahlbezirk_Urne;1073;210;511;2;1458;277;124;196;234;67;21;352;29;158;10
2019;98402;98 Briesnitz;17 Briesnitz und westliche OS;StB 9 Cotta/westliche Ortschaften;Wahlbezirk_Urne;985;152;431;2;1220;201;78;171;125;71;17;364;37;156;6
2019;98500;98 Briesnitz;17 Briesnitz und westliche OS;StB 9 Cotta/westliche Ortschaften;Wahlbezirk_Urne;1504;361;760;0;2206;552;158;259;380;117;5;521;35;179;9
2019;98600;98 Briesnitz;17 Briesnitz und westliche OS;StB 9 Cotta/westliche Ortschaften;Wahlbezirk_Urne;1270;269;658;3;1911;415;142;220;321;122;15;457;33;186;4
2019;99010;99 Altfranken/Gompitz;17 Briesnitz und westliche OS;StB 9 Cotta/westliche Ortschaften;Wahlbezirk_Brief;0;0;544;544;1598;415;0;121;0;0;0;0;0;1062;2
2019;99110;99 Altfranken/Gompitz;17 Briesnitz und westliche OS;StB 9 Cotta/westliche Ortschaften;Wahlbezirk_Urne;1514;377;812;4;2318;567;0;180;0;0;0;0;0;1571;19
2019;99310;99 Altfranken/Gompitz;17 Briesnitz und westliche OS;StB 9 Cotta/westliche Ortschaften;Wahlbezirk_Urne;1120;211;629;2;1790;413;0;122;0;0;0;0;0;1255;16
2019;99810;99 Altfranken/Gompitz;17 Briesnitz und westliche OS;StB 9 Cotta/westliche Ortschaften;Wahlbezirk_Urne;910;145;702;121;1984;0;182;0;0;0;0;0;0;1802;16
